#2026 09 16 10:11:09.828#Z#DEBUG#d1c92348-b1b6-11f1-bf33-eeee0a8e3dbc.AiCap-srv#flowable-async-job-executor-thread-13103#
[PollStageAppStatusExecution] 75be55e4-f4e8-4a57-be2a-313bf42920d9 [2026-09-16T10:10:30.469314] Updated app with guid 75be55e4-f4e8-4a57-be2a-313bf42920d9 ({"lifecycle"=>{"data"=>{"buildpacks"=>["nodejs_buildpack"]}, "type"=>"buildpack"}}) (STDOUT, API)#
#2026 09 16 10:11:09.828#Z#DEBUG#d1c92348-b1b6-11f1-bf33-eeee0a8e3dbc.AiCap-srv#flowable-async-job-executor-thread-13103#
[PollStageAppStatusExecution] 75be55e4-f4e8-4a57-be2a-313bf42920d9 [2026-09-16T10:10:30.580574] Updating process: "web" (STDOUT, API)#
#2026 09 16 10:11:09.828#Z#DEBUG#d1c92348-b1b6-11f1-bf33-eeee0a8e3dbc.AiCap-srv#flowable-async-job-executor-thread-13103#
[PollStageAppStatusExecution] 75be55e4-f4e8-4a57-be2a-313bf42920d9 [2026-09-16T10:10:50.016125] Uploading app package for app with guid 75be55e4-f4e8-4a57-be2a-313bf42920d9 (STDOUT, API)#
#2026 09 16 10:11:09.828#Z#DEBUG#d1c92348-b1b6-11f1-bf33-eeee0a8e3dbc.AiCap-srv#flowable-async-job-executor-thread-13103#
[PollStageAppStatusExecution] 75be55e4-f4e8-4a57-be2a-313bf42920d9 [2026-09-16T10:10:50.212328] Updated app with guid 75be55e4-f4e8-4a57-be2a-313bf42920d9 ({"environment_variables"=>"[PRIVATE DATA HIDDEN]"}) (STDOUT, API)#
#2026 09 16 10:11:09.828#Z#DEBUG#d1c92348-b1b6-11f1-bf33-eeee0a8e3dbc.AiCap-srv#flowable-async-job-executor-thread-13103#
[PollStageAppStatusExecution] 75be55e4-f4e8-4a57-be2a-313bf42920d9 [2026-09-16T10:11:00.124707] Stopping app with guid 75be55e4-f4e8-4a57-be2a-313bf42920d9 (STDOUT, API)#
#2026 09 16 10:11:09.828#Z#DEBUG#d1c92348-b1b6-11f1-bf33-eeee0a8e3dbc.AiCap-srv#flowable-async-job-executor-thread-13103#
[PollStageAppStatusExecution] 75be55e4-f4e8-4a57-be2a-313bf42920d9 [2026-09-16T10:11:00.361589] Creating build for app with guid 75be55e4-f4e8-4a57-be2a-313bf42920d9 (STDOUT, API)#
#2026 09 16 10:11:09.828#Z#DEBUG#d1c92348-b1b6-11f1-bf33-eeee0a8e3dbc.AiCap-srv#flowable-async-job-executor-thread-13103#
[PollStageAppStatusExecution] 75be55e4-f4e8-4a57-be2a-313bf42920d9 [2026-09-16T10:11:00.824572] Downloading nodejs_buildpack... (STDOUT, STG)#
#2026 09 16 10:11:09.828#Z#DEBUG#d1c92348-b1b6-11f1-bf33-eeee0a8e3dbc.AiCap-srv#flowable-async-job-executor-thread-13103#
[PollStageAppStatusExecution] 75be55e4-f4e8-4a57-be2a-313bf42920d9 [2026-09-16T10:11:00.868874] Downloaded nodejs_buildpack (STDOUT, STG)#
#2026 09 16 10:11:09.828#Z#DEBUG#d1c92348-b1b6-11f1-bf33-eeee0a8e3dbc.AiCap-srv#flowable-async-job-executor-thread-13103#
[PollStageAppStatusExecution] 75be55e4-f4e8-4a57-be2a-313bf42920d9 [2026-09-16T10:11:00.868986] Cell 684caff8-89cd-492b-be01-b3d0835f1763 creating container for instance 525ac279-e750-42d2-bd0a-19664530153d (STDOUT, STG)#
#2026 09 16 10:11:09.828#Z#DEBUG#d1c92348-b1b6-11f1-bf33-eeee0a8e3dbc.AiCap-srv#flowable-async-job-executor-thread-13103#
[PollStageAppStatusExecution] 75be55e4-f4e8-4a57-be2a-313bf42920d9 [2026-09-16T10:11:01.670117] Security group rules were updated (STDOUT, STG)#
#2026 09 16 10:11:09.828#Z#DEBUG#d1c92348-b1b6-11f1-bf33-eeee0a8e3dbc.AiCap-srv#flowable-async-job-executor-thread-13103#
[PollStageAppStatusExecution] 75be55e4-f4e8-4a57-be2a-313bf42920d9 [2026-09-16T10:11:01.760552] Cell 684caff8-89cd-492b-be01-b3d0835f1763 successfully created container for instance 525ac279-e750-42d2-bd0a-19664530153d (STDOUT, STG)#
#2026 09 16 10:11:09.828#Z#DEBUG#d1c92348-b1b6-11f1-bf33-eeee0a8e3dbc.AiCap-srv#flowable-async-job-executor-thread-13103#
[PollStageAppStatusExecution] 75be55e4-f4e8-4a57-be2a-313bf42920d9 [2026-09-16T10:11:02.121330] Downloading app package... (STDOUT, STG)#
#2026 09 16 10:11:09.828#Z#DEBUG#d1c92348-b1b6-11f1-bf33-eeee0a8e3dbc.AiCap-srv#flowable-async-job-executor-thread-13103#
[PollStageAppStatusExecution] 75be55e4-f4e8-4a57-be2a-313bf42920d9 [2026-09-16T10:11:02.121391] Downloading build artifacts cache... (STDOUT, STG)#
#2026 09 16 10:11:09.828#Z#DEBUG#d1c92348-b1b6-11f1-bf33-eeee0a8e3dbc.AiCap-srv#flowable-async-job-executor-thread-13103#
[PollStageAppStatusExecution] 75be55e4-f4e8-4a57-be2a-313bf42920d9 [2026-09-16T10:11:02.202909] Downloaded build artifacts cache (220B) (STDOUT, STG)#
#2026 09 16 10:11:09.828#Z#DEBUG#d1c92348-b1b6-11f1-bf33-eeee0a8e3dbc.AiCap-srv#flowable-async-job-executor-thread-13103#
[PollStageAppStatusExecution] 75be55e4-f4e8-4a57-be2a-313bf42920d9 [2026-09-16T10:11:02.985886] Downloaded app package (7.1M) (STDOUT, STG)#
#2026 09 16 10:11:09.828#Z#DEBUG#d1c92348-b1b6-11f1-bf33-eeee0a8e3dbc.AiCap-srv#flowable-async-job-executor-thread-13103#
[PollStageAppStatusExecution] 75be55e4-f4e8-4a57-be2a-313bf42920d9 [2026-09-16T10:11:03.106080] -----> Nodejs Buildpack version 1.9.3 (STDOUT, STG)#
#2026 09 16 10:11:09.828#Z#DEBUG#d1c92348-b1b6-11f1-bf33-eeee0a8e3dbc.AiCap-srv#flowable-async-job-executor-thread-13103#
[PollStageAppStatusExecution] 75be55e4-f4e8-4a57-be2a-313bf42920d9 [2026-09-16T10:11:03.438704] -----> Bootstrapping python (STDOUT, STG)#
#2026 09 16 10:11:09.828#Z#DEBUG#d1c92348-b1b6-11f1-bf33-eeee0a8e3dbc.AiCap-srv#flowable-async-job-executor-thread-13103#
[PollStageAppStatusExecution] 75be55e4-f4e8-4a57-be2a-313bf42920d9 [2026-09-16T10:11:03.438744] -----> Installing python 3.13.14 (STDOUT, STG)#
#2026 09 16 10:11:09.828#Z#DEBUG#d1c92348-b1b6-11f1-bf33-eeee0a8e3dbc.AiCap-srv#flowable-async-job-executor-thread-13103#
[PollStageAppStatusExecution] 75be55e4-f4e8-4a57-be2a-313bf42920d9 [2026-09-16T10:11:03.438766] Copy [/tmp/buildpacks/336fb825d4d72bff/dependencies/4b4266a2ff36730aef37b88b668ca327/python_3.13.14_linux_x64_cflinuxfs4_b80d4954.tgz] (STDOUT, STG)#
#2026 09 16 10:11:09.828#Z#DEBUG#d1c92348-b1b6-11f1-bf33-eeee0a8e3dbc.AiCap-srv#flowable-async-job-executor-thread-13103#
[PollStageAppStatusExecution] 75be55e4-f4e8-4a57-be2a-313bf42920d9 [2026-09-16T10:11:07.940521] -----> Installing binaries (STDOUT, STG)#
#2026 09 16 10:11:09.828#Z#DEBUG#d1c92348-b1b6-11f1-bf33-eeee0a8e3dbc.AiCap-srv#flowable-async-job-executor-thread-13103#
[PollStageAppStatusExecution] 75be55e4-f4e8-4a57-be2a-313bf42920d9 [2026-09-16T10:11:07.940685] engines.node (package.json): ^24 (STDOUT, STG)#
#2026 09 16 10:11:09.828#Z#DEBUG#d1c92348-b1b6-11f1-bf33-eeee0a8e3dbc.AiCap-srv#flowable-async-job-executor-thread-13103#
[PollStageAppStatusExecution] 75be55e4-f4e8-4a57-be2a-313bf42920d9 [2026-09-16T10:11:07.940712] engines.npm (package.json): unspecified (use default) (STDOUT, STG)#
#2026 09 16 10:11:09.828#Z#DEBUG#d1c92348-b1b6-11f1-bf33-eeee0a8e3dbc.AiCap-srv#flowable-async-job-executor-thread-13103#
[PollStageAppStatusExecution] 75be55e4-f4e8-4a57-be2a-313bf42920d9 [2026-09-16T10:11:07.941181] -----> Installing node 24.18.0 (STDOUT, STG)#
#2026 09 16 10:11:09.828#Z#DEBUG#d1c92348-b1b6-11f1-bf33-eeee0a8e3dbc.AiCap-srv#flowable-async-job-executor-thread-13103#
[PollStageAppStatusExecution] 75be55e4-f4e8-4a57-be2a-313bf42920d9 [2026-09-16T10:11:07.941457] Copy [/tmp/buildpacks/336fb825d4d72bff/dependencies/dffbbb835fcd073c4544f78eb6247fac/node_24.18.0_linux_x64_cflinuxfs4_cdfed650.tgz] (STDOUT, STG)#
#2026 09 16 10:11:19.917#Z#DEBUG#d1c92348-b1b6-11f1-bf33-eeee0a8e3dbc.AiCap-srv#flowable-async-job-executor-thread-15943#
[PollStageAppStatusExecution] 75be55e4-f4e8-4a57-be2a-313bf42920d9 [2026-09-16T10:11:10.583300] Using default npm version: 11.16.0 (STDOUT, STG)#
#2026 09 16 10:11:19.917#Z#DEBUG#d1c92348-b1b6-11f1-bf33-eeee0a8e3dbc.AiCap-srv#flowable-async-job-executor-thread-15943#
[PollStageAppStatusExecution] 75be55e4-f4e8-4a57-be2a-313bf42920d9 [2026-09-16T10:11:10.583332] -----> Installing yarn 1.22.22 (STDOUT, STG)#
#2026 09 16 10:11:19.917#Z#DEBUG#d1c92348-b1b6-11f1-bf33-eeee0a8e3dbc.AiCap-srv#flowable-async-job-executor-thread-15943#
[PollStageAppStatusExecution] 75be55e4-f4e8-4a57-be2a-313bf42920d9 [2026-09-16T10:11:10.583368] Copy [/tmp/buildpacks/336fb825d4d72bff/dependencies/e4fe26756e9984a665478d350474fa2e/yarn_1.22.22_linux_noarch_any-stack_b6132b86.tgz] (STDOUT, STG)#
#2026 09 16 10:11:19.917#Z#DEBUG#d1c92348-b1b6-11f1-bf33-eeee0a8e3dbc.AiCap-srv#flowable-async-job-executor-thread-15943#
[PollStageAppStatusExecution] 75be55e4-f4e8-4a57-be2a-313bf42920d9 [2026-09-16T10:11:10.977913] Installed yarn 1.22.22 (STDOUT, STG)#
#2026 09 16 10:11:19.917#Z#DEBUG#d1c92348-b1b6-11f1-bf33-eeee0a8e3dbc.AiCap-srv#flowable-async-job-executor-thread-15943#
[PollStageAppStatusExecution] 75be55e4-f4e8-4a57-be2a-313bf42920d9 [2026-09-16T10:11:10.977956] -----> Creating runtime environment (STDOUT, STG)#
#2026 09 16 10:11:19.917#Z#DEBUG#d1c92348-b1b6-11f1-bf33-eeee0a8e3dbc.AiCap-srv#flowable-async-job-executor-thread-15943#
[PollStageAppStatusExecution] 75be55e4-f4e8-4a57-be2a-313bf42920d9 [2026-09-16T10:11:10.979562] NODE_ENV=production (STDOUT, STG)#
#2026 09 16 10:11:19.917#Z#DEBUG#d1c92348-b1b6-11f1-bf33-eeee0a8e3dbc.AiCap-srv#flowable-async-job-executor-thread-15943#
[PollStageAppStatusExecution] 75be55e4-f4e8-4a57-be2a-313bf42920d9 [2026-09-16T10:11:10.979671] NODE_HOME=/tmp/contents969948751/deps/0/node (STDOUT, STG)#
#2026 09 16 10:11:19.917#Z#DEBUG#d1c92348-b1b6-11f1-bf33-eeee0a8e3dbc.AiCap-srv#flowable-async-job-executor-thread-15943#
[PollStageAppStatusExecution] 75be55e4-f4e8-4a57-be2a-313bf42920d9 [2026-09-16T10:11:10.979781] NODE_MODULES_CACHE=true (STDOUT, STG)#
#2026 09 16 10:11:19.917#Z#DEBUG#d1c92348-b1b6-11f1-bf33-eeee0a8e3dbc.AiCap-srv#flowable-async-job-executor-thread-15943#
[PollStageAppStatusExecution] 75be55e4-f4e8-4a57-be2a-313bf42920d9 [2026-09-16T10:11:10.979930] NODE_VERBOSE=false (STDOUT, STG)#
#2026 09 16 10:11:19.917#Z#DEBUG#d1c92348-b1b6-11f1-bf33-eeee0a8e3dbc.AiCap-srv#flowable-async-job-executor-thread-15943#
[PollStageAppStatusExecution] 75be55e4-f4e8-4a57-be2a-313bf42920d9 [2026-09-16T10:11:10.980006] NPM_CONFIG_LOGLEVEL=error (STDOUT, STG)#
#2026 09 16 10:11:19.917#Z#DEBUG#d1c92348-b1b6-11f1-bf33-eeee0a8e3dbc.AiCap-srv#flowable-async-job-executor-thread-15943#
[PollStageAppStatusExecution] 75be55e4-f4e8-4a57-be2a-313bf42920d9 [2026-09-16T10:11:10.980092] NPM_CONFIG_PRODUCTION=true (STDOUT, STG)#
#2026 09 16 10:11:19.917#Z#DEBUG#d1c92348-b1b6-11f1-bf33-eeee0a8e3dbc.AiCap-srv#flowable-async-job-executor-thread-15943#
[PollStageAppStatusExecution] 75be55e4-f4e8-4a57-be2a-313bf42920d9 [2026-09-16T10:11:10.980135] -----> Building dependencies (STDOUT, STG)#
#2026 09 16 10:11:19.917#Z#DEBUG#d1c92348-b1b6-11f1-bf33-eeee0a8e3dbc.AiCap-srv#flowable-async-job-executor-thread-15943#
[PollStageAppStatusExecution] 75be55e4-f4e8-4a57-be2a-313bf42920d9 [2026-09-16T10:11:10.980170] Prebuild detected (node_modules already exists) (STDOUT, STG)#
#2026 09 16 10:11:19.917#Z#DEBUG#d1c92348-b1b6-11f1-bf33-eeee0a8e3dbc.AiCap-srv#flowable-async-job-executor-thread-15943#
[PollStageAppStatusExecution] 75be55e4-f4e8-4a57-be2a-313bf42920d9 [2026-09-16T10:11:10.980290] Rebuilding any native modules (STDOUT, STG)#
#2026 09 16 10:11:19.917#Z#DEBUG#d1c92348-b1b6-11f1-bf33-eeee0a8e3dbc.AiCap-srv#flowable-async-job-executor-thread-15943#
[PollStageAppStatusExecution] 75be55e4-f4e8-4a57-be2a-313bf42920d9 [2026-09-16T10:11:11.773801] rebuilt dependencies successfully (STDOUT, STG)#
#2026 09 16 10:11:19.917#Z#DEBUG#d1c92348-b1b6-11f1-bf33-eeee0a8e3dbc.AiCap-srv#flowable-async-job-executor-thread-15943#
[PollStageAppStatusExecution] 75be55e4-f4e8-4a57-be2a-313bf42920d9 [2026-09-16T10:11:11.776225] npm notice (STDOUT, STG)#
#2026 09 16 10:11:19.917#Z#DEBUG#d1c92348-b1b6-11f1-bf33-eeee0a8e3dbc.AiCap-srv#flowable-async-job-executor-thread-15943#
[PollStageAppStatusExecution] 75be55e4-f4e8-4a57-be2a-313bf42920d9 [2026-09-16T10:11:11.776251] npm notice New major version of npm available! 11.16.0 -> 12.0.2 (STDOUT, STG)#
#2026 09 16 10:11:19.917#Z#DEBUG#d1c92348-b1b6-11f1-bf33-eeee0a8e3dbc.AiCap-srv#flowable-async-job-executor-thread-15943#
[PollStageAppStatusExecution] 75be55e4-f4e8-4a57-be2a-313bf42920d9 [2026-09-16T10:11:11.776256] npm notice Changelog: https://github.com/npm/cli/releases/tag/v12.0.2 (STDOUT, STG)#
#2026 09 16 10:11:19.917#Z#DEBUG#d1c92348-b1b6-11f1-bf33-eeee0a8e3dbc.AiCap-srv#flowable-async-job-executor-thread-15943#
[PollStageAppStatusExecution] 75be55e4-f4e8-4a57-be2a-313bf42920d9 [2026-09-16T10:11:11.776260] npm notice To update run: npm install -g npm@12.0.2 (STDOUT, STG)#
#2026 09 16 10:11:19.917#Z#DEBUG#d1c92348-b1b6-11f1-bf33-eeee0a8e3dbc.AiCap-srv#flowable-async-job-executor-thread-15943#
[PollStageAppStatusExecution] 75be55e4-f4e8-4a57-be2a-313bf42920d9 [2026-09-16T10:11:11.776263] npm notice (STDOUT, STG)#
#2026 09 16 10:11:19.917#Z#DEBUG#d1c92348-b1b6-11f1-bf33-eeee0a8e3dbc.AiCap-srv#flowable-async-job-executor-thread-15943#
[PollStageAppStatusExecution] 75be55e4-f4e8-4a57-be2a-313bf42920d9 [2026-09-16T10:11:11.846577] Installing any new modules (package.json + package-lock.json) (STDOUT, STG)#
#2026 09 16 10:11:19.917#Z#DEBUG#d1c92348-b1b6-11f1-bf33-eeee0a8e3dbc.AiCap-srv#flowable-async-job-executor-thread-15943#
[PollStageAppStatusExecution] 75be55e4-f4e8-4a57-be2a-313bf42920d9 [2026-09-16T10:11:12.570213] up to date in 632ms (STDOUT, STG)#
#2026 09 16 10:11:19.917#Z#DEBUG#d1c92348-b1b6-11f1-bf33-eeee0a8e3dbc.AiCap-srv#flowable-async-job-executor-thread-15943#
[PollStageAppStatusExecution] 75be55e4-f4e8-4a57-be2a-313bf42920d9 [2026-09-16T10:11:12.570320] 32 packages are looking for funding (STDOUT, STG)#
#2026 09 16 10:11:19.917#Z#DEBUG#d1c92348-b1b6-11f1-bf33-eeee0a8e3dbc.AiCap-srv#flowable-async-job-executor-thread-15943#
[PollStageAppStatusExecution] 75be55e4-f4e8-4a57-be2a-313bf42920d9 [2026-09-16T10:11:12.570346] run `npm fund` for details (STDOUT, STG)#
#2026 09 16 10:11:19.917#Z#DEBUG#d1c92348-b1b6-11f1-bf33-eeee0a8e3dbc.AiCap-srv#flowable-async-job-executor-thread-15943#
[PollStageAppStatusExecution] 75be55e4-f4e8-4a57-be2a-313bf42920d9 [2026-09-16T10:11:13.690156] Contrast Security no credentials found. Will not write environment files. (STDOUT, STG)#
#2026 09 16 10:11:30.279#Z#DEBUG#d1c92348-b1b6-11f1-bf33-eeee0a8e3dbc.AiCap-srv#flowable-async-job-executor-thread-13112#
[PollStageAppStatusExecution] 75be55e4-f4e8-4a57-be2a-313bf42920d9 [2026-09-16T10:11:24.294126] Exit status 0 (STDOUT, STG)#
#2026 09 16 10:11:30.279#Z#DEBUG#d1c92348-b1b6-11f1-bf33-eeee0a8e3dbc.AiCap-srv#flowable-async-job-executor-thread-13112#
[PollStageAppStatusExecution] 75be55e4-f4e8-4a57-be2a-313bf42920d9 [2026-09-16T10:11:24.294192] Uploading droplet, build artifacts cache... (STDOUT, STG)#
#2026 09 16 10:11:30.279#Z#DEBUG#d1c92348-b1b6-11f1-bf33-eeee0a8e3dbc.AiCap-srv#flowable-async-job-executor-thread-13112#
[PollStageAppStatusExecution] 75be55e4-f4e8-4a57-be2a-313bf42920d9 [2026-09-16T10:11:24.294235] Uploading build artifacts cache... (STDOUT, STG)#
#2026 09 16 10:11:30.279#Z#DEBUG#d1c92348-b1b6-11f1-bf33-eeee0a8e3dbc.AiCap-srv#flowable-async-job-executor-thread-13112#
[PollStageAppStatusExecution] 75be55e4-f4e8-4a57-be2a-313bf42920d9 [2026-09-16T10:11:24.294264] Uploading droplet... (STDOUT, STG)#
#2026 09 16 10:11:30.279#Z#DEBUG#d1c92348-b1b6-11f1-bf33-eeee0a8e3dbc.AiCap-srv#flowable-async-job-executor-thread-13112#
[PollStageAppStatusExecution] 75be55e4-f4e8-4a57-be2a-313bf42920d9 [2026-09-16T10:11:24.318472] Uploaded build artifacts cache (221B) (STDOUT, STG)#
#2026 09 16 10:11:30.279#Z#DEBUG#d1c92348-b1b6-11f1-bf33-eeee0a8e3dbc.AiCap-srv#flowable-async-job-executor-thread-13112#
[PollStageAppStatusExecution] 75be55e4-f4e8-4a57-be2a-313bf42920d9 [2026-09-16T10:11:25.124408] Creating droplet for app with guid 75be55e4-f4e8-4a57-be2a-313bf42920d9 (STDOUT, API)#
#2026 09 16 10:11:30.279#Z#DEBUG#d1c92348-b1b6-11f1-bf33-eeee0a8e3dbc.AiCap-srv#flowable-async-job-executor-thread-13112#
[PollStageAppStatusExecution] 75be55e4-f4e8-4a57-be2a-313bf42920d9 [2026-09-16T10:11:27.197491] Uploaded droplet (62.8M) (STDOUT, STG)#
#2026 09 16 10:11:30.279#Z#DEBUG#d1c92348-b1b6-11f1-bf33-eeee0a8e3dbc.AiCap-srv#flowable-async-job-executor-thread-13112#
[PollStageAppStatusExecution] 75be55e4-f4e8-4a57-be2a-313bf42920d9 [2026-09-16T10:11:27.222398] Uploading complete (STDOUT, STG)#
#2026 09 16 10:11:30.279#Z#DEBUG#d1c92348-b1b6-11f1-bf33-eeee0a8e3dbc.AiCap-srv#flowable-async-job-executor-thread-13112#
[PollStageAppStatusExecution] 75be55e4-f4e8-4a57-be2a-313bf42920d9 [2026-09-16T10:11:28.228067] Cell 684caff8-89cd-492b-be01-b3d0835f1763 stopping instance 525ac279-e750-42d2-bd0a-19664530153d (STDOUT, STG)#
#2026 09 16 10:11:30.279#Z#DEBUG#d1c92348-b1b6-11f1-bf33-eeee0a8e3dbc.AiCap-srv#flowable-async-job-executor-thread-13112#
[PollStageAppStatusExecution] 75be55e4-f4e8-4a57-be2a-313bf42920d9 [2026-09-16T10:11:28.228116] Cell 684caff8-89cd-492b-be01-b3d0835f1763 destroying container for instance 525ac279-e750-42d2-bd0a-19664530153d (STDOUT, STG)#
#2026 09 16 10:11:30.279#Z#DEBUG#d1c92348-b1b6-11f1-bf33-eeee0a8e3dbc.AiCap-srv#flowable-async-job-executor-thread-13112#
[PollStageAppStatusExecution] 75be55e4-f4e8-4a57-be2a-313bf42920d9 [2026-09-16T10:11:28.286186] Staging complete for build 525ac279-e750-42d2-bd0a-19664530153d (STDOUT, API)#
#2026 09 16 10:11:40.286#Z#DEBUG#d1c92348-b1b6-11f1-bf33-eeee0a8e3dbc.AiCap-srv#flowable-async-job-executor-thread-13126#
[PollStartAppStatusExecution] 75be55e4-f4e8-4a57-be2a-313bf42920d9 [2026-09-16T10:11:30.341258] Updated app with guid 75be55e4-f4e8-4a57-be2a-313bf42920d9 ({:droplet_guid=>"ef2028ef-2ca3-4885-a81c-a581d6bb9c35"}) (STDOUT, API)#
#2026 09 16 10:11:40.286#Z#DEBUG#d1c92348-b1b6-11f1-bf33-eeee0a8e3dbc.AiCap-srv#flowable-async-job-executor-thread-13126#
[PollStartAppStatusExecution] 75be55e4-f4e8-4a57-be2a-313bf42920d9 [2026-09-16T10:11:30.543049] Creating revision for app with guid 75be55e4-f4e8-4a57-be2a-313bf42920d9 (STDOUT, API)#
#2026 09 16 10:11:40.286#Z#DEBUG#d1c92348-b1b6-11f1-bf33-eeee0a8e3dbc.AiCap-srv#flowable-async-job-executor-thread-13126#
[PollStartAppStatusExecution] 75be55e4-f4e8-4a57-be2a-313bf42920d9 [2026-09-16T10:11:30.586605] Starting app with guid 75be55e4-f4e8-4a57-be2a-313bf42920d9 (STDOUT, API)#
#2026 09 16 10:11:40.286#Z#DEBUG#d1c92348-b1b6-11f1-bf33-eeee0a8e3dbc.AiCap-srv#flowable-async-job-executor-thread-13126#
[PollStartAppStatusExecution] 75be55e4-f4e8-4a57-be2a-313bf42920d9 [2026-09-16T10:11:30.939328] Cell c839c7b1-088e-41af-b9b7-66256aacd457 creating container for instance b102e0b5-aa65-4067-6266-2b96 (STDOUT, CELL)#
#2026 09 16 10:11:40.286#Z#DEBUG#d1c92348-b1b6-11f1-bf33-eeee0a8e3dbc.AiCap-srv#flowable-async-job-executor-thread-13126#
[PollStartAppStatusExecution] 75be55e4-f4e8-4a57-be2a-313bf42920d9 [2026-09-16T10:11:30.988480] Cell 684caff8-89cd-492b-be01-b3d0835f1763 successfully destroyed container for instance 525ac279-e750-42d2-bd0a-19664530153d (STDOUT, STG)#
#2026 09 16 10:11:40.286#Z#DEBUG#d1c92348-b1b6-11f1-bf33-eeee0a8e3dbc.AiCap-srv#flowable-async-job-executor-thread-13126#
[PollStartAppStatusExecution] 75be55e4-f4e8-4a57-be2a-313bf42920d9 [2026-09-16T10:11:31.735121] Security group rules were updated (STDOUT, CELL)#
#2026 09 16 10:11:40.286#Z#DEBUG#d1c92348-b1b6-11f1-bf33-eeee0a8e3dbc.AiCap-srv#flowable-async-job-executor-thread-13126#
[PollStartAppStatusExecution] 75be55e4-f4e8-4a57-be2a-313bf42920d9 [2026-09-16T10:11:31.824483] Cell c839c7b1-088e-41af-b9b7-66256aacd457 successfully created container for instance b102e0b5-aa65-4067-6266-2b96 (STDOUT, CELL)#
#2026 09 16 10:11:40.286#Z#DEBUG#d1c92348-b1b6-11f1-bf33-eeee0a8e3dbc.AiCap-srv#flowable-async-job-executor-thread-13126#
[PollStartAppStatusExecution] 75be55e4-f4e8-4a57-be2a-313bf42920d9 [2026-09-16T10:11:32.873957] Downloading droplet... (STDOUT, CELL)#
#2026 09 16 10:11:40.286#Z#DEBUG#d1c92348-b1b6-11f1-bf33-eeee0a8e3dbc.AiCap-srv#flowable-async-job-executor-thread-13126#
[PollStartAppStatusExecution] 75be55e4-f4e8-4a57-be2a-313bf42920d9 [2026-09-16T10:11:36.944017] Downloaded droplet (62.8M) (STDOUT, CELL)#
#2026 09 16 10:11:40.286#Z#DEBUG#d1c92348-b1b6-11f1-bf33-eeee0a8e3dbc.AiCap-srv#flowable-async-job-executor-thread-13126#
[PollStartAppStatusExecution] 75be55e4-f4e8-4a57-be2a-313bf42920d9 [2026-09-16T10:11:36.944266] Starting health monitoring of container (STDOUT, CELL)#
#2026 09 16 10:11:40.286#Z#DEBUG#d1c92348-b1b6-11f1-bf33-eeee0a8e3dbc.AiCap-srv#flowable-async-job-executor-thread-13126#
[PollStartAppStatusExecution] 75be55e4-f4e8-4a57-be2a-313bf42920d9 [2026-09-16T10:11:37.090633] Invoking pre-start scripts. (STDOUT, APP/PROC/WEB)#
#2026 09 16 10:11:40.286#Z#DEBUG#d1c92348-b1b6-11f1-bf33-eeee0a8e3dbc.AiCap-srv#flowable-async-job-executor-thread-13126#
[PollStartAppStatusExecution] 75be55e4-f4e8-4a57-be2a-313bf42920d9 [2026-09-16T10:11:37.327456] Invoking start command. (STDOUT, APP/PROC/WEB)#
#2026 09 16 10:11:40.286#Z#DEBUG#d1c92348-b1b6-11f1-bf33-eeee0a8e3dbc.AiCap-srv#flowable-async-job-executor-thread-13126#
[PollStartAppStatusExecution] 75be55e4-f4e8-4a57-be2a-313bf42920d9 [2026-09-16T10:11:37.811209] > AiCap@1.0.0 start (STDOUT, APP/PROC/WEB)#
#2026 09 16 10:11:40.286#Z#DEBUG#d1c92348-b1b6-11f1-bf33-eeee0a8e3dbc.AiCap-srv#flowable-async-job-executor-thread-13126#
[PollStartAppStatusExecution] 75be55e4-f4e8-4a57-be2a-313bf42920d9 [2026-09-16T10:11:37.811239] > cds-serve (STDOUT, APP/PROC/WEB)#
#2026 09 16 10:11:40.286#Z#DEBUG#d1c92348-b1b6-11f1-bf33-eeee0a8e3dbc.AiCap-srv#flowable-async-job-executor-thread-13126#
[PollStartAppStatusExecution] 75be55e4-f4e8-4a57-be2a-313bf42920d9 [2026-09-16T10:11:38.143172] {"level":"info","logger":"cds","timestamp":"2026-09-16T10:11:38.141Z","layer":"cds","component_type":"application","container_id":"10.32.2.6","component_id":"75be55e4-f4e8-4a57-be2a-313bf42920d9","component_name":"AiCap-srv","component_instance":0,"source_instance":0,"organization_name":"5aaa8d8dtrial","organization_id":"cc2f7598-034a-422a-b46b-912aff1726b5","space_name":"dev","space_id":"aeb4407e-27ee-42fa-9b7c-bc76d021820d","msg":"loaded model from 1 file(s):\n ","type":"log"} (STDOUT, APP/PROC/WEB)#
#2026 09 16 10:11:40.286#Z#DEBUG#d1c92348-b1b6-11f1-bf33-eeee0a8e3dbc.AiCap-srv#flowable-async-job-executor-thread-13126#
[PollStartAppStatusExecution] 75be55e4-f4e8-4a57-be2a-313bf42920d9 [2026-09-16T10:11:38.143821] srv/csn.json (STDOUT, APP/PROC/WEB)#
#2026 09 16 10:11:40.286#Z#DEBUG#d1c92348-b1b6-11f1-bf33-eeee0a8e3dbc.AiCap-srv#flowable-async-job-executor-thread-13126#
[PollStartAppStatusExecution] 75be55e4-f4e8-4a57-be2a-313bf42920d9 [2026-09-16T10:11:38.350763] {"level":"info","logger":"cds","timestamp":"2026-09-16T10:11:38.349Z","layer":"cds","component_type":"application","container_id":"10.32.2.6","component_id":"75be55e4-f4e8-4a57-be2a-313bf42920d9","component_name":"AiCap-srv","component_instance":0,"source_instance":0,"organization_name":"5aaa8d8dtrial","organization_id":"cc2f7598-034a-422a-b46b-912aff1726b5","space_name":"dev","space_id":"aeb4407e-27ee-42fa-9b7c-bc76d021820d","msg":"connect to db > hana {\n  database_id: 'd7e226ec-d1db-485a-8583-3dc0d0aca49d',\n  host: 'd7e226ec-d1db-485a-8583-3dc0d0aca49d.hna0.prod-us10.hanacloud.ondemand.com',\n  port: '443',\n  driver: 'com.sap.db.jdbc.Driver',\n  url: 'jdbc:sap://d7e226ec-d1db-485a-8583-3dc0d0aca49d.hna0.prod-us10.hanacloud.ondemand.com:443?encrypt=true&validateCertificate=true&currentschema=9311B6CBD15E4D128387DBA8840204D3',\n  schema: '9311B6CBD15E4D128387DBA8840204D3',\n  certificate: '...',\n  hdi_user: '9311B6CBD15E4D128387DBA8840204D3_AVZFRWQVOPBC9YKG1QFD1UT2J_DT',\n  hdi_password: '...',\n  user: '9311B6CBD15E4D128387DBA8840204D3_AVZFRWQVOPBC9YKG1QFD1UT2J_RT',\n  password: '...'\n}","type":"log"} (STDOUT, APP/PROC/WEB)#
#2026 09 16 10:11:40.286#Z#DEBUG#d1c92348-b1b6-11f1-bf33-eeee0a8e3dbc.AiCap-srv#flowable-async-job-executor-thread-13126#
[PollStartAppStatusExecution] 75be55e4-f4e8-4a57-be2a-313bf42920d9 [2026-09-16T10:11:38.358971] file:///home/vcap/app/srv/cat-service.js:1 (STDERR, APP/PROC/WEB)#
#2026 09 16 10:11:40.286#Z#DEBUG#d1c92348-b1b6-11f1-bf33-eeee0a8e3dbc.AiCap-srv#flowable-async-job-executor-thread-13126#
[PollStartAppStatusExecution] 75be55e4-f4e8-4a57-be2a-313bf42920d9 [2026-09-16T10:11:38.359] module.exports = class CatalogService extends cds.ApplicationService { (STDERR, APP/PROC/WEB)#
#2026 09 16 10:11:40.286#Z#DEBUG#d1c92348-b1b6-11f1-bf33-eeee0a8e3dbc.AiCap-srv#flowable-async-job-executor-thread-13126#
[PollStartAppStatusExecution] 75be55e4-f4e8-4a57-be2a-313bf42920d9 [2026-09-16T10:11:38.359003] ^ (STDERR, APP/PROC/WEB)#
#2026 09 16 10:11:40.286#Z#DEBUG#d1c92348-b1b6-11f1-bf33-eeee0a8e3dbc.AiCap-srv#flowable-async-job-executor-thread-13126#
[PollStartAppStatusExecution] 75be55e4-f4e8-4a57-be2a-313bf42920d9 [2026-09-16T10:11:38.359007] ReferenceError: module is not defined in ES module scope (STDERR, APP/PROC/WEB)#
#2026 09 16 10:11:40.286#Z#DEBUG#d1c92348-b1b6-11f1-bf33-eeee0a8e3dbc.AiCap-srv#flowable-async-job-executor-thread-13126#
[PollStartAppStatusExecution] 75be55e4-f4e8-4a57-be2a-313bf42920d9 [2026-09-16T10:11:38.359016] This file is being treated as an ES module because it has a '.js' file extension and '/home/vcap/app/package.json' contains "type": "module". To treat it as a CommonJS script, rename it to use the '.cjs' file extension. (STDERR, APP/PROC/WEB)#
#2026 09 16 10:11:40.286#Z#DEBUG#d1c92348-b1b6-11f1-bf33-eeee0a8e3dbc.AiCap-srv#flowable-async-job-executor-thread-13126#
[PollStartAppStatusExecution] 75be55e4-f4e8-4a57-be2a-313bf42920d9 [2026-09-16T10:11:38.359018] at file:///home/vcap/app/srv/cat-service.js:1:1 (STDERR, APP/PROC/WEB)#
#2026 09 16 10:11:40.286#Z#DEBUG#d1c92348-b1b6-11f1-bf33-eeee0a8e3dbc.AiCap-srv#flowable-async-job-executor-thread-13126#
[PollStartAppStatusExecution] 75be55e4-f4e8-4a57-be2a-313bf42920d9 [2026-09-16T10:11:38.359021] at ModuleJob.run (node:internal/modules/esm/module_job:439:25) (STDERR, APP/PROC/WEB)#
#2026 09 16 10:11:40.286#Z#DEBUG#d1c92348-b1b6-11f1-bf33-eeee0a8e3dbc.AiCap-srv#flowable-async-job-executor-thread-13126#
[PollStartAppStatusExecution] 75be55e4-f4e8-4a57-be2a-313bf42920d9 [2026-09-16T10:11:38.359024] at async node:internal/modules/esm/loader:643:26 (STDERR, APP/PROC/WEB)#
#2026 09 16 10:11:40.286#Z#DEBUG#d1c92348-b1b6-11f1-bf33-eeee0a8e3dbc.AiCap-srv#flowable-async-job-executor-thread-13126#
[PollStartAppStatusExecution] 75be55e4-f4e8-4a57-be2a-313bf42920d9 [2026-09-16T10:11:38.359027] at async _use (/home/vcap/app/node_modules/@sap/cds/lib/srv/factory.js:32:14) (STDERR, APP/PROC/WEB)#
#2026 09 16 10:11:40.286#Z#DEBUG#d1c92348-b1b6-11f1-bf33-eeee0a8e3dbc.AiCap-srv#flowable-async-job-executor-thread-13126#
[PollStartAppStatusExecution] 75be55e4-f4e8-4a57-be2a-313bf42920d9 [2026-09-16T10:11:38.359029] at async Promise.all (index 0) (STDERR, APP/PROC/WEB)#
#2026 09 16 10:11:40.286#Z#DEBUG#d1c92348-b1b6-11f1-bf33-eeee0a8e3dbc.AiCap-srv#flowable-async-job-executor-thread-13126#
[PollStartAppStatusExecution] 75be55e4-f4e8-4a57-be2a-313bf42920d9 [2026-09-16T10:11:38.359035] at async _cds_serve (/home/vcap/app/node_modules/@sap/cds/lib/srv/cds-serve.js:32:16) (STDERR, APP/PROC/WEB)#
#2026 09 16 10:11:40.286#Z#DEBUG#d1c92348-b1b6-11f1-bf33-eeee0a8e3dbc.AiCap-srv#flowable-async-job-executor-thread-13126#
[PollStartAppStatusExecution] 75be55e4-f4e8-4a57-be2a-313bf42920d9 [2026-09-16T10:11:38.359038] at async cds_server (/home/vcap/app/node_modules/@sap/cds/server.js:61:3) (STDERR, APP/PROC/WEB)#
#2026 09 16 10:11:40.286#Z#DEBUG#d1c92348-b1b6-11f1-bf33-eeee0a8e3dbc.AiCap-srv#flowable-async-job-executor-thread-13126#
[PollStartAppStatusExecution] 75be55e4-f4e8-4a57-be2a-313bf42920d9 [2026-09-16T10:11:38.359040] at async serve (/home/vcap/app/node_modules/@sap/cds/bin/serve.js:207:18) (STDERR, APP/PROC/WEB)#
#2026 09 16 10:11:40.286#Z#DEBUG#d1c92348-b1b6-11f1-bf33-eeee0a8e3dbc.AiCap-srv#flowable-async-job-executor-thread-13126#
[PollStartAppStatusExecution] 75be55e4-f4e8-4a57-be2a-313bf42920d9 [2026-09-16T10:11:38.359042] Node.js v24.18.0 (STDERR, APP/PROC/WEB)#
#2026 09 16 10:11:40.286#Z#DEBUG#d1c92348-b1b6-11f1-bf33-eeee0a8e3dbc.AiCap-srv#flowable-async-job-executor-thread-13126#
[PollStartAppStatusExecution] 75be55e4-f4e8-4a57-be2a-313bf42920d9 [2026-09-16T10:11:38.376923] npm notice (STDERR, APP/PROC/WEB)#
#2026 09 16 10:11:40.286#Z#DEBUG#d1c92348-b1b6-11f1-bf33-eeee0a8e3dbc.AiCap-srv#flowable-async-job-executor-thread-13126#
[PollStartAppStatusExecution] 75be55e4-f4e8-4a57-be2a-313bf42920d9 [2026-09-16T10:11:38.376957] npm notice New major version of npm available! 11.16.0 -> 12.0.2 (STDERR, APP/PROC/WEB)#
#2026 09 16 10:11:40.286#Z#DEBUG#d1c92348-b1b6-11f1-bf33-eeee0a8e3dbc.AiCap-srv#flowable-async-job-executor-thread-13126#
[PollStartAppStatusExecution] 75be55e4-f4e8-4a57-be2a-313bf42920d9 [2026-09-16T10:11:38.376963] npm notice Changelog: https://github.com/npm/cli/releases/tag/v12.0.2 (STDERR, APP/PROC/WEB)#
#2026 09 16 10:11:40.286#Z#DEBUG#d1c92348-b1b6-11f1-bf33-eeee0a8e3dbc.AiCap-srv#flowable-async-job-executor-thread-13126#
[PollStartAppStatusExecution] 75be55e4-f4e8-4a57-be2a-313bf42920d9 [2026-09-16T10:11:38.376966] npm notice To update run: npm install -g npm@12.0.2 (STDERR, APP/PROC/WEB)#
#2026 09 16 10:11:40.286#Z#DEBUG#d1c92348-b1b6-11f1-bf33-eeee0a8e3dbc.AiCap-srv#flowable-async-job-executor-thread-13126#
[PollStartAppStatusExecution] 75be55e4-f4e8-4a57-be2a-313bf42920d9 [2026-09-16T10:11:38.376969] npm notice (STDERR, APP/PROC/WEB)#
#2026 09 16 10:11:40.286#Z#DEBUG#d1c92348-b1b6-11f1-bf33-eeee0a8e3dbc.AiCap-srv#flowable-async-job-executor-thread-13126#
[PollStartAppStatusExecution] 75be55e4-f4e8-4a57-be2a-313bf42920d9 [2026-09-16T10:11:38.450154] Exit status 1 (STDOUT, APP/PROC/WEB)#
#2026 09 16 10:11:50.348#Z#DEBUG#d1c92348-b1b6-11f1-bf33-eeee0a8e3dbc.AiCap-srv#flowable-async-job-executor-thread-15967#
[PollStartAppStatusExecution] 75be55e4-f4e8-4a57-be2a-313bf42920d9 [2026-09-16T10:11:44.590477] Cell c839c7b1-088e-41af-b9b7-66256aacd457 stopping instance b102e0b5-aa65-4067-6266-2b96 (STDOUT, CELL)#
#2026 09 16 10:11:50.348#Z#DEBUG#d1c92348-b1b6-11f1-bf33-eeee0a8e3dbc.AiCap-srv#flowable-async-job-executor-thread-15967#
[PollStartAppStatusExecution] 75be55e4-f4e8-4a57-be2a-313bf42920d9 [2026-09-16T10:11:44.590521] Cell c839c7b1-088e-41af-b9b7-66256aacd457 destroying container for instance b102e0b5-aa65-4067-6266-2b96 (STDOUT, CELL)#
#2026 09 16 10:11:50.348#Z#DEBUG#d1c92348-b1b6-11f1-bf33-eeee0a8e3dbc.AiCap-srv#flowable-async-job-executor-thread-15967#
[PollStartAppStatusExecution] 75be55e4-f4e8-4a57-be2a-313bf42920d9 [2026-09-16T10:11:44.600811] Process has crashed with type: "web" (STDOUT, API)#
#2026 09 16 10:11:50.348#Z#DEBUG#d1c92348-b1b6-11f1-bf33-eeee0a8e3dbc.AiCap-srv#flowable-async-job-executor-thread-15967#
[PollStartAppStatusExecution] 75be55e4-f4e8-4a57-be2a-313bf42920d9 [2026-09-16T10:11:44.613492] App instance exited with guid 75be55e4-f4e8-4a57-be2a-313bf42920d9 payload: {"instance"=>"b102e0b5-aa65-4067-6266-2b96", "index"=>0, "cell_id"=>"c839c7b1-088e-41af-b9b7-66256aacd457", "reason"=>"CRASHED", "exit_description"=>"APP/PROC/WEB: Exited with status 1", "crash_count"=>1, "crash_timestamp"=>1789553504562954538, "version"=>"1656d32e-aaa6-42fa-8572-cc7719b587c8"} (STDOUT, API)#
#2026 09 16 10:11:50.348#Z#DEBUG#d1c92348-b1b6-11f1-bf33-eeee0a8e3dbc.AiCap-srv#flowable-async-job-executor-thread-15967#
[PollStartAppStatusExecution] 75be55e4-f4e8-4a57-be2a-313bf42920d9 [2026-09-16T10:11:44.745714] Cell 684caff8-89cd-492b-be01-b3d0835f1763 creating container for instance 26c877fe-f703-46cc-79b1-f128 (STDOUT, CELL)#
#2026 09 16 10:11:50.348#Z#DEBUG#d1c92348-b1b6-11f1-bf33-eeee0a8e3dbc.AiCap-srv#flowable-async-job-executor-thread-15967#
[PollStartAppStatusExecution] 75be55e4-f4e8-4a57-be2a-313bf42920d9 [2026-09-16T10:11:44.809526] Exit status 137 (STDOUT, PROXY)#
#2026 09 16 10:11:50.348#Z#DEBUG#d1c92348-b1b6-11f1-bf33-eeee0a8e3dbc.AiCap-srv#flowable-async-job-executor-thread-15967#
[PollStartAppStatusExecution] 75be55e4-f4e8-4a57-be2a-313bf42920d9 [2026-09-16T10:11:45.546358] Security group rules were updated (STDOUT, CELL)#
#2026 09 16 10:11:50.348#Z#DEBUG#d1c92348-b1b6-11f1-bf33-eeee0a8e3dbc.AiCap-srv#flowable-async-job-executor-thread-15967#
[PollStartAppStatusExecution] 75be55e4-f4e8-4a57-be2a-313bf42920d9 [2026-09-16T10:11:45.654549] Cell 684caff8-89cd-492b-be01-b3d0835f1763 successfully created container for instance 26c877fe-f703-46cc-79b1-f128 (STDOUT, CELL)#
#2026 09 16 10:11:50.348#Z#DEBUG#d1c92348-b1b6-11f1-bf33-eeee0a8e3dbc.AiCap-srv#flowable-async-job-executor-thread-15967#
[PollStartAppStatusExecution] 75be55e4-f4e8-4a57-be2a-313bf42920d9 [2026-09-16T10:11:46.184675] Downloading droplet... (STDOUT, CELL)#
#2026 09 16 10:11:50.348#Z#DEBUG#d1c92348-b1b6-11f1-bf33-eeee0a8e3dbc.AiCap-srv#flowable-async-job-executor-thread-15967#
[PollStartAppStatusExecution] 75be55e4-f4e8-4a57-be2a-313bf42920d9 [2026-09-16T10:11:46.904759] Cell c839c7b1-088e-41af-b9b7-66256aacd457 successfully destroyed container for instance b102e0b5-aa65-4067-6266-2b96 (STDOUT, CELL)#
#2026 09 16 10:12:00.459#Z#DEBUG#d1c92348-b1b6-11f1-bf33-eeee0a8e3dbc.AiCap-srv#flowable-async-job-executor-thread-13137#
[PollStartAppStatusExecution] 75be55e4-f4e8-4a57-be2a-313bf42920d9 [2026-09-16T10:11:50.260331] Downloaded droplet (62.8M) (STDOUT, CELL)#
#2026 09 16 10:12:00.459#Z#DEBUG#d1c92348-b1b6-11f1-bf33-eeee0a8e3dbc.AiCap-srv#flowable-async-job-executor-thread-13137#
[PollStartAppStatusExecution] 75be55e4-f4e8-4a57-be2a-313bf42920d9 [2026-09-16T10:11:50.260550] Starting health monitoring of container (STDOUT, CELL)#
#2026 09 16 10:12:00.459#Z#DEBUG#d1c92348-b1b6-11f1-bf33-eeee0a8e3dbc.AiCap-srv#flowable-async-job-executor-thread-13137#
[PollStartAppStatusExecution] 75be55e4-f4e8-4a57-be2a-313bf42920d9 [2026-09-16T10:11:50.409720] Invoking pre-start scripts. (STDOUT, APP/PROC/WEB)#
#2026 09 16 10:12:00.459#Z#DEBUG#d1c92348-b1b6-11f1-bf33-eeee0a8e3dbc.AiCap-srv#flowable-async-job-executor-thread-13137#
[PollStartAppStatusExecution] 75be55e4-f4e8-4a57-be2a-313bf42920d9 [2026-09-16T10:11:50.656234] Invoking start command. (STDOUT, APP/PROC/WEB)#
#2026 09 16 10:12:00.459#Z#DEBUG#d1c92348-b1b6-11f1-bf33-eeee0a8e3dbc.AiCap-srv#flowable-async-job-executor-thread-13137#
[PollStartAppStatusExecution] 75be55e4-f4e8-4a57-be2a-313bf42920d9 [2026-09-16T10:11:51.185565] > AiCap@1.0.0 start (STDOUT, APP/PROC/WEB)#
#2026 09 16 10:12:00.459#Z#DEBUG#d1c92348-b1b6-11f1-bf33-eeee0a8e3dbc.AiCap-srv#flowable-async-job-executor-thread-13137#
[PollStartAppStatusExecution] 75be55e4-f4e8-4a57-be2a-313bf42920d9 [2026-09-16T10:11:51.185603] > cds-serve (STDOUT, APP/PROC/WEB)#
#2026 09 16 10:12:00.459#Z#DEBUG#d1c92348-b1b6-11f1-bf33-eeee0a8e3dbc.AiCap-srv#flowable-async-job-executor-thread-13137#
[PollStartAppStatusExecution] 75be55e4-f4e8-4a57-be2a-313bf42920d9 [2026-09-16T10:11:51.513455] {"level":"info","logger":"cds","timestamp":"2026-09-16T10:11:51.511Z","layer":"cds","component_type":"application","container_id":"10.32.1.6","component_id":"75be55e4-f4e8-4a57-be2a-313bf42920d9","component_name":"AiCap-srv","component_instance":0,"source_instance":0,"organization_name":"5aaa8d8dtrial","organization_id":"cc2f7598-034a-422a-b46b-912aff1726b5","space_name":"dev","space_id":"aeb4407e-27ee-42fa-9b7c-bc76d021820d","msg":"loaded model from 1 file(s):\n ","type":"log"} (STDOUT, APP/PROC/WEB)#
#2026 09 16 10:12:00.459#Z#DEBUG#d1c92348-b1b6-11f1-bf33-eeee0a8e3dbc.AiCap-srv#flowable-async-job-executor-thread-13137#
[PollStartAppStatusExecution] 75be55e4-f4e8-4a57-be2a-313bf42920d9 [2026-09-16T10:11:51.514033] srv/csn.json (STDOUT, APP/PROC/WEB)#
#2026 09 16 10:12:00.459#Z#DEBUG#d1c92348-b1b6-11f1-bf33-eeee0a8e3dbc.AiCap-srv#flowable-async-job-executor-thread-13137#
[PollStartAppStatusExecution] 75be55e4-f4e8-4a57-be2a-313bf42920d9 [2026-09-16T10:11:51.739002] {"level":"info","logger":"cds","timestamp":"2026-09-16T10:11:51.737Z","layer":"cds","component_type":"application","container_id":"10.32.1.6","component_id":"75be55e4-f4e8-4a57-be2a-313bf42920d9","component_name":"AiCap-srv","component_instance":0,"source_instance":0,"organization_name":"5aaa8d8dtrial","organization_id":"cc2f7598-034a-422a-b46b-912aff1726b5","space_name":"dev","space_id":"aeb4407e-27ee-42fa-9b7c-bc76d021820d","msg":"connect to db > hana {\n  database_id: 'd7e226ec-d1db-485a-8583-3dc0d0aca49d',\n  host: 'd7e226ec-d1db-485a-8583-3dc0d0aca49d.hna0.prod-us10.hanacloud.ondemand.com',\n  port: '443',\n  driver: 'com.sap.db.jdbc.Driver',\n  url: 'jdbc:sap://d7e226ec-d1db-485a-8583-3dc0d0aca49d.hna0.prod-us10.hanacloud.ondemand.com:443?encrypt=true&validateCertificate=true&currentschema=9311B6CBD15E4D128387DBA8840204D3',\n  schema: '9311B6CBD15E4D128387DBA8840204D3',\n  certificate: '...',\n  hdi_user: '9311B6CBD15E4D128387DBA8840204D3_AVZFRWQVOPBC9YKG1QFD1UT2J_DT',\n  hdi_password: '...',\n  user: '9311B6CBD15E4D128387DBA8840204D3_AVZFRWQVOPBC9YKG1QFD1UT2J_RT',\n  password: '...'\n}","type":"log"} (STDOUT, APP/PROC/WEB)#
#2026 09 16 10:12:00.459#Z#DEBUG#d1c92348-b1b6-11f1-bf33-eeee0a8e3dbc.AiCap-srv#flowable-async-job-executor-thread-13137#
[PollStartAppStatusExecution] 75be55e4-f4e8-4a57-be2a-313bf42920d9 [2026-09-16T10:11:51.754557] file:///home/vcap/app/srv/cat-service.js:1 (STDERR, APP/PROC/WEB)#
#2026 09 16 10:12:00.459#Z#DEBUG#d1c92348-b1b6-11f1-bf33-eeee0a8e3dbc.AiCap-srv#flowable-async-job-executor-thread-13137#
[PollStartAppStatusExecution] 75be55e4-f4e8-4a57-be2a-313bf42920d9 [2026-09-16T10:11:51.754592] module.exports = class CatalogService extends cds.ApplicationService { (STDERR, APP/PROC/WEB)#
#2026 09 16 10:12:00.459#Z#DEBUG#d1c92348-b1b6-11f1-bf33-eeee0a8e3dbc.AiCap-srv#flowable-async-job-executor-thread-13137#
[PollStartAppStatusExecution] 75be55e4-f4e8-4a57-be2a-313bf42920d9 [2026-09-16T10:11:51.754609] ^ (STDERR, APP/PROC/WEB)#
#2026 09 16 10:12:00.459#Z#DEBUG#d1c92348-b1b6-11f1-bf33-eeee0a8e3dbc.AiCap-srv#flowable-async-job-executor-thread-13137#
[PollStartAppStatusExecution] 75be55e4-f4e8-4a57-be2a-313bf42920d9 [2026-09-16T10:11:51.754615] ReferenceError: module is not defined in ES module scope (STDERR, APP/PROC/WEB)#
#2026 09 16 10:12:00.459#Z#DEBUG#d1c92348-b1b6-11f1-bf33-eeee0a8e3dbc.AiCap-srv#flowable-async-job-executor-thread-13137#
[PollStartAppStatusExecution] 75be55e4-f4e8-4a57-be2a-313bf42920d9 [2026-09-16T10:11:51.754622] This file is being treated as an ES module because it has a '.js' file extension and '/home/vcap/app/package.json' contains "type": "module". To treat it as a CommonJS script, rename it to use the '.cjs' file extension. (STDERR, APP/PROC/WEB)#
#2026 09 16 10:12:00.459#Z#DEBUG#d1c92348-b1b6-11f1-bf33-eeee0a8e3dbc.AiCap-srv#flowable-async-job-executor-thread-13137#
[PollStartAppStatusExecution] 75be55e4-f4e8-4a57-be2a-313bf42920d9 [2026-09-16T10:11:51.754625] at file:///home/vcap/app/srv/cat-service.js:1:1 (STDERR, APP/PROC/WEB)#
#2026 09 16 10:12:00.459#Z#DEBUG#d1c92348-b1b6-11f1-bf33-eeee0a8e3dbc.AiCap-srv#flowable-async-job-executor-thread-13137#
[PollStartAppStatusExecution] 75be55e4-f4e8-4a57-be2a-313bf42920d9 [2026-09-16T10:11:51.754633] at ModuleJob.run (node:internal/modules/esm/module_job:439:25) (STDERR, APP/PROC/WEB)#
#2026 09 16 10:12:00.459#Z#DEBUG#d1c92348-b1b6-11f1-bf33-eeee0a8e3dbc.AiCap-srv#flowable-async-job-executor-thread-13137#
[PollStartAppStatusExecution] 75be55e4-f4e8-4a57-be2a-313bf42920d9 [2026-09-16T10:11:51.754636] at async node:internal/modules/esm/loader:643:26 (STDERR, APP/PROC/WEB)#
#2026 09 16 10:12:00.459#Z#DEBUG#d1c92348-b1b6-11f1-bf33-eeee0a8e3dbc.AiCap-srv#flowable-async-job-executor-thread-13137#
[PollStartAppStatusExecution] 75be55e4-f4e8-4a57-be2a-313bf42920d9 [2026-09-16T10:11:51.754642] at async _use (/home/vcap/app/node_modules/@sap/cds/lib/srv/factory.js:32:14) (STDERR, APP/PROC/WEB)#
#2026 09 16 10:12:00.459#Z#DEBUG#d1c92348-b1b6-11f1-bf33-eeee0a8e3dbc.AiCap-srv#flowable-async-job-executor-thread-13137#
[PollStartAppStatusExecution] 75be55e4-f4e8-4a57-be2a-313bf42920d9 [2026-09-16T10:11:51.754646] at async Promise.all (index 0) (STDERR, APP/PROC/WEB)#
#2026 09 16 10:12:00.459#Z#DEBUG#d1c92348-b1b6-11f1-bf33-eeee0a8e3dbc.AiCap-srv#flowable-async-job-executor-thread-13137#
[PollStartAppStatusExecution] 75be55e4-f4e8-4a57-be2a-313bf42920d9 [2026-09-16T10:11:51.754650] at async _cds_serve (/home/vcap/app/node_modules/@sap/cds/lib/srv/cds-serve.js:32:16) (STDERR, APP/PROC/WEB)#
#2026 09 16 10:12:00.459#Z#DEBUG#d1c92348-b1b6-11f1-bf33-eeee0a8e3dbc.AiCap-srv#flowable-async-job-executor-thread-13137#
[PollStartAppStatusExecution] 75be55e4-f4e8-4a57-be2a-313bf42920d9 [2026-09-16T10:11:51.754654] at async cds_server (/home/vcap/app/node_modules/@sap/cds/server.js:61:3) (STDERR, APP/PROC/WEB)#
#2026 09 16 10:12:00.459#Z#DEBUG#d1c92348-b1b6-11f1-bf33-eeee0a8e3dbc.AiCap-srv#flowable-async-job-executor-thread-13137#
[PollStartAppStatusExecution] 75be55e4-f4e8-4a57-be2a-313bf42920d9 [2026-09-16T10:11:51.754658] at async serve (/home/vcap/app/node_modules/@sap/cds/bin/serve.js:207:18) (STDERR, APP/PROC/WEB)#
#2026 09 16 10:12:00.459#Z#DEBUG#d1c92348-b1b6-11f1-bf33-eeee0a8e3dbc.AiCap-srv#flowable-async-job-executor-thread-13137#
[PollStartAppStatusExecution] 75be55e4-f4e8-4a57-be2a-313bf42920d9 [2026-09-16T10:11:51.754756] Node.js v24.18.0 (STDERR, APP/PROC/WEB)#
#2026 09 16 10:12:00.459#Z#DEBUG#d1c92348-b1b6-11f1-bf33-eeee0a8e3dbc.AiCap-srv#flowable-async-job-executor-thread-13137#
[PollStartAppStatusExecution] 75be55e4-f4e8-4a57-be2a-313bf42920d9 [2026-09-16T10:11:51.773696] npm notice (STDERR, APP/PROC/WEB)#
#2026 09 16 10:12:00.459#Z#DEBUG#d1c92348-b1b6-11f1-bf33-eeee0a8e3dbc.AiCap-srv#flowable-async-job-executor-thread-13137#
[PollStartAppStatusExecution] 75be55e4-f4e8-4a57-be2a-313bf42920d9 [2026-09-16T10:11:51.773730] npm notice New major version of npm available! 11.16.0 -> 12.0.2 (STDERR, APP/PROC/WEB)#
#2026 09 16 10:12:00.459#Z#DEBUG#d1c92348-b1b6-11f1-bf33-eeee0a8e3dbc.AiCap-srv#flowable-async-job-executor-thread-13137#
[PollStartAppStatusExecution] 75be55e4-f4e8-4a57-be2a-313bf42920d9 [2026-09-16T10:11:51.773736] npm notice Changelog: https://github.com/npm/cli/releases/tag/v12.0.2 (STDERR, APP/PROC/WEB)#
#2026 09 16 10:12:00.459#Z#DEBUG#d1c92348-b1b6-11f1-bf33-eeee0a8e3dbc.AiCap-srv#flowable-async-job-executor-thread-13137#
[PollStartAppStatusExecution] 75be55e4-f4e8-4a57-be2a-313bf42920d9 [2026-09-16T10:11:51.773748] npm notice To update run: npm install -g npm@12.0.2 (STDERR, APP/PROC/WEB)#
#2026 09 16 10:12:00.459#Z#DEBUG#d1c92348-b1b6-11f1-bf33-eeee0a8e3dbc.AiCap-srv#flowable-async-job-executor-thread-13137#
[PollStartAppStatusExecution] 75be55e4-f4e8-4a57-be2a-313bf42920d9 [2026-09-16T10:11:51.773753] npm notice (STDERR, APP/PROC/WEB)#
#2026 09 16 10:12:00.459#Z#DEBUG#d1c92348-b1b6-11f1-bf33-eeee0a8e3dbc.AiCap-srv#flowable-async-job-executor-thread-13137#
[PollStartAppStatusExecution] 75be55e4-f4e8-4a57-be2a-313bf42920d9 [2026-09-16T10:11:51.858772] Exit status 1 (STDOUT, APP/PROC/WEB)#
#2026 09 16 10:12:00.459#Z#DEBUG#d1c92348-b1b6-11f1-bf33-eeee0a8e3dbc.AiCap-srv#flowable-async-job-executor-thread-13137#
[PollStartAppStatusExecution] 75be55e4-f4e8-4a57-be2a-313bf42920d9 [2026-09-16T10:11:58.096196] Cell 684caff8-89cd-492b-be01-b3d0835f1763 stopping instance 26c877fe-f703-46cc-79b1-f128 (STDOUT, CELL)#
#2026 09 16 10:12:00.459#Z#DEBUG#d1c92348-b1b6-11f1-bf33-eeee0a8e3dbc.AiCap-srv#flowable-async-job-executor-thread-13137#
[PollStartAppStatusExecution] 75be55e4-f4e8-4a57-be2a-313bf42920d9 [2026-09-16T10:11:58.096253] Cell 684caff8-89cd-492b-be01-b3d0835f1763 destroying container for instance 26c877fe-f703-46cc-79b1-f128 (STDOUT, CELL)#
#2026 09 16 10:12:00.459#Z#DEBUG#d1c92348-b1b6-11f1-bf33-eeee0a8e3dbc.AiCap-srv#flowable-async-job-executor-thread-13137#
[PollStartAppStatusExecution] 75be55e4-f4e8-4a57-be2a-313bf42920d9 [2026-09-16T10:11:58.100449] Process has crashed with type: "web" (STDOUT, API)#
#2026 09 16 10:12:00.459#Z#DEBUG#d1c92348-b1b6-11f1-bf33-eeee0a8e3dbc.AiCap-srv#flowable-async-job-executor-thread-13137#
[PollStartAppStatusExecution] 75be55e4-f4e8-4a57-be2a-313bf42920d9 [2026-09-16T10:11:58.120134] App instance exited with guid 75be55e4-f4e8-4a57-be2a-313bf42920d9 payload: {"instance"=>"26c877fe-f703-46cc-79b1-f128", "index"=>0, "cell_id"=>"684caff8-89cd-492b-be01-b3d0835f1763", "reason"=>"CRASHED", "exit_description"=>"APP/PROC/WEB: Exited with status 1", "crash_count"=>2, "crash_timestamp"=>1789553518077188464, "version"=>"1656d32e-aaa6-42fa-8572-cc7719b587c8"} (STDOUT, API)#
#2026 09 16 10:12:00.459#Z#DEBUG#d1c92348-b1b6-11f1-bf33-eeee0a8e3dbc.AiCap-srv#flowable-async-job-executor-thread-13137#
[PollStartAppStatusExecution] 75be55e4-f4e8-4a57-be2a-313bf42920d9 [2026-09-16T10:11:58.236771] Cell c839c7b1-088e-41af-b9b7-66256aacd457 creating container for instance 11b1852f-917a-4d34-6074-2a9c (STDOUT, CELL)#
#2026 09 16 10:12:00.459#Z#DEBUG#d1c92348-b1b6-11f1-bf33-eeee0a8e3dbc.AiCap-srv#flowable-async-job-executor-thread-13137#
[PollStartAppStatusExecution] 75be55e4-f4e8-4a57-be2a-313bf42920d9 [2026-09-16T10:11:59.318120] Exit status 137 (STDOUT, PROXY)#
#2026 09 16 10:12:00.459#Z#DEBUG#d1c92348-b1b6-11f1-bf33-eeee0a8e3dbc.AiCap-srv#flowable-async-job-executor-thread-13137#
[PollStartAppStatusExecution] 75be55e4-f4e8-4a57-be2a-313bf42920d9 [2026-09-16T10:11:59.739087] Security group rules were updated (STDOUT, CELL)#
#2026 09 16 10:12:00.459#Z#DEBUG#d1c92348-b1b6-11f1-bf33-eeee0a8e3dbc.AiCap-srv#flowable-async-job-executor-thread-13137#
[PollStartAppStatusExecution] 75be55e4-f4e8-4a57-be2a-313bf42920d9 [2026-09-16T10:11:59.872231] Cell c839c7b1-088e-41af-b9b7-66256aacd457 successfully created container for instance 11b1852f-917a-4d34-6074-2a9c (STDOUT, CELL)#
#2026 09 16 10:12:10.484#Z#DEBUG#d1c92348-b1b6-11f1-bf33-eeee0a8e3dbc.AiCap-srv#flowable-async-job-executor-thread-15987#
[PollStartAppStatusExecution] 75be55e4-f4e8-4a57-be2a-313bf42920d9 [2026-09-16T10:12:00.501538] Downloading droplet... (STDOUT, CELL)#
#2026 09 16 10:12:10.484#Z#DEBUG#d1c92348-b1b6-11f1-bf33-eeee0a8e3dbc.AiCap-srv#flowable-async-job-executor-thread-15987#
[PollStartAppStatusExecution] 75be55e4-f4e8-4a57-be2a-313bf42920d9 [2026-09-16T10:12:00.671866] Cell 684caff8-89cd-492b-be01-b3d0835f1763 successfully destroyed container for instance 26c877fe-f703-46cc-79b1-f128 (STDOUT, CELL)#
#2026 09 16 10:12:10.484#Z#DEBUG#d1c92348-b1b6-11f1-bf33-eeee0a8e3dbc.AiCap-srv#flowable-async-job-executor-thread-15987#
[PollStartAppStatusExecution] 75be55e4-f4e8-4a57-be2a-313bf42920d9 [2026-09-16T10:12:02.052033] Downloaded droplet (STDOUT, CELL)#
#2026 09 16 10:12:10.484#Z#DEBUG#d1c92348-b1b6-11f1-bf33-eeee0a8e3dbc.AiCap-srv#flowable-async-job-executor-thread-15987#
[PollStartAppStatusExecution] 75be55e4-f4e8-4a57-be2a-313bf42920d9 [2026-09-16T10:12:02.052560] Starting health monitoring of container (STDOUT, CELL)#
#2026 09 16 10:12:10.484#Z#DEBUG#d1c92348-b1b6-11f1-bf33-eeee0a8e3dbc.AiCap-srv#flowable-async-job-executor-thread-15987#
[PollStartAppStatusExecution] 75be55e4-f4e8-4a57-be2a-313bf42920d9 [2026-09-16T10:12:02.186718] Invoking pre-start scripts. (STDOUT, APP/PROC/WEB)#
#2026 09 16 10:12:10.484#Z#DEBUG#d1c92348-b1b6-11f1-bf33-eeee0a8e3dbc.AiCap-srv#flowable-async-job-executor-thread-15987#
[PollStartAppStatusExecution] 75be55e4-f4e8-4a57-be2a-313bf42920d9 [2026-09-16T10:12:02.434016] Invoking start command. (STDOUT, APP/PROC/WEB)#
#2026 09 16 10:12:10.484#Z#DEBUG#d1c92348-b1b6-11f1-bf33-eeee0a8e3dbc.AiCap-srv#flowable-async-job-executor-thread-15987#
[PollStartAppStatusExecution] 75be55e4-f4e8-4a57-be2a-313bf42920d9 [2026-09-16T10:12:02.920557] > AiCap@1.0.0 start (STDOUT, APP/PROC/WEB)#
#2026 09 16 10:12:10.484#Z#DEBUG#d1c92348-b1b6-11f1-bf33-eeee0a8e3dbc.AiCap-srv#flowable-async-job-executor-thread-15987#
[PollStartAppStatusExecution] 75be55e4-f4e8-4a57-be2a-313bf42920d9 [2026-09-16T10:12:02.920589] > cds-serve (STDOUT, APP/PROC/WEB)#
#2026 09 16 10:12:10.484#Z#DEBUG#d1c92348-b1b6-11f1-bf33-eeee0a8e3dbc.AiCap-srv#flowable-async-job-executor-thread-15987#
[PollStartAppStatusExecution] 75be55e4-f4e8-4a57-be2a-313bf42920d9 [2026-09-16T10:12:03.234732] {"level":"info","logger":"cds","timestamp":"2026-09-16T10:12:03.233Z","layer":"cds","component_type":"application","container_id":"10.32.2.6","component_id":"75be55e4-f4e8-4a57-be2a-313bf42920d9","component_name":"AiCap-srv","component_instance":0,"source_instance":0,"organization_name":"5aaa8d8dtrial","organization_id":"cc2f7598-034a-422a-b46b-912aff1726b5","space_name":"dev","space_id":"aeb4407e-27ee-42fa-9b7c-bc76d021820d","msg":"loaded model from 1 file(s):\n ","type":"log"} (STDOUT, APP/PROC/WEB)#
#2026 09 16 10:12:10.484#Z#DEBUG#d1c92348-b1b6-11f1-bf33-eeee0a8e3dbc.AiCap-srv#flowable-async-job-executor-thread-15987#
[PollStartAppStatusExecution] 75be55e4-f4e8-4a57-be2a-313bf42920d9 [2026-09-16T10:12:03.235213] srv/csn.json (STDOUT, APP/PROC/WEB)#
#2026 09 16 10:12:10.484#Z#DEBUG#d1c92348-b1b6-11f1-bf33-eeee0a8e3dbc.AiCap-srv#flowable-async-job-executor-thread-15987#
[PollStartAppStatusExecution] 75be55e4-f4e8-4a57-be2a-313bf42920d9 [2026-09-16T10:12:03.439074] {"level":"info","logger":"cds","timestamp":"2026-09-16T10:12:03.438Z","layer":"cds","component_type":"application","container_id":"10.32.2.6","component_id":"75be55e4-f4e8-4a57-be2a-313bf42920d9","component_name":"AiCap-srv","component_instance":0,"source_instance":0,"organization_name":"5aaa8d8dtrial","organization_id":"cc2f7598-034a-422a-b46b-912aff1726b5","space_name":"dev","space_id":"aeb4407e-27ee-42fa-9b7c-bc76d021820d","msg":"connect to db > hana {\n  database_id: 'd7e226ec-d1db-485a-8583-3dc0d0aca49d',\n  host: 'd7e226ec-d1db-485a-8583-3dc0d0aca49d.hna0.prod-us10.hanacloud.ondemand.com',\n  port: '443',\n  driver: 'com.sap.db.jdbc.Driver',\n  url: 'jdbc:sap://d7e226ec-d1db-485a-8583-3dc0d0aca49d.hna0.prod-us10.hanacloud.ondemand.com:443?encrypt=true&validateCertificate=true&currentschema=9311B6CBD15E4D128387DBA8840204D3',\n  schema: '9311B6CBD15E4D128387DBA8840204D3',\n  certificate: '...',\n  hdi_user: '9311B6CBD15E4D128387DBA8840204D3_AVZFRWQVOPBC9YKG1QFD1UT2J_DT',\n  hdi_password: '...',\n  user: '9311B6CBD15E4D128387DBA8840204D3_AVZFRWQVOPBC9YKG1QFD1UT2J_RT',\n  password: '...'\n}","type":"log"} (STDOUT, APP/PROC/WEB)#
#2026 09 16 10:12:10.484#Z#DEBUG#d1c92348-b1b6-11f1-bf33-eeee0a8e3dbc.AiCap-srv#flowable-async-job-executor-thread-15987#
[PollStartAppStatusExecution] 75be55e4-f4e8-4a57-be2a-313bf42920d9 [2026-09-16T10:12:03.447067] file:///home/vcap/app/srv/cat-service.js:1 (STDERR, APP/PROC/WEB)#
#2026 09 16 10:12:10.484#Z#DEBUG#d1c92348-b1b6-11f1-bf33-eeee0a8e3dbc.AiCap-srv#flowable-async-job-executor-thread-15987#
[PollStartAppStatusExecution] 75be55e4-f4e8-4a57-be2a-313bf42920d9 [2026-09-16T10:12:03.447097] module.exports = class CatalogService extends cds.ApplicationService { (STDERR, APP/PROC/WEB)#
#2026 09 16 10:12:10.484#Z#DEBUG#d1c92348-b1b6-11f1-bf33-eeee0a8e3dbc.AiCap-srv#flowable-async-job-executor-thread-15987#
[PollStartAppStatusExecution] 75be55e4-f4e8-4a57-be2a-313bf42920d9 [2026-09-16T10:12:03.447102] ^ (STDERR, APP/PROC/WEB)#
#2026 09 16 10:12:10.484#Z#DEBUG#d1c92348-b1b6-11f1-bf33-eeee0a8e3dbc.AiCap-srv#flowable-async-job-executor-thread-15987#
[PollStartAppStatusExecution] 75be55e4-f4e8-4a57-be2a-313bf42920d9 [2026-09-16T10:12:03.447107] ReferenceError: module is not defined in ES module scope (STDERR, APP/PROC/WEB)#
#2026 09 16 10:12:10.484#Z#DEBUG#d1c92348-b1b6-11f1-bf33-eeee0a8e3dbc.AiCap-srv#flowable-async-job-executor-thread-15987#
[PollStartAppStatusExecution] 75be55e4-f4e8-4a57-be2a-313bf42920d9 [2026-09-16T10:12:03.447113] This file is being treated as an ES module because it has a '.js' file extension and '/home/vcap/app/package.json' contains "type": "module". To treat it as a CommonJS script, rename it to use the '.cjs' file extension. (STDERR, APP/PROC/WEB)#
#2026 09 16 10:12:10.484#Z#DEBUG#d1c92348-b1b6-11f1-bf33-eeee0a8e3dbc.AiCap-srv#flowable-async-job-executor-thread-15987#
[PollStartAppStatusExecution] 75be55e4-f4e8-4a57-be2a-313bf42920d9 [2026-09-16T10:12:03.447116] at file:///home/vcap/app/srv/cat-service.js:1:1 (STDERR, APP/PROC/WEB)#
#2026 09 16 10:12:10.484#Z#DEBUG#d1c92348-b1b6-11f1-bf33-eeee0a8e3dbc.AiCap-srv#flowable-async-job-executor-thread-15987#
[PollStartAppStatusExecution] 75be55e4-f4e8-4a57-be2a-313bf42920d9 [2026-09-16T10:12:03.447122] at ModuleJob.run (node:internal/modules/esm/module_job:439:25) (STDERR, APP/PROC/WEB)#
#2026 09 16 10:12:10.484#Z#DEBUG#d1c92348-b1b6-11f1-bf33-eeee0a8e3dbc.AiCap-srv#flowable-async-job-executor-thread-15987#
[PollStartAppStatusExecution] 75be55e4-f4e8-4a57-be2a-313bf42920d9 [2026-09-16T10:12:03.447130] at async node:internal/modules/esm/loader:643:26 (STDERR, APP/PROC/WEB)#
#2026 09 16 10:12:10.484#Z#DEBUG#d1c92348-b1b6-11f1-bf33-eeee0a8e3dbc.AiCap-srv#flowable-async-job-executor-thread-15987#
[PollStartAppStatusExecution] 75be55e4-f4e8-4a57-be2a-313bf42920d9 [2026-09-16T10:12:03.447134] at async _use (/home/vcap/app/node_modules/@sap/cds/lib/srv/factory.js:32:14) (STDERR, APP/PROC/WEB)#
#2026 09 16 10:12:10.484#Z#DEBUG#d1c92348-b1b6-11f1-bf33-eeee0a8e3dbc.AiCap-srv#flowable-async-job-executor-thread-15987#
[PollStartAppStatusExecution] 75be55e4-f4e8-4a57-be2a-313bf42920d9 [2026-09-16T10:12:03.447138] at async Promise.all (index 0) (STDERR, APP/PROC/WEB)#
#2026 09 16 10:12:10.484#Z#DEBUG#d1c92348-b1b6-11f1-bf33-eeee0a8e3dbc.AiCap-srv#flowable-async-job-executor-thread-15987#
[PollStartAppStatusExecution] 75be55e4-f4e8-4a57-be2a-313bf42920d9 [2026-09-16T10:12:03.447141] at async _cds_serve (/home/vcap/app/node_modules/@sap/cds/lib/srv/cds-serve.js:32:16) (STDERR, APP/PROC/WEB)#
#2026 09 16 10:12:10.484#Z#DEBUG#d1c92348-b1b6-11f1-bf33-eeee0a8e3dbc.AiCap-srv#flowable-async-job-executor-thread-15987#
[PollStartAppStatusExecution] 75be55e4-f4e8-4a57-be2a-313bf42920d9 [2026-09-16T10:12:03.447147] at async cds_server (/home/vcap/app/node_modules/@sap/cds/server.js:61:3) (STDERR, APP/PROC/WEB)#
#2026 09 16 10:12:10.484#Z#DEBUG#d1c92348-b1b6-11f1-bf33-eeee0a8e3dbc.AiCap-srv#flowable-async-job-executor-thread-15987#
[PollStartAppStatusExecution] 75be55e4-f4e8-4a57-be2a-313bf42920d9 [2026-09-16T10:12:03.447150] at async serve (/home/vcap/app/node_modules/@sap/cds/bin/serve.js:207:18) (STDERR, APP/PROC/WEB)#
#2026 09 16 10:12:10.484#Z#DEBUG#d1c92348-b1b6-11f1-bf33-eeee0a8e3dbc.AiCap-srv#flowable-async-job-executor-thread-15987#
[PollStartAppStatusExecution] 75be55e4-f4e8-4a57-be2a-313bf42920d9 [2026-09-16T10:12:03.447153] Node.js v24.18.0 (STDERR, APP/PROC/WEB)#
#2026 09 16 10:12:10.484#Z#DEBUG#d1c92348-b1b6-11f1-bf33-eeee0a8e3dbc.AiCap-srv#flowable-async-job-executor-thread-15987#
[PollStartAppStatusExecution] 75be55e4-f4e8-4a57-be2a-313bf42920d9 [2026-09-16T10:12:03.464876] npm notice (STDERR, APP/PROC/WEB)#
#2026 09 16 10:12:10.484#Z#DEBUG#d1c92348-b1b6-11f1-bf33-eeee0a8e3dbc.AiCap-srv#flowable-async-job-executor-thread-15987#
[PollStartAppStatusExecution] 75be55e4-f4e8-4a57-be2a-313bf42920d9 [2026-09-16T10:12:03.464930] npm notice New major version of npm available! 11.16.0 -> 12.0.2 (STDERR, APP/PROC/WEB)#
#2026 09 16 10:12:10.484#Z#DEBUG#d1c92348-b1b6-11f1-bf33-eeee0a8e3dbc.AiCap-srv#flowable-async-job-executor-thread-15987#
[PollStartAppStatusExecution] 75be55e4-f4e8-4a57-be2a-313bf42920d9 [2026-09-16T10:12:03.464935] npm notice Changelog: https://github.com/npm/cli/releases/tag/v12.0.2 (STDERR, APP/PROC/WEB)#
#2026 09 16 10:12:10.484#Z#DEBUG#d1c92348-b1b6-11f1-bf33-eeee0a8e3dbc.AiCap-srv#flowable-async-job-executor-thread-15987#
[PollStartAppStatusExecution] 75be55e4-f4e8-4a57-be2a-313bf42920d9 [2026-09-16T10:12:03.464939] npm notice To update run: npm install -g npm@12.0.2 (STDERR, APP/PROC/WEB)#
#2026 09 16 10:12:10.484#Z#DEBUG#d1c92348-b1b6-11f1-bf33-eeee0a8e3dbc.AiCap-srv#flowable-async-job-executor-thread-15987#
[PollStartAppStatusExecution] 75be55e4-f4e8-4a57-be2a-313bf42920d9 [2026-09-16T10:12:03.464941] npm notice (STDERR, APP/PROC/WEB)#
#2026 09 16 10:12:10.484#Z#DEBUG#d1c92348-b1b6-11f1-bf33-eeee0a8e3dbc.AiCap-srv#flowable-async-job-executor-thread-15987#
[PollStartAppStatusExecution] 75be55e4-f4e8-4a57-be2a-313bf42920d9 [2026-09-16T10:12:03.547571] Exit status 1 (STDOUT, APP/PROC/WEB)#
#2026 09 16 10:12:10.484#Z#DEBUG#d1c92348-b1b6-11f1-bf33-eeee0a8e3dbc.AiCap-srv#flowable-async-job-executor-thread-15987#
[PollStartAppStatusExecution] 75be55e4-f4e8-4a57-be2a-313bf42920d9 [2026-09-16T10:12:09.496166] Cell c839c7b1-088e-41af-b9b7-66256aacd457 stopping instance 11b1852f-917a-4d34-6074-2a9c (STDOUT, CELL)#
#2026 09 16 10:12:10.484#Z#DEBUG#d1c92348-b1b6-11f1-bf33-eeee0a8e3dbc.AiCap-srv#flowable-async-job-executor-thread-15987#
[PollStartAppStatusExecution] 75be55e4-f4e8-4a57-be2a-313bf42920d9 [2026-09-16T10:12:09.496216] Cell c839c7b1-088e-41af-b9b7-66256aacd457 destroying container for instance 11b1852f-917a-4d34-6074-2a9c (STDOUT, CELL)#
#2026 09 16 10:12:10.484#Z#DEBUG#d1c92348-b1b6-11f1-bf33-eeee0a8e3dbc.AiCap-srv#flowable-async-job-executor-thread-15987#
[PollStartAppStatusExecution] 75be55e4-f4e8-4a57-be2a-313bf42920d9 [2026-09-16T10:12:09.690184] Exit status 137 (STDOUT, PROXY)#
#2026 09 16 10:12:10.484#Z#DEBUG#d1c92348-b1b6-11f1-bf33-eeee0a8e3dbc.AiCap-srv#flowable-async-job-executor-thread-15987#
[PollStartAppStatusExecution] 75be55e4-f4e8-4a57-be2a-313bf42920d9 [2026-09-16T10:12:09.854076] Process has crashed with type: "web" (STDOUT, API)#
#2026 09 16 10:12:10.484#Z#DEBUG#d1c92348-b1b6-11f1-bf33-eeee0a8e3dbc.AiCap-srv#flowable-async-job-executor-thread-15987#
[PollStartAppStatusExecution] 75be55e4-f4e8-4a57-be2a-313bf42920d9 [2026-09-16T10:12:09.868653] App instance exited with guid 75be55e4-f4e8-4a57-be2a-313bf42920d9 payload: {"instance"=>"11b1852f-917a-4d34-6074-2a9c", "index"=>0, "cell_id"=>"c839c7b1-088e-41af-b9b7-66256aacd457", "reason"=>"CRASHED", "exit_description"=>"APP/PROC/WEB: Exited with status 1", "crash_count"=>3, "crash_timestamp"=>1789553529492211039, "version"=>"1656d32e-aaa6-42fa-8572-cc7719b587c8"} (STDOUT, API)#
#2026 09 16 10:12:20.705#Z#DEBUG#d1c92348-b1b6-11f1-bf33-eeee0a8e3dbc.AiCap-srv#flowable-async-job-executor-thread-15993#
[PollStartAppStatusExecution] 75be55e4-f4e8-4a57-be2a-313bf42920d9 [2026-09-16T10:12:00.501538] Downloading droplet... (STDOUT, CELL)#
#2026 09 16 10:12:20.705#Z#DEBUG#d1c92348-b1b6-11f1-bf33-eeee0a8e3dbc.AiCap-srv#flowable-async-job-executor-thread-15993#
[PollStartAppStatusExecution] 75be55e4-f4e8-4a57-be2a-313bf42920d9 [2026-09-16T10:12:00.671866] Cell 684caff8-89cd-492b-be01-b3d0835f1763 successfully destroyed container for instance 26c877fe-f703-46cc-79b1-f128 (STDOUT, CELL)#
#2026 09 16 10:12:20.705#Z#DEBUG#d1c92348-b1b6-11f1-bf33-eeee0a8e3dbc.AiCap-srv#flowable-async-job-executor-thread-15993#
[PollStartAppStatusExecution] 75be55e4-f4e8-4a57-be2a-313bf42920d9 [2026-09-16T10:12:02.052033] Downloaded droplet (STDOUT, CELL)#
#2026 09 16 10:12:20.705#Z#DEBUG#d1c92348-b1b6-11f1-bf33-eeee0a8e3dbc.AiCap-srv#flowable-async-job-executor-thread-15993#
[PollStartAppStatusExecution] 75be55e4-f4e8-4a57-be2a-313bf42920d9 [2026-09-16T10:12:02.052560] Starting health monitoring of container (STDOUT, CELL)#
#2026 09 16 10:12:20.705#Z#DEBUG#d1c92348-b1b6-11f1-bf33-eeee0a8e3dbc.AiCap-srv#flowable-async-job-executor-thread-15993#
[PollStartAppStatusExecution] 75be55e4-f4e8-4a57-be2a-313bf42920d9 [2026-09-16T10:12:02.186718] Invoking pre-start scripts. (STDOUT, APP/PROC/WEB)#
#2026 09 16 10:12:20.705#Z#DEBUG#d1c92348-b1b6-11f1-bf33-eeee0a8e3dbc.AiCap-srv#flowable-async-job-executor-thread-15993#
[PollStartAppStatusExecution] 75be55e4-f4e8-4a57-be2a-313bf42920d9 [2026-09-16T10:12:02.434016] Invoking start command. (STDOUT, APP/PROC/WEB)#
#2026 09 16 10:12:20.705#Z#DEBUG#d1c92348-b1b6-11f1-bf33-eeee0a8e3dbc.AiCap-srv#flowable-async-job-executor-thread-15993#
[PollStartAppStatusExecution] 75be55e4-f4e8-4a57-be2a-313bf42920d9 [2026-09-16T10:12:02.920557] > AiCap@1.0.0 start (STDOUT, APP/PROC/WEB)#
#2026 09 16 10:12:20.705#Z#DEBUG#d1c92348-b1b6-11f1-bf33-eeee0a8e3dbc.AiCap-srv#flowable-async-job-executor-thread-15993#
[PollStartAppStatusExecution] 75be55e4-f4e8-4a57-be2a-313bf42920d9 [2026-09-16T10:12:02.920589] > cds-serve (STDOUT, APP/PROC/WEB)#
#2026 09 16 10:12:20.705#Z#DEBUG#d1c92348-b1b6-11f1-bf33-eeee0a8e3dbc.AiCap-srv#flowable-async-job-executor-thread-15993#
[PollStartAppStatusExecution] 75be55e4-f4e8-4a57-be2a-313bf42920d9 [2026-09-16T10:12:03.234732] {"level":"info","logger":"cds","timestamp":"2026-09-16T10:12:03.233Z","layer":"cds","component_type":"application","container_id":"10.32.2.6","component_id":"75be55e4-f4e8-4a57-be2a-313bf42920d9","component_name":"AiCap-srv","component_instance":0,"source_instance":0,"organization_name":"5aaa8d8dtrial","organization_id":"cc2f7598-034a-422a-b46b-912aff1726b5","space_name":"dev","space_id":"aeb4407e-27ee-42fa-9b7c-bc76d021820d","msg":"loaded model from 1 file(s):\n ","type":"log"} (STDOUT, APP/PROC/WEB)#
#2026 09 16 10:12:20.705#Z#DEBUG#d1c92348-b1b6-11f1-bf33-eeee0a8e3dbc.AiCap-srv#flowable-async-job-executor-thread-15993#
[PollStartAppStatusExecution] 75be55e4-f4e8-4a57-be2a-313bf42920d9 [2026-09-16T10:12:03.235213] srv/csn.json (STDOUT, APP/PROC/WEB)#
#2026 09 16 10:12:20.705#Z#DEBUG#d1c92348-b1b6-11f1-bf33-eeee0a8e3dbc.AiCap-srv#flowable-async-job-executor-thread-15993#
[PollStartAppStatusExecution] 75be55e4-f4e8-4a57-be2a-313bf42920d9 [2026-09-16T10:12:03.439074] {"level":"info","logger":"cds","timestamp":"2026-09-16T10:12:03.438Z","layer":"cds","component_type":"application","container_id":"10.32.2.6","component_id":"75be55e4-f4e8-4a57-be2a-313bf42920d9","component_name":"AiCap-srv","component_instance":0,"source_instance":0,"organization_name":"5aaa8d8dtrial","organization_id":"cc2f7598-034a-422a-b46b-912aff1726b5","space_name":"dev","space_id":"aeb4407e-27ee-42fa-9b7c-bc76d021820d","msg":"connect to db > hana {\n  database_id: 'd7e226ec-d1db-485a-8583-3dc0d0aca49d',\n  host: 'd7e226ec-d1db-485a-8583-3dc0d0aca49d.hna0.prod-us10.hanacloud.ondemand.com',\n  port: '443',\n  driver: 'com.sap.db.jdbc.Driver',\n  url: 'jdbc:sap://d7e226ec-d1db-485a-8583-3dc0d0aca49d.hna0.prod-us10.hanacloud.ondemand.com:443?encrypt=true&validateCertificate=true&currentschema=9311B6CBD15E4D128387DBA8840204D3',\n  schema: '9311B6CBD15E4D128387DBA8840204D3',\n  certificate: '...',\n  hdi_user: '9311B6CBD15E4D128387DBA8840204D3_AVZFRWQVOPBC9YKG1QFD1UT2J_DT',\n  hdi_password: '...',\n  user: '9311B6CBD15E4D128387DBA8840204D3_AVZFRWQVOPBC9YKG1QFD1UT2J_RT',\n  password: '...'\n}","type":"log"} (STDOUT, APP/PROC/WEB)#
#2026 09 16 10:12:20.705#Z#DEBUG#d1c92348-b1b6-11f1-bf33-eeee0a8e3dbc.AiCap-srv#flowable-async-job-executor-thread-15993#
[PollStartAppStatusExecution] 75be55e4-f4e8-4a57-be2a-313bf42920d9 [2026-09-16T10:12:03.447067] file:///home/vcap/app/srv/cat-service.js:1 (STDERR, APP/PROC/WEB)#
#2026 09 16 10:12:20.705#Z#DEBUG#d1c92348-b1b6-11f1-bf33-eeee0a8e3dbc.AiCap-srv#flowable-async-job-executor-thread-15993#
[PollStartAppStatusExecution] 75be55e4-f4e8-4a57-be2a-313bf42920d9 [2026-09-16T10:12:03.447097] module.exports = class CatalogService extends cds.ApplicationService { (STDERR, APP/PROC/WEB)#
#2026 09 16 10:12:20.705#Z#DEBUG#d1c92348-b1b6-11f1-bf33-eeee0a8e3dbc.AiCap-srv#flowable-async-job-executor-thread-15993#
[PollStartAppStatusExecution] 75be55e4-f4e8-4a57-be2a-313bf42920d9 [2026-09-16T10:12:03.447102] ^ (STDERR, APP/PROC/WEB)#
#2026 09 16 10:12:20.705#Z#DEBUG#d1c92348-b1b6-11f1-bf33-eeee0a8e3dbc.AiCap-srv#flowable-async-job-executor-thread-15993#
[PollStartAppStatusExecution] 75be55e4-f4e8-4a57-be2a-313bf42920d9 [2026-09-16T10:12:03.447107] ReferenceError: module is not defined in ES module scope (STDERR, APP/PROC/WEB)#
#2026 09 16 10:12:20.705#Z#DEBUG#d1c92348-b1b6-11f1-bf33-eeee0a8e3dbc.AiCap-srv#flowable-async-job-executor-thread-15993#
[PollStartAppStatusExecution] 75be55e4-f4e8-4a57-be2a-313bf42920d9 [2026-09-16T10:12:03.447113] This file is being treated as an ES module because it has a '.js' file extension and '/home/vcap/app/package.json' contains "type": "module". To treat it as a CommonJS script, rename it to use the '.cjs' file extension. (STDERR, APP/PROC/WEB)#
#2026 09 16 10:12:20.705#Z#DEBUG#d1c92348-b1b6-11f1-bf33-eeee0a8e3dbc.AiCap-srv#flowable-async-job-executor-thread-15993#
[PollStartAppStatusExecution] 75be55e4-f4e8-4a57-be2a-313bf42920d9 [2026-09-16T10:12:03.447116] at file:///home/vcap/app/srv/cat-service.js:1:1 (STDERR, APP/PROC/WEB)#
#2026 09 16 10:12:20.705#Z#DEBUG#d1c92348-b1b6-11f1-bf33-eeee0a8e3dbc.AiCap-srv#flowable-async-job-executor-thread-15993#
[PollStartAppStatusExecution] 75be55e4-f4e8-4a57-be2a-313bf42920d9 [2026-09-16T10:12:03.447122] at ModuleJob.run (node:internal/modules/esm/module_job:439:25) (STDERR, APP/PROC/WEB)#
#2026 09 16 10:12:20.705#Z#DEBUG#d1c92348-b1b6-11f1-bf33-eeee0a8e3dbc.AiCap-srv#flowable-async-job-executor-thread-15993#
[PollStartAppStatusExecution] 75be55e4-f4e8-4a57-be2a-313bf42920d9 [2026-09-16T10:12:03.447130] at async node:internal/modules/esm/loader:643:26 (STDERR, APP/PROC/WEB)#
#2026 09 16 10:12:20.705#Z#DEBUG#d1c92348-b1b6-11f1-bf33-eeee0a8e3dbc.AiCap-srv#flowable-async-job-executor-thread-15993#
[PollStartAppStatusExecution] 75be55e4-f4e8-4a57-be2a-313bf42920d9 [2026-09-16T10:12:03.447134] at async _use (/home/vcap/app/node_modules/@sap/cds/lib/srv/factory.js:32:14) (STDERR, APP/PROC/WEB)#
#2026 09 16 10:12:20.705#Z#DEBUG#d1c92348-b1b6-11f1-bf33-eeee0a8e3dbc.AiCap-srv#flowable-async-job-executor-thread-15993#
[PollStartAppStatusExecution] 75be55e4-f4e8-4a57-be2a-313bf42920d9 [2026-09-16T10:12:03.447138] at async Promise.all (index 0) (STDERR, APP/PROC/WEB)#
#2026 09 16 10:12:20.705#Z#DEBUG#d1c92348-b1b6-11f1-bf33-eeee0a8e3dbc.AiCap-srv#flowable-async-job-executor-thread-15993#
[PollStartAppStatusExecution] 75be55e4-f4e8-4a57-be2a-313bf42920d9 [2026-09-16T10:12:03.447141] at async _cds_serve (/home/vcap/app/node_modules/@sap/cds/lib/srv/cds-serve.js:32:16) (STDERR, APP/PROC/WEB)#
#2026 09 16 10:12:20.705#Z#DEBUG#d1c92348-b1b6-11f1-bf33-eeee0a8e3dbc.AiCap-srv#flowable-async-job-executor-thread-15993#
[PollStartAppStatusExecution] 75be55e4-f4e8-4a57-be2a-313bf42920d9 [2026-09-16T10:12:03.447147] at async cds_server (/home/vcap/app/node_modules/@sap/cds/server.js:61:3) (STDERR, APP/PROC/WEB)#
#2026 09 16 10:12:20.705#Z#DEBUG#d1c92348-b1b6-11f1-bf33-eeee0a8e3dbc.AiCap-srv#flowable-async-job-executor-thread-15993#
[PollStartAppStatusExecution] 75be55e4-f4e8-4a57-be2a-313bf42920d9 [2026-09-16T10:12:03.447150] at async serve (/home/vcap/app/node_modules/@sap/cds/bin/serve.js:207:18) (STDERR, APP/PROC/WEB)#
#2026 09 16 10:12:20.705#Z#DEBUG#d1c92348-b1b6-11f1-bf33-eeee0a8e3dbc.AiCap-srv#flowable-async-job-executor-thread-15993#
[PollStartAppStatusExecution] 75be55e4-f4e8-4a57-be2a-313bf42920d9 [2026-09-16T10:12:03.447153] Node.js v24.18.0 (STDERR, APP/PROC/WEB)#
#2026 09 16 10:12:20.705#Z#DEBUG#d1c92348-b1b6-11f1-bf33-eeee0a8e3dbc.AiCap-srv#flowable-async-job-executor-thread-15993#
[PollStartAppStatusExecution] 75be55e4-f4e8-4a57-be2a-313bf42920d9 [2026-09-16T10:12:03.464876] npm notice (STDERR, APP/PROC/WEB)#
#2026 09 16 10:12:20.705#Z#DEBUG#d1c92348-b1b6-11f1-bf33-eeee0a8e3dbc.AiCap-srv#flowable-async-job-executor-thread-15993#
[PollStartAppStatusExecution] 75be55e4-f4e8-4a57-be2a-313bf42920d9 [2026-09-16T10:12:03.464930] npm notice New major version of npm available! 11.16.0 -> 12.0.2 (STDERR, APP/PROC/WEB)#
#2026 09 16 10:12:20.705#Z#DEBUG#d1c92348-b1b6-11f1-bf33-eeee0a8e3dbc.AiCap-srv#flowable-async-job-executor-thread-15993#
[PollStartAppStatusExecution] 75be55e4-f4e8-4a57-be2a-313bf42920d9 [2026-09-16T10:12:03.464935] npm notice Changelog: https://github.com/npm/cli/releases/tag/v12.0.2 (STDERR, APP/PROC/WEB)#
#2026 09 16 10:12:20.705#Z#DEBUG#d1c92348-b1b6-11f1-bf33-eeee0a8e3dbc.AiCap-srv#flowable-async-job-executor-thread-15993#
[PollStartAppStatusExecution] 75be55e4-f4e8-4a57-be2a-313bf42920d9 [2026-09-16T10:12:03.464939] npm notice To update run: npm install -g npm@12.0.2 (STDERR, APP/PROC/WEB)#
#2026 09 16 10:12:20.705#Z#DEBUG#d1c92348-b1b6-11f1-bf33-eeee0a8e3dbc.AiCap-srv#flowable-async-job-executor-thread-15993#
[PollStartAppStatusExecution] 75be55e4-f4e8-4a57-be2a-313bf42920d9 [2026-09-16T10:12:03.464941] npm notice (STDERR, APP/PROC/WEB)#
#2026 09 16 10:12:20.705#Z#DEBUG#d1c92348-b1b6-11f1-bf33-eeee0a8e3dbc.AiCap-srv#flowable-async-job-executor-thread-15993#
[PollStartAppStatusExecution] 75be55e4-f4e8-4a57-be2a-313bf42920d9 [2026-09-16T10:12:03.547571] Exit status 1 (STDOUT, APP/PROC/WEB)#
#2026 09 16 10:12:20.705#Z#DEBUG#d1c92348-b1b6-11f1-bf33-eeee0a8e3dbc.AiCap-srv#flowable-async-job-executor-thread-15993#
[PollStartAppStatusExecution] 75be55e4-f4e8-4a57-be2a-313bf42920d9 [2026-09-16T10:12:09.496166] Cell c839c7b1-088e-41af-b9b7-66256aacd457 stopping instance 11b1852f-917a-4d34-6074-2a9c (STDOUT, CELL)#
#2026 09 16 10:12:20.705#Z#DEBUG#d1c92348-b1b6-11f1-bf33-eeee0a8e3dbc.AiCap-srv#flowable-async-job-executor-thread-15993#
[PollStartAppStatusExecution] 75be55e4-f4e8-4a57-be2a-313bf42920d9 [2026-09-16T10:12:09.496216] Cell c839c7b1-088e-41af-b9b7-66256aacd457 destroying container for instance 11b1852f-917a-4d34-6074-2a9c (STDOUT, CELL)#
#2026 09 16 10:12:20.705#Z#DEBUG#d1c92348-b1b6-11f1-bf33-eeee0a8e3dbc.AiCap-srv#flowable-async-job-executor-thread-15993#
[PollStartAppStatusExecution] 75be55e4-f4e8-4a57-be2a-313bf42920d9 [2026-09-16T10:12:09.690184] Exit status 137 (STDOUT, PROXY)#
#2026 09 16 10:12:20.705#Z#DEBUG#d1c92348-b1b6-11f1-bf33-eeee0a8e3dbc.AiCap-srv#flowable-async-job-executor-thread-15993#
[PollStartAppStatusExecution] 75be55e4-f4e8-4a57-be2a-313bf42920d9 [2026-09-16T10:12:09.854076] Process has crashed with type: "web" (STDOUT, API)#
#2026 09 16 10:12:20.705#Z#DEBUG#d1c92348-b1b6-11f1-bf33-eeee0a8e3dbc.AiCap-srv#flowable-async-job-executor-thread-15993#
[PollStartAppStatusExecution] 75be55e4-f4e8-4a57-be2a-313bf42920d9 [2026-09-16T10:12:09.868653] App instance exited with guid 75be55e4-f4e8-4a57-be2a-313bf42920d9 payload: {"instance"=>"11b1852f-917a-4d34-6074-2a9c", "index"=>0, "cell_id"=>"c839c7b1-088e-41af-b9b7-66256aacd457", "reason"=>"CRASHED", "exit_description"=>"APP/PROC/WEB: Exited with status 1", "crash_count"=>3, "crash_timestamp"=>1789553529492211039, "version"=>"1656d32e-aaa6-42fa-8572-cc7719b587c8"} (STDOUT, API)#
#2026 09 16 10:12:20.705#Z#DEBUG#d1c92348-b1b6-11f1-bf33-eeee0a8e3dbc.AiCap-srv#flowable-async-job-executor-thread-15993#
[PollStartAppStatusExecution] 75be55e4-f4e8-4a57-be2a-313bf42920d9 [2026-09-16T10:12:11.677053] Stopping app with guid 75be55e4-f4e8-4a57-be2a-313bf42920d9 (STDOUT, API)#
#2026 09 16 10:12:20.705#Z#DEBUG#d1c92348-b1b6-11f1-bf33-eeee0a8e3dbc.AiCap-srv#flowable-async-job-executor-thread-15993#
[PollStartAppStatusExecution] 75be55e4-f4e8-4a57-be2a-313bf42920d9 [2026-09-16T10:12:11.747866] Cell c839c7b1-088e-41af-b9b7-66256aacd457 successfully destroyed container for instance 11b1852f-917a-4d34-6074-2a9c (STDOUT, CELL)#
#2026 09 16 10:12:20.705#Z#DEBUG#d1c92348-b1b6-11f1-bf33-eeee0a8e3dbc.AiCap-srv#flowable-async-job-executor-thread-15993#
[PollStartAppStatusExecution] 75be55e4-f4e8-4a57-be2a-313bf42920d9 [2026-09-16T10:12:11.839182] Starting app with guid 75be55e4-f4e8-4a57-be2a-313bf42920d9 (STDOUT, API)#
#2026 09 16 10:12:20.705#Z#DEBUG#d1c92348-b1b6-11f1-bf33-eeee0a8e3dbc.AiCap-srv#flowable-async-job-executor-thread-15993#
[PollStartAppStatusExecution] 75be55e4-f4e8-4a57-be2a-313bf42920d9 [2026-09-16T10:12:12.155075] Cell c839c7b1-088e-41af-b9b7-66256aacd457 creating container for instance 5167f127-b9d9-4287-477b-39a4 (STDOUT, CELL)#
#2026 09 16 10:12:20.705#Z#DEBUG#d1c92348-b1b6-11f1-bf33-eeee0a8e3dbc.AiCap-srv#flowable-async-job-executor-thread-15993#
[PollStartAppStatusExecution] 75be55e4-f4e8-4a57-be2a-313bf42920d9 [2026-09-16T10:12:12.875029] Security group rules were updated (STDOUT, CELL)#
#2026 09 16 10:12:20.705#Z#DEBUG#d1c92348-b1b6-11f1-bf33-eeee0a8e3dbc.AiCap-srv#flowable-async-job-executor-thread-15993#
[PollStartAppStatusExecution] 75be55e4-f4e8-4a57-be2a-313bf42920d9 [2026-09-16T10:12:12.977842] Cell c839c7b1-088e-41af-b9b7-66256aacd457 successfully created container for instance 5167f127-b9d9-4287-477b-39a4 (STDOUT, CELL)#
#2026 09 16 10:12:20.705#Z#DEBUG#d1c92348-b1b6-11f1-bf33-eeee0a8e3dbc.AiCap-srv#flowable-async-job-executor-thread-15993#
[PollStartAppStatusExecution] 75be55e4-f4e8-4a57-be2a-313bf42920d9 [2026-09-16T10:12:13.244952] Downloading droplet... (STDOUT, CELL)#
#2026 09 16 10:12:20.705#Z#DEBUG#d1c92348-b1b6-11f1-bf33-eeee0a8e3dbc.AiCap-srv#flowable-async-job-executor-thread-15993#
[PollStartAppStatusExecution] 75be55e4-f4e8-4a57-be2a-313bf42920d9 [2026-09-16T10:12:16.948676] Downloaded droplet (62.8M) (STDOUT, CELL)#
#2026 09 16 10:12:20.705#Z#DEBUG#d1c92348-b1b6-11f1-bf33-eeee0a8e3dbc.AiCap-srv#flowable-async-job-executor-thread-15993#
[PollStartAppStatusExecution] 75be55e4-f4e8-4a57-be2a-313bf42920d9 [2026-09-16T10:12:16.948851] Starting health monitoring of container (STDOUT, CELL)#
#2026 09 16 10:12:20.705#Z#DEBUG#d1c92348-b1b6-11f1-bf33-eeee0a8e3dbc.AiCap-srv#flowable-async-job-executor-thread-15993#
[PollStartAppStatusExecution] 75be55e4-f4e8-4a57-be2a-313bf42920d9 [2026-09-16T10:12:17.083747] Invoking pre-start scripts. (STDOUT, APP/PROC/WEB)#
#2026 09 16 10:12:20.705#Z#DEBUG#d1c92348-b1b6-11f1-bf33-eeee0a8e3dbc.AiCap-srv#flowable-async-job-executor-thread-15993#
[PollStartAppStatusExecution] 75be55e4-f4e8-4a57-be2a-313bf42920d9 [2026-09-16T10:12:17.318755] Invoking start command. (STDOUT, APP/PROC/WEB)#
#2026 09 16 10:12:20.705#Z#DEBUG#d1c92348-b1b6-11f1-bf33-eeee0a8e3dbc.AiCap-srv#flowable-async-job-executor-thread-15993#
[PollStartAppStatusExecution] 75be55e4-f4e8-4a57-be2a-313bf42920d9 [2026-09-16T10:12:17.782441] > AiCap@1.0.0 start (STDOUT, APP/PROC/WEB)#
#2026 09 16 10:12:20.705#Z#DEBUG#d1c92348-b1b6-11f1-bf33-eeee0a8e3dbc.AiCap-srv#flowable-async-job-executor-thread-15993#
[PollStartAppStatusExecution] 75be55e4-f4e8-4a57-be2a-313bf42920d9 [2026-09-16T10:12:17.782472] > cds-serve (STDOUT, APP/PROC/WEB)#
#2026 09 16 10:12:20.705#Z#DEBUG#d1c92348-b1b6-11f1-bf33-eeee0a8e3dbc.AiCap-srv#flowable-async-job-executor-thread-15993#
[PollStartAppStatusExecution] 75be55e4-f4e8-4a57-be2a-313bf42920d9 [2026-09-16T10:12:18.089816] {"level":"info","logger":"cds","timestamp":"2026-09-16T10:12:18.088Z","layer":"cds","component_type":"application","container_id":"10.32.2.6","component_id":"75be55e4-f4e8-4a57-be2a-313bf42920d9","component_name":"AiCap-srv","component_instance":0,"source_instance":0,"organization_name":"5aaa8d8dtrial","organization_id":"cc2f7598-034a-422a-b46b-912aff1726b5","space_name":"dev","space_id":"aeb4407e-27ee-42fa-9b7c-bc76d021820d","msg":"loaded model from 1 file(s):\n ","type":"log"} (STDOUT, APP/PROC/WEB)#
#2026 09 16 10:12:20.705#Z#DEBUG#d1c92348-b1b6-11f1-bf33-eeee0a8e3dbc.AiCap-srv#flowable-async-job-executor-thread-15993#
[PollStartAppStatusExecution] 75be55e4-f4e8-4a57-be2a-313bf42920d9 [2026-09-16T10:12:18.090347] srv/csn.json (STDOUT, APP/PROC/WEB)#
#2026 09 16 10:12:20.705#Z#DEBUG#d1c92348-b1b6-11f1-bf33-eeee0a8e3dbc.AiCap-srv#flowable-async-job-executor-thread-15993#
[PollStartAppStatusExecution] 75be55e4-f4e8-4a57-be2a-313bf42920d9 [2026-09-16T10:12:18.292621] {"level":"info","logger":"cds","timestamp":"2026-09-16T10:12:18.291Z","layer":"cds","component_type":"application","container_id":"10.32.2.6","component_id":"75be55e4-f4e8-4a57-be2a-313bf42920d9","component_name":"AiCap-srv","component_instance":0,"source_instance":0,"organization_name":"5aaa8d8dtrial","organization_id":"cc2f7598-034a-422a-b46b-912aff1726b5","space_name":"dev","space_id":"aeb4407e-27ee-42fa-9b7c-bc76d021820d","msg":"connect to db > hana {\n  database_id: 'd7e226ec-d1db-485a-8583-3dc0d0aca49d',\n  host: 'd7e226ec-d1db-485a-8583-3dc0d0aca49d.hna0.prod-us10.hanacloud.ondemand.com',\n  port: '443',\n  driver: 'com.sap.db.jdbc.Driver',\n  url: 'jdbc:sap://d7e226ec-d1db-485a-8583-3dc0d0aca49d.hna0.prod-us10.hanacloud.ondemand.com:443?encrypt=true&validateCertificate=true&currentschema=9311B6CBD15E4D128387DBA8840204D3',\n  schema: '9311B6CBD15E4D128387DBA8840204D3',\n  certificate: '...',\n  hdi_user: '9311B6CBD15E4D128387DBA8840204D3_AVZFRWQVOPBC9YKG1QFD1UT2J_DT',\n  hdi_password: '...',\n  user: '9311B6CBD15E4D128387DBA8840204D3_AVZFRWQVOPBC9YKG1QFD1UT2J_RT',\n  password: '...'\n}","type":"log"} (STDOUT, APP/PROC/WEB)#
#2026 09 16 10:12:20.705#Z#DEBUG#d1c92348-b1b6-11f1-bf33-eeee0a8e3dbc.AiCap-srv#flowable-async-job-executor-thread-15993#
[PollStartAppStatusExecution] 75be55e4-f4e8-4a57-be2a-313bf42920d9 [2026-09-16T10:12:18.302385] file:///home/vcap/app/srv/cat-service.js:1 (STDERR, APP/PROC/WEB)#
#2026 09 16 10:12:20.705#Z#DEBUG#d1c92348-b1b6-11f1-bf33-eeee0a8e3dbc.AiCap-srv#flowable-async-job-executor-thread-15993#
[PollStartAppStatusExecution] 75be55e4-f4e8-4a57-be2a-313bf42920d9 [2026-09-16T10:12:18.302419] module.exports = class CatalogService extends cds.ApplicationService { (STDERR, APP/PROC/WEB)#
#2026 09 16 10:12:20.705#Z#DEBUG#d1c92348-b1b6-11f1-bf33-eeee0a8e3dbc.AiCap-srv#flowable-async-job-executor-thread-15993#
[PollStartAppStatusExecution] 75be55e4-f4e8-4a57-be2a-313bf42920d9 [2026-09-16T10:12:18.302424] ^ (STDERR, APP/PROC/WEB)#
#2026 09 16 10:12:20.705#Z#DEBUG#d1c92348-b1b6-11f1-bf33-eeee0a8e3dbc.AiCap-srv#flowable-async-job-executor-thread-15993#
[PollStartAppStatusExecution] 75be55e4-f4e8-4a57-be2a-313bf42920d9 [2026-09-16T10:12:18.302428] ReferenceError: module is not defined in ES module scope (STDERR, APP/PROC/WEB)#
#2026 09 16 10:12:20.705#Z#DEBUG#d1c92348-b1b6-11f1-bf33-eeee0a8e3dbc.AiCap-srv#flowable-async-job-executor-thread-15993#
[PollStartAppStatusExecution] 75be55e4-f4e8-4a57-be2a-313bf42920d9 [2026-09-16T10:12:18.302434] This file is being treated as an ES module because it has a '.js' file extension and '/home/vcap/app/package.json' contains "type": "module". To treat it as a CommonJS script, rename it to use the '.cjs' file extension. (STDERR, APP/PROC/WEB)#
#2026 09 16 10:12:20.705#Z#DEBUG#d1c92348-b1b6-11f1-bf33-eeee0a8e3dbc.AiCap-srv#flowable-async-job-executor-thread-15993#
[PollStartAppStatusExecution] 75be55e4-f4e8-4a57-be2a-313bf42920d9 [2026-09-16T10:12:18.302439] at file:///home/vcap/app/srv/cat-service.js:1:1 (STDERR, APP/PROC/WEB)#
#2026 09 16 10:12:20.705#Z#DEBUG#d1c92348-b1b6-11f1-bf33-eeee0a8e3dbc.AiCap-srv#flowable-async-job-executor-thread-15993#
[PollStartAppStatusExecution] 75be55e4-f4e8-4a57-be2a-313bf42920d9 [2026-09-16T10:12:18.302446] at ModuleJob.run (node:internal/modules/esm/module_job:439:25) (STDERR, APP/PROC/WEB)#
#2026 09 16 10:12:20.705#Z#DEBUG#d1c92348-b1b6-11f1-bf33-eeee0a8e3dbc.AiCap-srv#flowable-async-job-executor-thread-15993#
[PollStartAppStatusExecution] 75be55e4-f4e8-4a57-be2a-313bf42920d9 [2026-09-16T10:12:18.302450] at async node:internal/modules/esm/loader:643:26 (STDERR, APP/PROC/WEB)#
#2026 09 16 10:12:20.705#Z#DEBUG#d1c92348-b1b6-11f1-bf33-eeee0a8e3dbc.AiCap-srv#flowable-async-job-executor-thread-15993#
[PollStartAppStatusExecution] 75be55e4-f4e8-4a57-be2a-313bf42920d9 [2026-09-16T10:12:18.302457] at async _use (/home/vcap/app/node_modules/@sap/cds/lib/srv/factory.js:32:14) (STDERR, APP/PROC/WEB)#
#2026 09 16 10:12:20.705#Z#DEBUG#d1c92348-b1b6-11f1-bf33-eeee0a8e3dbc.AiCap-srv#flowable-async-job-executor-thread-15993#
[PollStartAppStatusExecution] 75be55e4-f4e8-4a57-be2a-313bf42920d9 [2026-09-16T10:12:18.302460] at async Promise.all (index 0) (STDERR, APP/PROC/WEB)#
#2026 09 16 10:12:20.705#Z#DEBUG#d1c92348-b1b6-11f1-bf33-eeee0a8e3dbc.AiCap-srv#flowable-async-job-executor-thread-15993#
[PollStartAppStatusExecution] 75be55e4-f4e8-4a57-be2a-313bf42920d9 [2026-09-16T10:12:18.302463] at async _cds_serve (/home/vcap/app/node_modules/@sap/cds/lib/srv/cds-serve.js:32:16) (STDERR, APP/PROC/WEB)#
#2026 09 16 10:12:20.705#Z#DEBUG#d1c92348-b1b6-11f1-bf33-eeee0a8e3dbc.AiCap-srv#flowable-async-job-executor-thread-15993#
[PollStartAppStatusExecution] 75be55e4-f4e8-4a57-be2a-313bf42920d9 [2026-09-16T10:12:18.302466] at async cds_server (/home/vcap/app/node_modules/@sap/cds/server.js:61:3) (STDERR, APP/PROC/WEB)#
#2026 09 16 10:12:20.705#Z#DEBUG#d1c92348-b1b6-11f1-bf33-eeee0a8e3dbc.AiCap-srv#flowable-async-job-executor-thread-15993#
[PollStartAppStatusExecution] 75be55e4-f4e8-4a57-be2a-313bf42920d9 [2026-09-16T10:12:18.302469] at async serve (/home/vcap/app/node_modules/@sap/cds/bin/serve.js:207:18) (STDERR, APP/PROC/WEB)#
#2026 09 16 10:12:20.705#Z#DEBUG#d1c92348-b1b6-11f1-bf33-eeee0a8e3dbc.AiCap-srv#flowable-async-job-executor-thread-15993#
[PollStartAppStatusExecution] 75be55e4-f4e8-4a57-be2a-313bf42920d9 [2026-09-16T10:12:18.302472] Node.js v24.18.0 (STDERR, APP/PROC/WEB)#
#2026 09 16 10:12:20.705#Z#DEBUG#d1c92348-b1b6-11f1-bf33-eeee0a8e3dbc.AiCap-srv#flowable-async-job-executor-thread-15993#
[PollStartAppStatusExecution] 75be55e4-f4e8-4a57-be2a-313bf42920d9 [2026-09-16T10:12:18.319967] npm notice (STDERR, APP/PROC/WEB)#
#2026 09 16 10:12:20.705#Z#DEBUG#d1c92348-b1b6-11f1-bf33-eeee0a8e3dbc.AiCap-srv#flowable-async-job-executor-thread-15993#
[PollStartAppStatusExecution] 75be55e4-f4e8-4a57-be2a-313bf42920d9 [2026-09-16T10:12:18.319998] npm notice New major version of npm available! 11.16.0 -> 12.0.2 (STDERR, APP/PROC/WEB)#
#2026 09 16 10:12:20.705#Z#DEBUG#d1c92348-b1b6-11f1-bf33-eeee0a8e3dbc.AiCap-srv#flowable-async-job-executor-thread-15993#
[PollStartAppStatusExecution] 75be55e4-f4e8-4a57-be2a-313bf42920d9 [2026-09-16T10:12:18.320005] npm notice Changelog: https://github.com/npm/cli/releases/tag/v12.0.2 (STDERR, APP/PROC/WEB)#
#2026 09 16 10:12:20.705#Z#DEBUG#d1c92348-b1b6-11f1-bf33-eeee0a8e3dbc.AiCap-srv#flowable-async-job-executor-thread-15993#
[PollStartAppStatusExecution] 75be55e4-f4e8-4a57-be2a-313bf42920d9 [2026-09-16T10:12:18.320009] npm notice To update run: npm install -g npm@12.0.2 (STDERR, APP/PROC/WEB)#
#2026 09 16 10:12:20.705#Z#DEBUG#d1c92348-b1b6-11f1-bf33-eeee0a8e3dbc.AiCap-srv#flowable-async-job-executor-thread-15993#
[PollStartAppStatusExecution] 75be55e4-f4e8-4a57-be2a-313bf42920d9 [2026-09-16T10:12:18.320019] npm notice (STDERR, APP/PROC/WEB)#
#2026 09 16 10:12:20.705#Z#DEBUG#d1c92348-b1b6-11f1-bf33-eeee0a8e3dbc.AiCap-srv#flowable-async-job-executor-thread-15993#
[PollStartAppStatusExecution] 75be55e4-f4e8-4a57-be2a-313bf42920d9 [2026-09-16T10:12:18.407540] Exit status 1 (STDOUT, APP/PROC/WEB)#
#2026 09 16 10:12:30.755#Z#DEBUG#d1c92348-b1b6-11f1-bf33-eeee0a8e3dbc.AiCap-srv#flowable-async-job-executor-thread-14130#
[PollStartAppStatusExecution] 75be55e4-f4e8-4a57-be2a-313bf42920d9 [2026-09-16T10:12:24.232351] Cell c839c7b1-088e-41af-b9b7-66256aacd457 stopping instance 5167f127-b9d9-4287-477b-39a4 (STDOUT, CELL)#
#2026 09 16 10:12:30.755#Z#DEBUG#d1c92348-b1b6-11f1-bf33-eeee0a8e3dbc.AiCap-srv#flowable-async-job-executor-thread-14130#
[PollStartAppStatusExecution] 75be55e4-f4e8-4a57-be2a-313bf42920d9 [2026-09-16T10:12:24.232403] Cell c839c7b1-088e-41af-b9b7-66256aacd457 destroying container for instance 5167f127-b9d9-4287-477b-39a4 (STDOUT, CELL)#
#2026 09 16 10:12:30.756#Z#DEBUG#d1c92348-b1b6-11f1-bf33-eeee0a8e3dbc.AiCap-srv#flowable-async-job-executor-thread-14130#
[PollStartAppStatusExecution] 75be55e4-f4e8-4a57-be2a-313bf42920d9 [2026-09-16T10:12:24.239091] Process has crashed with type: "web" (STDOUT, API)#
#2026 09 16 10:12:30.756#Z#DEBUG#d1c92348-b1b6-11f1-bf33-eeee0a8e3dbc.AiCap-srv#flowable-async-job-executor-thread-14130#
[PollStartAppStatusExecution] 75be55e4-f4e8-4a57-be2a-313bf42920d9 [2026-09-16T10:12:24.254687] App instance exited with guid 75be55e4-f4e8-4a57-be2a-313bf42920d9 payload: {"instance"=>"5167f127-b9d9-4287-477b-39a4", "index"=>0, "cell_id"=>"c839c7b1-088e-41af-b9b7-66256aacd457", "reason"=>"CRASHED", "exit_description"=>"APP/PROC/WEB: Exited with status 1", "crash_count"=>1, "crash_timestamp"=>1789553544215197131, "version"=>"7812975c-6ed6-40c1-86eb-8c3a6d46edb7"} (STDOUT, API)#
#2026 09 16 10:12:30.756#Z#DEBUG#d1c92348-b1b6-11f1-bf33-eeee0a8e3dbc.AiCap-srv#flowable-async-job-executor-thread-14130#
[PollStartAppStatusExecution] 75be55e4-f4e8-4a57-be2a-313bf42920d9 [2026-09-16T10:12:24.366208] Cell 77283d80-dfa7-40ba-ba4e-265aef112085 creating container for instance 486fb6de-c42a-4893-73ee-7bc4 (STDOUT, CELL)#
#2026 09 16 10:12:30.756#Z#DEBUG#d1c92348-b1b6-11f1-bf33-eeee0a8e3dbc.AiCap-srv#flowable-async-job-executor-thread-14130#
[PollStartAppStatusExecution] 75be55e4-f4e8-4a57-be2a-313bf42920d9 [2026-09-16T10:12:24.457462] Exit status 137 (STDOUT, PROXY)#
#2026 09 16 10:12:30.756#Z#DEBUG#d1c92348-b1b6-11f1-bf33-eeee0a8e3dbc.AiCap-srv#flowable-async-job-executor-thread-14130#
[PollStartAppStatusExecution] 75be55e4-f4e8-4a57-be2a-313bf42920d9 [2026-09-16T10:12:25.266135] Security group rules were updated (STDOUT, CELL)#
#2026 09 16 10:12:30.756#Z#DEBUG#d1c92348-b1b6-11f1-bf33-eeee0a8e3dbc.AiCap-srv#flowable-async-job-executor-thread-14130#
[PollStartAppStatusExecution] 75be55e4-f4e8-4a57-be2a-313bf42920d9 [2026-09-16T10:12:25.366836] Cell 77283d80-dfa7-40ba-ba4e-265aef112085 successfully created container for instance 486fb6de-c42a-4893-73ee-7bc4 (STDOUT, CELL)#
#2026 09 16 10:12:30.756#Z#DEBUG#d1c92348-b1b6-11f1-bf33-eeee0a8e3dbc.AiCap-srv#flowable-async-job-executor-thread-14130#
[PollStartAppStatusExecution] 75be55e4-f4e8-4a57-be2a-313bf42920d9 [2026-09-16T10:12:25.692028] Downloading droplet... (STDOUT, CELL)#
#2026 09 16 10:12:30.756#Z#DEBUG#d1c92348-b1b6-11f1-bf33-eeee0a8e3dbc.AiCap-srv#flowable-async-job-executor-thread-14130#
[PollStartAppStatusExecution] 75be55e4-f4e8-4a57-be2a-313bf42920d9 [2026-09-16T10:12:26.397610] Cell c839c7b1-088e-41af-b9b7-66256aacd457 successfully destroyed container for instance 5167f127-b9d9-4287-477b-39a4 (STDOUT, CELL)#
#2026 09 16 10:12:30.756#Z#DEBUG#d1c92348-b1b6-11f1-bf33-eeee0a8e3dbc.AiCap-srv#flowable-async-job-executor-thread-14130#
[PollStartAppStatusExecution] 75be55e4-f4e8-4a57-be2a-313bf42920d9 [2026-09-16T10:12:30.054560] Downloaded droplet (62.8M) (STDOUT, CELL)#
#2026 09 16 10:12:30.756#Z#DEBUG#d1c92348-b1b6-11f1-bf33-eeee0a8e3dbc.AiCap-srv#flowable-async-job-executor-thread-14130#
[PollStartAppStatusExecution] 75be55e4-f4e8-4a57-be2a-313bf42920d9 [2026-09-16T10:12:30.054727] Starting health monitoring of container (STDOUT, CELL)#
#2026 09 16 10:12:30.756#Z#DEBUG#d1c92348-b1b6-11f1-bf33-eeee0a8e3dbc.AiCap-srv#flowable-async-job-executor-thread-14130#
[PollStartAppStatusExecution] 75be55e4-f4e8-4a57-be2a-313bf42920d9 [2026-09-16T10:12:30.237066] Invoking pre-start scripts. (STDOUT, APP/PROC/WEB)#
#2026 09 16 10:12:30.756#Z#DEBUG#d1c92348-b1b6-11f1-bf33-eeee0a8e3dbc.AiCap-srv#flowable-async-job-executor-thread-14130#
[PollStartAppStatusExecution] 75be55e4-f4e8-4a57-be2a-313bf42920d9 [2026-09-16T10:12:30.487374] Invoking start command. (STDOUT, APP/PROC/WEB)#
#2026 09 16 10:12:40.787#Z#DEBUG#d1c92348-b1b6-11f1-bf33-eeee0a8e3dbc.AiCap-srv#flowable-async-job-executor-thread-13154#
[PollStartAppStatusExecution] 75be55e4-f4e8-4a57-be2a-313bf42920d9 [2026-09-16T10:12:30.975907] > AiCap@1.0.0 start (STDOUT, APP/PROC/WEB)#
#2026 09 16 10:12:40.787#Z#DEBUG#d1c92348-b1b6-11f1-bf33-eeee0a8e3dbc.AiCap-srv#flowable-async-job-executor-thread-13154#
[PollStartAppStatusExecution] 75be55e4-f4e8-4a57-be2a-313bf42920d9 [2026-09-16T10:12:30.975948] > cds-serve (STDOUT, APP/PROC/WEB)#
#2026 09 16 10:12:40.787#Z#DEBUG#d1c92348-b1b6-11f1-bf33-eeee0a8e3dbc.AiCap-srv#flowable-async-job-executor-thread-13154#
[PollStartAppStatusExecution] 75be55e4-f4e8-4a57-be2a-313bf42920d9 [2026-09-16T10:12:31.309673] {"level":"info","logger":"cds","timestamp":"2026-09-16T10:12:31.307Z","layer":"cds","component_type":"application","container_id":"10.32.3.6","component_id":"75be55e4-f4e8-4a57-be2a-313bf42920d9","component_name":"AiCap-srv","component_instance":0,"source_instance":0,"organization_name":"5aaa8d8dtrial","organization_id":"cc2f7598-034a-422a-b46b-912aff1726b5","space_name":"dev","space_id":"aeb4407e-27ee-42fa-9b7c-bc76d021820d","msg":"loaded model from 1 file(s):\n ","type":"log"} (STDOUT, APP/PROC/WEB)#
#2026 09 16 10:12:40.787#Z#DEBUG#d1c92348-b1b6-11f1-bf33-eeee0a8e3dbc.AiCap-srv#flowable-async-job-executor-thread-13154#
[PollStartAppStatusExecution] 75be55e4-f4e8-4a57-be2a-313bf42920d9 [2026-09-16T10:12:31.310201] srv/csn.json (STDOUT, APP/PROC/WEB)#
#2026 09 16 10:12:40.787#Z#DEBUG#d1c92348-b1b6-11f1-bf33-eeee0a8e3dbc.AiCap-srv#flowable-async-job-executor-thread-13154#
[PollStartAppStatusExecution] 75be55e4-f4e8-4a57-be2a-313bf42920d9 [2026-09-16T10:12:31.558332] {"level":"info","logger":"cds","timestamp":"2026-09-16T10:12:31.557Z","layer":"cds","component_type":"application","container_id":"10.32.3.6","component_id":"75be55e4-f4e8-4a57-be2a-313bf42920d9","component_name":"AiCap-srv","component_instance":0,"source_instance":0,"organization_name":"5aaa8d8dtrial","organization_id":"cc2f7598-034a-422a-b46b-912aff1726b5","space_name":"dev","space_id":"aeb4407e-27ee-42fa-9b7c-bc76d021820d","msg":"connect to db > hana {\n  database_id: 'd7e226ec-d1db-485a-8583-3dc0d0aca49d',\n  host: 'd7e226ec-d1db-485a-8583-3dc0d0aca49d.hna0.prod-us10.hanacloud.ondemand.com',\n  port: '443',\n  driver: 'com.sap.db.jdbc.Driver',\n  url: 'jdbc:sap://d7e226ec-d1db-485a-8583-3dc0d0aca49d.hna0.prod-us10.hanacloud.ondemand.com:443?encrypt=true&validateCertificate=true&currentschema=9311B6CBD15E4D128387DBA8840204D3',\n  schema: '9311B6CBD15E4D128387DBA8840204D3',\n  certificate: '...',\n  hdi_user: '9311B6CBD15E4D128387DBA8840204D3_AVZFRWQVOPBC9YKG1QFD1UT2J_DT',\n  hdi_password: '...',\n  user: '9311B6CBD15E4D128387DBA8840204D3_AVZFRWQVOPBC9YKG1QFD1UT2J_RT',\n  password: '...'\n}","type":"log"} (STDOUT, APP/PROC/WEB)#
#2026 09 16 10:12:40.787#Z#DEBUG#d1c92348-b1b6-11f1-bf33-eeee0a8e3dbc.AiCap-srv#flowable-async-job-executor-thread-13154#
[PollStartAppStatusExecution] 75be55e4-f4e8-4a57-be2a-313bf42920d9 [2026-09-16T10:12:31.568090] file:///home/vcap/app/srv/cat-service.js:1 (STDERR, APP/PROC/WEB)#
#2026 09 16 10:12:40.787#Z#DEBUG#d1c92348-b1b6-11f1-bf33-eeee0a8e3dbc.AiCap-srv#flowable-async-job-executor-thread-13154#
[PollStartAppStatusExecution] 75be55e4-f4e8-4a57-be2a-313bf42920d9 [2026-09-16T10:12:31.568124] module.exports = class CatalogService extends cds.ApplicationService { (STDERR, APP/PROC/WEB)#
#2026 09 16 10:12:40.787#Z#DEBUG#d1c92348-b1b6-11f1-bf33-eeee0a8e3dbc.AiCap-srv#flowable-async-job-executor-thread-13154#
[PollStartAppStatusExecution] 75be55e4-f4e8-4a57-be2a-313bf42920d9 [2026-09-16T10:12:31.568127] ^ (STDERR, APP/PROC/WEB)#
#2026 09 16 10:12:40.787#Z#DEBUG#d1c92348-b1b6-11f1-bf33-eeee0a8e3dbc.AiCap-srv#flowable-async-job-executor-thread-13154#
[PollStartAppStatusExecution] 75be55e4-f4e8-4a57-be2a-313bf42920d9 [2026-09-16T10:12:31.568132] ReferenceError: module is not defined in ES module scope (STDERR, APP/PROC/WEB)#
#2026 09 16 10:12:40.787#Z#DEBUG#d1c92348-b1b6-11f1-bf33-eeee0a8e3dbc.AiCap-srv#flowable-async-job-executor-thread-13154#
[PollStartAppStatusExecution] 75be55e4-f4e8-4a57-be2a-313bf42920d9 [2026-09-16T10:12:31.568137] This file is being treated as an ES module because it has a '.js' file extension and '/home/vcap/app/package.json' contains "type": "module". To treat it as a CommonJS script, rename it to use the '.cjs' file extension. (STDERR, APP/PROC/WEB)#
#2026 09 16 10:12:40.787#Z#DEBUG#d1c92348-b1b6-11f1-bf33-eeee0a8e3dbc.AiCap-srv#flowable-async-job-executor-thread-13154#
[PollStartAppStatusExecution] 75be55e4-f4e8-4a57-be2a-313bf42920d9 [2026-09-16T10:12:31.568319] at file:///home/vcap/app/srv/cat-service.js:1:1 (STDERR, APP/PROC/WEB)#
#2026 09 16 10:12:40.787#Z#DEBUG#d1c92348-b1b6-11f1-bf33-eeee0a8e3dbc.AiCap-srv#flowable-async-job-executor-thread-13154#
[PollStartAppStatusExecution] 75be55e4-f4e8-4a57-be2a-313bf42920d9 [2026-09-16T10:12:31.568332] at ModuleJob.run (node:internal/modules/esm/module_job:439:25) (STDERR, APP/PROC/WEB)#
#2026 09 16 10:12:40.787#Z#DEBUG#d1c92348-b1b6-11f1-bf33-eeee0a8e3dbc.AiCap-srv#flowable-async-job-executor-thread-13154#
[PollStartAppStatusExecution] 75be55e4-f4e8-4a57-be2a-313bf42920d9 [2026-09-16T10:12:31.568336] at async node:internal/modules/esm/loader:643:26 (STDERR, APP/PROC/WEB)#
#2026 09 16 10:12:40.787#Z#DEBUG#d1c92348-b1b6-11f1-bf33-eeee0a8e3dbc.AiCap-srv#flowable-async-job-executor-thread-13154#
[PollStartAppStatusExecution] 75be55e4-f4e8-4a57-be2a-313bf42920d9 [2026-09-16T10:12:31.568345] at async _use (/home/vcap/app/node_modules/@sap/cds/lib/srv/factory.js:32:14) (STDERR, APP/PROC/WEB)#
#2026 09 16 10:12:40.787#Z#DEBUG#d1c92348-b1b6-11f1-bf33-eeee0a8e3dbc.AiCap-srv#flowable-async-job-executor-thread-13154#
[PollStartAppStatusExecution] 75be55e4-f4e8-4a57-be2a-313bf42920d9 [2026-09-16T10:12:31.568349] at async Promise.all (index 0) (STDERR, APP/PROC/WEB)#
#2026 09 16 10:12:40.787#Z#DEBUG#d1c92348-b1b6-11f1-bf33-eeee0a8e3dbc.AiCap-srv#flowable-async-job-executor-thread-13154#
[PollStartAppStatusExecution] 75be55e4-f4e8-4a57-be2a-313bf42920d9 [2026-09-16T10:12:31.568352] at async _cds_serve (/home/vcap/app/node_modules/@sap/cds/lib/srv/cds-serve.js:32:16) (STDERR, APP/PROC/WEB)#
#2026 09 16 10:12:40.787#Z#DEBUG#d1c92348-b1b6-11f1-bf33-eeee0a8e3dbc.AiCap-srv#flowable-async-job-executor-thread-13154#
[PollStartAppStatusExecution] 75be55e4-f4e8-4a57-be2a-313bf42920d9 [2026-09-16T10:12:31.568355] at async cds_server (/home/vcap/app/node_modules/@sap/cds/server.js:61:3) (STDERR, APP/PROC/WEB)#
#2026 09 16 10:12:40.787#Z#DEBUG#d1c92348-b1b6-11f1-bf33-eeee0a8e3dbc.AiCap-srv#flowable-async-job-executor-thread-13154#
[PollStartAppStatusExecution] 75be55e4-f4e8-4a57-be2a-313bf42920d9 [2026-09-16T10:12:31.568358] at async serve (/home/vcap/app/node_modules/@sap/cds/bin/serve.js:207:18) (STDERR, APP/PROC/WEB)#
#2026 09 16 10:12:40.787#Z#DEBUG#d1c92348-b1b6-11f1-bf33-eeee0a8e3dbc.AiCap-srv#flowable-async-job-executor-thread-13154#
[PollStartAppStatusExecution] 75be55e4-f4e8-4a57-be2a-313bf42920d9 [2026-09-16T10:12:31.568361] Node.js v24.18.0 (STDERR, APP/PROC/WEB)#
#2026 09 16 10:12:40.787#Z#DEBUG#d1c92348-b1b6-11f1-bf33-eeee0a8e3dbc.AiCap-srv#flowable-async-job-executor-thread-13154#
[PollStartAppStatusExecution] 75be55e4-f4e8-4a57-be2a-313bf42920d9 [2026-09-16T10:12:31.584881] npm notice (STDERR, APP/PROC/WEB)#
#2026 09 16 10:12:40.787#Z#DEBUG#d1c92348-b1b6-11f1-bf33-eeee0a8e3dbc.AiCap-srv#flowable-async-job-executor-thread-13154#
[PollStartAppStatusExecution] 75be55e4-f4e8-4a57-be2a-313bf42920d9 [2026-09-16T10:12:31.584916] npm notice New major version of npm available! 11.16.0 -> 12.0.2 (STDERR, APP/PROC/WEB)#
#2026 09 16 10:12:40.787#Z#DEBUG#d1c92348-b1b6-11f1-bf33-eeee0a8e3dbc.AiCap-srv#flowable-async-job-executor-thread-13154#
[PollStartAppStatusExecution] 75be55e4-f4e8-4a57-be2a-313bf42920d9 [2026-09-16T10:12:31.584925] npm notice Changelog: https://github.com/npm/cli/releases/tag/v12.0.2 (STDERR, APP/PROC/WEB)#
#2026 09 16 10:12:40.787#Z#DEBUG#d1c92348-b1b6-11f1-bf33-eeee0a8e3dbc.AiCap-srv#flowable-async-job-executor-thread-13154#
[PollStartAppStatusExecution] 75be55e4-f4e8-4a57-be2a-313bf42920d9 [2026-09-16T10:12:31.584929] npm notice To update run: npm install -g npm@12.0.2 (STDERR, APP/PROC/WEB)#
#2026 09 16 10:12:40.787#Z#DEBUG#d1c92348-b1b6-11f1-bf33-eeee0a8e3dbc.AiCap-srv#flowable-async-job-executor-thread-13154#
[PollStartAppStatusExecution] 75be55e4-f4e8-4a57-be2a-313bf42920d9 [2026-09-16T10:12:31.584932] npm notice (STDERR, APP/PROC/WEB)#
#2026 09 16 10:12:40.787#Z#DEBUG#d1c92348-b1b6-11f1-bf33-eeee0a8e3dbc.AiCap-srv#flowable-async-job-executor-thread-13154#
[PollStartAppStatusExecution] 75be55e4-f4e8-4a57-be2a-313bf42920d9 [2026-09-16T10:12:31.657405] Exit status 1 (STDOUT, APP/PROC/WEB)#
#2026 09 16 10:12:40.787#Z#DEBUG#d1c92348-b1b6-11f1-bf33-eeee0a8e3dbc.AiCap-srv#flowable-async-job-executor-thread-13154#
[PollStartAppStatusExecution] 75be55e4-f4e8-4a57-be2a-313bf42920d9 [2026-09-16T10:12:37.480476] Cell 77283d80-dfa7-40ba-ba4e-265aef112085 stopping instance 486fb6de-c42a-4893-73ee-7bc4 (STDOUT, CELL)#
#2026 09 16 10:12:40.787#Z#DEBUG#d1c92348-b1b6-11f1-bf33-eeee0a8e3dbc.AiCap-srv#flowable-async-job-executor-thread-13154#
[PollStartAppStatusExecution] 75be55e4-f4e8-4a57-be2a-313bf42920d9 [2026-09-16T10:12:37.480547] Cell 77283d80-dfa7-40ba-ba4e-265aef112085 destroying container for instance 486fb6de-c42a-4893-73ee-7bc4 (STDOUT, CELL)#
#2026 09 16 10:12:40.787#Z#DEBUG#d1c92348-b1b6-11f1-bf33-eeee0a8e3dbc.AiCap-srv#flowable-async-job-executor-thread-13154#
[PollStartAppStatusExecution] 75be55e4-f4e8-4a57-be2a-313bf42920d9 [2026-09-16T10:12:37.499974] Process has crashed with type: "web" (STDOUT, API)#
#2026 09 16 10:12:40.787#Z#DEBUG#d1c92348-b1b6-11f1-bf33-eeee0a8e3dbc.AiCap-srv#flowable-async-job-executor-thread-13154#
[PollStartAppStatusExecution] 75be55e4-f4e8-4a57-be2a-313bf42920d9 [2026-09-16T10:12:37.513436] App instance exited with guid 75be55e4-f4e8-4a57-be2a-313bf42920d9 payload: {"instance"=>"486fb6de-c42a-4893-73ee-7bc4", "index"=>0, "cell_id"=>"77283d80-dfa7-40ba-ba4e-265aef112085", "reason"=>"CRASHED", "exit_description"=>"APP/PROC/WEB: Exited with status 1", "crash_count"=>2, "crash_timestamp"=>1789553557458254231, "version"=>"7812975c-6ed6-40c1-86eb-8c3a6d46edb7"} (STDOUT, API)#
#2026 09 16 10:12:40.787#Z#DEBUG#d1c92348-b1b6-11f1-bf33-eeee0a8e3dbc.AiCap-srv#flowable-async-job-executor-thread-13154#
[PollStartAppStatusExecution] 75be55e4-f4e8-4a57-be2a-313bf42920d9 [2026-09-16T10:12:37.686514] Cell c839c7b1-088e-41af-b9b7-66256aacd457 creating container for instance ec48cee6-f254-488e-5c7a-9fba (STDOUT, CELL)#
#2026 09 16 10:12:40.787#Z#DEBUG#d1c92348-b1b6-11f1-bf33-eeee0a8e3dbc.AiCap-srv#flowable-async-job-executor-thread-13154#
[PollStartAppStatusExecution] 75be55e4-f4e8-4a57-be2a-313bf42920d9 [2026-09-16T10:12:37.759403] Exit status 137 (STDOUT, PROXY)#
#2026 09 16 10:12:40.787#Z#DEBUG#d1c92348-b1b6-11f1-bf33-eeee0a8e3dbc.AiCap-srv#flowable-async-job-executor-thread-13154#
[PollStartAppStatusExecution] 75be55e4-f4e8-4a57-be2a-313bf42920d9 [2026-09-16T10:12:38.451899] Security group rules were updated (STDOUT, CELL)#
#2026 09 16 10:12:40.787#Z#DEBUG#d1c92348-b1b6-11f1-bf33-eeee0a8e3dbc.AiCap-srv#flowable-async-job-executor-thread-13154#
[PollStartAppStatusExecution] 75be55e4-f4e8-4a57-be2a-313bf42920d9 [2026-09-16T10:12:38.532354] Cell c839c7b1-088e-41af-b9b7-66256aacd457 successfully created container for instance ec48cee6-f254-488e-5c7a-9fba (STDOUT, CELL)#
#2026 09 16 10:12:40.787#Z#DEBUG#d1c92348-b1b6-11f1-bf33-eeee0a8e3dbc.AiCap-srv#flowable-async-job-executor-thread-13154#
[PollStartAppStatusExecution] 75be55e4-f4e8-4a57-be2a-313bf42920d9 [2026-09-16T10:12:38.901938] Downloading droplet... (STDOUT, CELL)#
#2026 09 16 10:12:40.787#Z#DEBUG#d1c92348-b1b6-11f1-bf33-eeee0a8e3dbc.AiCap-srv#flowable-async-job-executor-thread-13154#
[PollStartAppStatusExecution] 75be55e4-f4e8-4a57-be2a-313bf42920d9 [2026-09-16T10:12:40.090078] Cell 77283d80-dfa7-40ba-ba4e-265aef112085 successfully destroyed container for instance 486fb6de-c42a-4893-73ee-7bc4 (STDOUT, CELL)#
#2026 09 16 10:12:50.906#Z#DEBUG#d1c92348-b1b6-11f1-bf33-eeee0a8e3dbc.AiCap-srv#flowable-async-job-executor-thread-13162#
[PollStartAppStatusExecution] 75be55e4-f4e8-4a57-be2a-313bf42920d9 [2026-09-16T10:12:40.575633] Downloaded droplet (STDOUT, CELL)#
#2026 09 16 10:12:50.906#Z#DEBUG#d1c92348-b1b6-11f1-bf33-eeee0a8e3dbc.AiCap-srv#flowable-async-job-executor-thread-13162#
[PollStartAppStatusExecution] 75be55e4-f4e8-4a57-be2a-313bf42920d9 [2026-09-16T10:12:40.575840] Starting health monitoring of container (STDOUT, CELL)#
#2026 09 16 10:12:50.906#Z#DEBUG#d1c92348-b1b6-11f1-bf33-eeee0a8e3dbc.AiCap-srv#flowable-async-job-executor-thread-13162#
[PollStartAppStatusExecution] 75be55e4-f4e8-4a57-be2a-313bf42920d9 [2026-09-16T10:12:40.723015] Invoking pre-start scripts. (STDOUT, APP/PROC/WEB)#
#2026 09 16 10:12:50.906#Z#DEBUG#d1c92348-b1b6-11f1-bf33-eeee0a8e3dbc.AiCap-srv#flowable-async-job-executor-thread-13162#
[PollStartAppStatusExecution] 75be55e4-f4e8-4a57-be2a-313bf42920d9 [2026-09-16T10:12:40.958036] Invoking start command. (STDOUT, APP/PROC/WEB)#
#2026 09 16 10:12:50.906#Z#DEBUG#d1c92348-b1b6-11f1-bf33-eeee0a8e3dbc.AiCap-srv#flowable-async-job-executor-thread-13162#
[PollStartAppStatusExecution] 75be55e4-f4e8-4a57-be2a-313bf42920d9 [2026-09-16T10:12:41.393424] > AiCap@1.0.0 start (STDOUT, APP/PROC/WEB)#
#2026 09 16 10:12:50.906#Z#DEBUG#d1c92348-b1b6-11f1-bf33-eeee0a8e3dbc.AiCap-srv#flowable-async-job-executor-thread-13162#
[PollStartAppStatusExecution] 75be55e4-f4e8-4a57-be2a-313bf42920d9 [2026-09-16T10:12:41.393460] > cds-serve (STDOUT, APP/PROC/WEB)#
#2026 09 16 10:12:50.906#Z#DEBUG#d1c92348-b1b6-11f1-bf33-eeee0a8e3dbc.AiCap-srv#flowable-async-job-executor-thread-13162#
[PollStartAppStatusExecution] 75be55e4-f4e8-4a57-be2a-313bf42920d9 [2026-09-16T10:12:41.700563] {"level":"info","logger":"cds","timestamp":"2026-09-16T10:12:41.699Z","layer":"cds","component_type":"application","container_id":"10.32.2.6","component_id":"75be55e4-f4e8-4a57-be2a-313bf42920d9","component_name":"AiCap-srv","component_instance":0,"source_instance":0,"organization_name":"5aaa8d8dtrial","organization_id":"cc2f7598-034a-422a-b46b-912aff1726b5","space_name":"dev","space_id":"aeb4407e-27ee-42fa-9b7c-bc76d021820d","msg":"loaded model from 1 file(s):\n ","type":"log"} (STDOUT, APP/PROC/WEB)#
#2026 09 16 10:12:50.906#Z#DEBUG#d1c92348-b1b6-11f1-bf33-eeee0a8e3dbc.AiCap-srv#flowable-async-job-executor-thread-13162#
[PollStartAppStatusExecution] 75be55e4-f4e8-4a57-be2a-313bf42920d9 [2026-09-16T10:12:41.701139] srv/csn.json (STDOUT, APP/PROC/WEB)#
#2026 09 16 10:12:50.906#Z#DEBUG#d1c92348-b1b6-11f1-bf33-eeee0a8e3dbc.AiCap-srv#flowable-async-job-executor-thread-13162#
[PollStartAppStatusExecution] 75be55e4-f4e8-4a57-be2a-313bf42920d9 [2026-09-16T10:12:41.894515] {"level":"info","logger":"cds","timestamp":"2026-09-16T10:12:41.893Z","layer":"cds","component_type":"application","container_id":"10.32.2.6","component_id":"75be55e4-f4e8-4a57-be2a-313bf42920d9","component_name":"AiCap-srv","component_instance":0,"source_instance":0,"organization_name":"5aaa8d8dtrial","organization_id":"cc2f7598-034a-422a-b46b-912aff1726b5","space_name":"dev","space_id":"aeb4407e-27ee-42fa-9b7c-bc76d021820d","msg":"connect to db > hana {\n  database_id: 'd7e226ec-d1db-485a-8583-3dc0d0aca49d',\n  host: 'd7e226ec-d1db-485a-8583-3dc0d0aca49d.hna0.prod-us10.hanacloud.ondemand.com',\n  port: '443',\n  driver: 'com.sap.db.jdbc.Driver',\n  url: 'jdbc:sap://d7e226ec-d1db-485a-8583-3dc0d0aca49d.hna0.prod-us10.hanacloud.ondemand.com:443?encrypt=true&validateCertificate=true&currentschema=9311B6CBD15E4D128387DBA8840204D3',\n  schema: '9311B6CBD15E4D128387DBA8840204D3',\n  certificate: '...',\n  hdi_user: '9311B6CBD15E4D128387DBA8840204D3_AVZFRWQVOPBC9YKG1QFD1UT2J_DT',\n  hdi_password: '...',\n  user: '9311B6CBD15E4D128387DBA8840204D3_AVZFRWQVOPBC9YKG1QFD1UT2J_RT',\n  password: '...'\n}","type":"log"} (STDOUT, APP/PROC/WEB)#
#2026 09 16 10:12:50.906#Z#DEBUG#d1c92348-b1b6-11f1-bf33-eeee0a8e3dbc.AiCap-srv#flowable-async-job-executor-thread-13162#
[PollStartAppStatusExecution] 75be55e4-f4e8-4a57-be2a-313bf42920d9 [2026-09-16T10:12:41.903145] file:///home/vcap/app/srv/cat-service.js:1 (STDERR, APP/PROC/WEB)#
#2026 09 16 10:12:50.906#Z#DEBUG#d1c92348-b1b6-11f1-bf33-eeee0a8e3dbc.AiCap-srv#flowable-async-job-executor-thread-13162#
[PollStartAppStatusExecution] 75be55e4-f4e8-4a57-be2a-313bf42920d9 [2026-09-16T10:12:41.903177] module.exports = class CatalogService extends cds.ApplicationService { (STDERR, APP/PROC/WEB)#
#2026 09 16 10:12:50.906#Z#DEBUG#d1c92348-b1b6-11f1-bf33-eeee0a8e3dbc.AiCap-srv#flowable-async-job-executor-thread-13162#
[PollStartAppStatusExecution] 75be55e4-f4e8-4a57-be2a-313bf42920d9 [2026-09-16T10:12:41.903181] ^ (STDERR, APP/PROC/WEB)#
#2026 09 16 10:12:50.906#Z#DEBUG#d1c92348-b1b6-11f1-bf33-eeee0a8e3dbc.AiCap-srv#flowable-async-job-executor-thread-13162#
[PollStartAppStatusExecution] 75be55e4-f4e8-4a57-be2a-313bf42920d9 [2026-09-16T10:12:41.903187] ReferenceError: module is not defined in ES module scope (STDERR, APP/PROC/WEB)#
#2026 09 16 10:12:50.906#Z#DEBUG#d1c92348-b1b6-11f1-bf33-eeee0a8e3dbc.AiCap-srv#flowable-async-job-executor-thread-13162#
[PollStartAppStatusExecution] 75be55e4-f4e8-4a57-be2a-313bf42920d9 [2026-09-16T10:12:41.903192] This file is being treated as an ES module because it has a '.js' file extension and '/home/vcap/app/package.json' contains "type": "module". To treat it as a CommonJS script, rename it to use the '.cjs' file extension. (STDERR, APP/PROC/WEB)#
#2026 09 16 10:12:50.906#Z#DEBUG#d1c92348-b1b6-11f1-bf33-eeee0a8e3dbc.AiCap-srv#flowable-async-job-executor-thread-13162#
[PollStartAppStatusExecution] 75be55e4-f4e8-4a57-be2a-313bf42920d9 [2026-09-16T10:12:41.903195] at file:///home/vcap/app/srv/cat-service.js:1:1 (STDERR, APP/PROC/WEB)#
#2026 09 16 10:12:50.906#Z#DEBUG#d1c92348-b1b6-11f1-bf33-eeee0a8e3dbc.AiCap-srv#flowable-async-job-executor-thread-13162#
[PollStartAppStatusExecution] 75be55e4-f4e8-4a57-be2a-313bf42920d9 [2026-09-16T10:12:41.903198] at ModuleJob.run (node:internal/modules/esm/module_job:439:25) (STDERR, APP/PROC/WEB)#
#2026 09 16 10:12:50.906#Z#DEBUG#d1c92348-b1b6-11f1-bf33-eeee0a8e3dbc.AiCap-srv#flowable-async-job-executor-thread-13162#
[PollStartAppStatusExecution] 75be55e4-f4e8-4a57-be2a-313bf42920d9 [2026-09-16T10:12:41.903204] at async node:internal/modules/esm/loader:643:26 (STDERR, APP/PROC/WEB)#
#2026 09 16 10:12:50.906#Z#DEBUG#d1c92348-b1b6-11f1-bf33-eeee0a8e3dbc.AiCap-srv#flowable-async-job-executor-thread-13162#
[PollStartAppStatusExecution] 75be55e4-f4e8-4a57-be2a-313bf42920d9 [2026-09-16T10:12:41.903208] at async _use (/home/vcap/app/node_modules/@sap/cds/lib/srv/factory.js:32:14) (STDERR, APP/PROC/WEB)#
#2026 09 16 10:12:50.906#Z#DEBUG#d1c92348-b1b6-11f1-bf33-eeee0a8e3dbc.AiCap-srv#flowable-async-job-executor-thread-13162#
[PollStartAppStatusExecution] 75be55e4-f4e8-4a57-be2a-313bf42920d9 [2026-09-16T10:12:41.903210] at async Promise.all (index 0) (STDERR, APP/PROC/WEB)#
#2026 09 16 10:12:50.906#Z#DEBUG#d1c92348-b1b6-11f1-bf33-eeee0a8e3dbc.AiCap-srv#flowable-async-job-executor-thread-13162#
[PollStartAppStatusExecution] 75be55e4-f4e8-4a57-be2a-313bf42920d9 [2026-09-16T10:12:41.903216] at async _cds_serve (/home/vcap/app/node_modules/@sap/cds/lib/srv/cds-serve.js:32:16) (STDERR, APP/PROC/WEB)#
#2026 09 16 10:12:50.906#Z#DEBUG#d1c92348-b1b6-11f1-bf33-eeee0a8e3dbc.AiCap-srv#flowable-async-job-executor-thread-13162#
[PollStartAppStatusExecution] 75be55e4-f4e8-4a57-be2a-313bf42920d9 [2026-09-16T10:12:41.903219] at async cds_server (/home/vcap/app/node_modules/@sap/cds/server.js:61:3) (STDERR, APP/PROC/WEB)#
#2026 09 16 10:12:50.906#Z#DEBUG#d1c92348-b1b6-11f1-bf33-eeee0a8e3dbc.AiCap-srv#flowable-async-job-executor-thread-13162#
[PollStartAppStatusExecution] 75be55e4-f4e8-4a57-be2a-313bf42920d9 [2026-09-16T10:12:41.903222] at async serve (/home/vcap/app/node_modules/@sap/cds/bin/serve.js:207:18) (STDERR, APP/PROC/WEB)#
#2026 09 16 10:12:50.906#Z#DEBUG#d1c92348-b1b6-11f1-bf33-eeee0a8e3dbc.AiCap-srv#flowable-async-job-executor-thread-13162#
[PollStartAppStatusExecution] 75be55e4-f4e8-4a57-be2a-313bf42920d9 [2026-09-16T10:12:41.903226] Node.js v24.18.0 (STDERR, APP/PROC/WEB)#
#2026 09 16 10:12:50.906#Z#DEBUG#d1c92348-b1b6-11f1-bf33-eeee0a8e3dbc.AiCap-srv#flowable-async-job-executor-thread-13162#
[PollStartAppStatusExecution] 75be55e4-f4e8-4a57-be2a-313bf42920d9 [2026-09-16T10:12:41.918579] npm notice (STDERR, APP/PROC/WEB)#
#2026 09 16 10:12:50.906#Z#DEBUG#d1c92348-b1b6-11f1-bf33-eeee0a8e3dbc.AiCap-srv#flowable-async-job-executor-thread-13162#
[PollStartAppStatusExecution] 75be55e4-f4e8-4a57-be2a-313bf42920d9 [2026-09-16T10:12:41.918607] npm notice New major version of npm available! 11.16.0 -> 12.0.2 (STDERR, APP/PROC/WEB)#
#2026 09 16 10:12:50.906#Z#DEBUG#d1c92348-b1b6-11f1-bf33-eeee0a8e3dbc.AiCap-srv#flowable-async-job-executor-thread-13162#
[PollStartAppStatusExecution] 75be55e4-f4e8-4a57-be2a-313bf42920d9 [2026-09-16T10:12:41.918612] npm notice Changelog: https://github.com/npm/cli/releases/tag/v12.0.2 (STDERR, APP/PROC/WEB)#
#2026 09 16 10:12:50.906#Z#DEBUG#d1c92348-b1b6-11f1-bf33-eeee0a8e3dbc.AiCap-srv#flowable-async-job-executor-thread-13162#
[PollStartAppStatusExecution] 75be55e4-f4e8-4a57-be2a-313bf42920d9 [2026-09-16T10:12:41.918614] npm notice To update run: npm install -g npm@12.0.2 (STDERR, APP/PROC/WEB)#
#2026 09 16 10:12:50.906#Z#DEBUG#d1c92348-b1b6-11f1-bf33-eeee0a8e3dbc.AiCap-srv#flowable-async-job-executor-thread-13162#
[PollStartAppStatusExecution] 75be55e4-f4e8-4a57-be2a-313bf42920d9 [2026-09-16T10:12:41.918617] npm notice (STDERR, APP/PROC/WEB)#
#2026 09 16 10:12:50.906#Z#DEBUG#d1c92348-b1b6-11f1-bf33-eeee0a8e3dbc.AiCap-srv#flowable-async-job-executor-thread-13162#
[PollStartAppStatusExecution] 75be55e4-f4e8-4a57-be2a-313bf42920d9 [2026-09-16T10:12:41.993501] Exit status 1 (STDOUT, APP/PROC/WEB)#
#2026 09 16 10:12:50.906#Z#DEBUG#d1c92348-b1b6-11f1-bf33-eeee0a8e3dbc.AiCap-srv#flowable-async-job-executor-thread-13162#
[PollStartAppStatusExecution] 75be55e4-f4e8-4a57-be2a-313bf42920d9 [2026-09-16T10:12:47.837687] Cell c839c7b1-088e-41af-b9b7-66256aacd457 stopping instance ec48cee6-f254-488e-5c7a-9fba (STDOUT, CELL)#
#2026 09 16 10:12:50.906#Z#DEBUG#d1c92348-b1b6-11f1-bf33-eeee0a8e3dbc.AiCap-srv#flowable-async-job-executor-thread-13162#
[PollStartAppStatusExecution] 75be55e4-f4e8-4a57-be2a-313bf42920d9 [2026-09-16T10:12:47.837726] Cell c839c7b1-088e-41af-b9b7-66256aacd457 destroying container for instance ec48cee6-f254-488e-5c7a-9fba (STDOUT, CELL)#
#2026 09 16 10:12:50.906#Z#DEBUG#d1c92348-b1b6-11f1-bf33-eeee0a8e3dbc.AiCap-srv#flowable-async-job-executor-thread-13162#
[PollStartAppStatusExecution] 75be55e4-f4e8-4a57-be2a-313bf42920d9 [2026-09-16T10:12:47.857665] Process has crashed with type: "web" (STDOUT, API)#
#2026 09 16 10:12:50.906#Z#DEBUG#d1c92348-b1b6-11f1-bf33-eeee0a8e3dbc.AiCap-srv#flowable-async-job-executor-thread-13162#
[PollStartAppStatusExecution] 75be55e4-f4e8-4a57-be2a-313bf42920d9 [2026-09-16T10:12:47.872404] App instance exited with guid 75be55e4-f4e8-4a57-be2a-313bf42920d9 payload: {"instance"=>"ec48cee6-f254-488e-5c7a-9fba", "index"=>0, "cell_id"=>"c839c7b1-088e-41af-b9b7-66256aacd457", "reason"=>"CRASHED", "exit_description"=>"APP/PROC/WEB: Exited with status 1", "crash_count"=>3, "crash_timestamp"=>1789553567833580534, "version"=>"7812975c-6ed6-40c1-86eb-8c3a6d46edb7"} (STDOUT, API)#
#2026 09 16 10:12:50.906#Z#DEBUG#d1c92348-b1b6-11f1-bf33-eeee0a8e3dbc.AiCap-srv#flowable-async-job-executor-thread-13162#
[PollStartAppStatusExecution] 75be55e4-f4e8-4a57-be2a-313bf42920d9 [2026-09-16T10:12:48.058814] Exit status 137 (STDOUT, PROXY)#
#2026 09 16 10:12:50.906#Z#DEBUG#d1c92348-b1b6-11f1-bf33-eeee0a8e3dbc.AiCap-srv#flowable-async-job-executor-thread-13162#
[PollStartAppStatusExecution] 75be55e4-f4e8-4a57-be2a-313bf42920d9 [2026-09-16T10:12:50.153719] Cell c839c7b1-088e-41af-b9b7-66256aacd457 successfully destroyed container for instance ec48cee6-f254-488e-5c7a-9fba (STDOUT, CELL)#
#2026 09 16 10:13:01.024#Z#DEBUG#d1c92348-b1b6-11f1-bf33-eeee0a8e3dbc.AiCap-srv#flowable-async-job-executor-thread-13167#
[PollStartAppStatusExecution] 75be55e4-f4e8-4a57-be2a-313bf42920d9 [2026-09-16T10:12:40.575633] Downloaded droplet (STDOUT, CELL)#
#2026 09 16 10:13:01.024#Z#DEBUG#d1c92348-b1b6-11f1-bf33-eeee0a8e3dbc.AiCap-srv#flowable-async-job-executor-thread-13167#
[PollStartAppStatusExecution] 75be55e4-f4e8-4a57-be2a-313bf42920d9 [2026-09-16T10:12:40.575840] Starting health monitoring of container (STDOUT, CELL)#
#2026 09 16 10:13:01.024#Z#DEBUG#d1c92348-b1b6-11f1-bf33-eeee0a8e3dbc.AiCap-srv#flowable-async-job-executor-thread-13167#
[PollStartAppStatusExecution] 75be55e4-f4e8-4a57-be2a-313bf42920d9 [2026-09-16T10:12:40.723015] Invoking pre-start scripts. (STDOUT, APP/PROC/WEB)#
#2026 09 16 10:13:01.024#Z#DEBUG#d1c92348-b1b6-11f1-bf33-eeee0a8e3dbc.AiCap-srv#flowable-async-job-executor-thread-13167#
[PollStartAppStatusExecution] 75be55e4-f4e8-4a57-be2a-313bf42920d9 [2026-09-16T10:12:40.958036] Invoking start command. (STDOUT, APP/PROC/WEB)#
#2026 09 16 10:13:01.024#Z#DEBUG#d1c92348-b1b6-11f1-bf33-eeee0a8e3dbc.AiCap-srv#flowable-async-job-executor-thread-13167#
[PollStartAppStatusExecution] 75be55e4-f4e8-4a57-be2a-313bf42920d9 [2026-09-16T10:12:41.393424] > AiCap@1.0.0 start (STDOUT, APP/PROC/WEB)#
#2026 09 16 10:13:01.024#Z#DEBUG#d1c92348-b1b6-11f1-bf33-eeee0a8e3dbc.AiCap-srv#flowable-async-job-executor-thread-13167#
[PollStartAppStatusExecution] 75be55e4-f4e8-4a57-be2a-313bf42920d9 [2026-09-16T10:12:41.393460] > cds-serve (STDOUT, APP/PROC/WEB)#
#2026 09 16 10:13:01.024#Z#DEBUG#d1c92348-b1b6-11f1-bf33-eeee0a8e3dbc.AiCap-srv#flowable-async-job-executor-thread-13167#
[PollStartAppStatusExecution] 75be55e4-f4e8-4a57-be2a-313bf42920d9 [2026-09-16T10:12:41.700563] {"level":"info","logger":"cds","timestamp":"2026-09-16T10:12:41.699Z","layer":"cds","component_type":"application","container_id":"10.32.2.6","component_id":"75be55e4-f4e8-4a57-be2a-313bf42920d9","component_name":"AiCap-srv","component_instance":0,"source_instance":0,"organization_name":"5aaa8d8dtrial","organization_id":"cc2f7598-034a-422a-b46b-912aff1726b5","space_name":"dev","space_id":"aeb4407e-27ee-42fa-9b7c-bc76d021820d","msg":"loaded model from 1 file(s):\n ","type":"log"} (STDOUT, APP/PROC/WEB)#
#2026 09 16 10:13:01.024#Z#DEBUG#d1c92348-b1b6-11f1-bf33-eeee0a8e3dbc.AiCap-srv#flowable-async-job-executor-thread-13167#
[PollStartAppStatusExecution] 75be55e4-f4e8-4a57-be2a-313bf42920d9 [2026-09-16T10:12:41.701139] srv/csn.json (STDOUT, APP/PROC/WEB)#
#2026 09 16 10:13:01.024#Z#DEBUG#d1c92348-b1b6-11f1-bf33-eeee0a8e3dbc.AiCap-srv#flowable-async-job-executor-thread-13167#
[PollStartAppStatusExecution] 75be55e4-f4e8-4a57-be2a-313bf42920d9 [2026-09-16T10:12:41.894515] {"level":"info","logger":"cds","timestamp":"2026-09-16T10:12:41.893Z","layer":"cds","component_type":"application","container_id":"10.32.2.6","component_id":"75be55e4-f4e8-4a57-be2a-313bf42920d9","component_name":"AiCap-srv","component_instance":0,"source_instance":0,"organization_name":"5aaa8d8dtrial","organization_id":"cc2f7598-034a-422a-b46b-912aff1726b5","space_name":"dev","space_id":"aeb4407e-27ee-42fa-9b7c-bc76d021820d","msg":"connect to db > hana {\n  database_id: 'd7e226ec-d1db-485a-8583-3dc0d0aca49d',\n  host: 'd7e226ec-d1db-485a-8583-3dc0d0aca49d.hna0.prod-us10.hanacloud.ondemand.com',\n  port: '443',\n  driver: 'com.sap.db.jdbc.Driver',\n  url: 'jdbc:sap://d7e226ec-d1db-485a-8583-3dc0d0aca49d.hna0.prod-us10.hanacloud.ondemand.com:443?encrypt=true&validateCertificate=true&currentschema=9311B6CBD15E4D128387DBA8840204D3',\n  schema: '9311B6CBD15E4D128387DBA8840204D3',\n  certificate: '...',\n  hdi_user: '9311B6CBD15E4D128387DBA8840204D3_AVZFRWQVOPBC9YKG1QFD1UT2J_DT',\n  hdi_password: '...',\n  user: '9311B6CBD15E4D128387DBA8840204D3_AVZFRWQVOPBC9YKG1QFD1UT2J_RT',\n  password: '...'\n}","type":"log"} (STDOUT, APP/PROC/WEB)#
#2026 09 16 10:13:01.024#Z#DEBUG#d1c92348-b1b6-11f1-bf33-eeee0a8e3dbc.AiCap-srv#flowable-async-job-executor-thread-13167#
[PollStartAppStatusExecution] 75be55e4-f4e8-4a57-be2a-313bf42920d9 [2026-09-16T10:12:41.903145] file:///home/vcap/app/srv/cat-service.js:1 (STDERR, APP/PROC/WEB)#
#2026 09 16 10:13:01.024#Z#DEBUG#d1c92348-b1b6-11f1-bf33-eeee0a8e3dbc.AiCap-srv#flowable-async-job-executor-thread-13167#
[PollStartAppStatusExecution] 75be55e4-f4e8-4a57-be2a-313bf42920d9 [2026-09-16T10:12:41.903177] module.exports = class CatalogService extends cds.ApplicationService { (STDERR, APP/PROC/WEB)#
#2026 09 16 10:13:01.024#Z#DEBUG#d1c92348-b1b6-11f1-bf33-eeee0a8e3dbc.AiCap-srv#flowable-async-job-executor-thread-13167#
[PollStartAppStatusExecution] 75be55e4-f4e8-4a57-be2a-313bf42920d9 [2026-09-16T10:12:41.903181] ^ (STDERR, APP/PROC/WEB)#
#2026 09 16 10:13:01.024#Z#DEBUG#d1c92348-b1b6-11f1-bf33-eeee0a8e3dbc.AiCap-srv#flowable-async-job-executor-thread-13167#
[PollStartAppStatusExecution] 75be55e4-f4e8-4a57-be2a-313bf42920d9 [2026-09-16T10:12:41.903187] ReferenceError: module is not defined in ES module scope (STDERR, APP/PROC/WEB)#
#2026 09 16 10:13:01.024#Z#DEBUG#d1c92348-b1b6-11f1-bf33-eeee0a8e3dbc.AiCap-srv#flowable-async-job-executor-thread-13167#
[PollStartAppStatusExecution] 75be55e4-f4e8-4a57-be2a-313bf42920d9 [2026-09-16T10:12:41.903192] This file is being treated as an ES module because it has a '.js' file extension and '/home/vcap/app/package.json' contains "type": "module". To treat it as a CommonJS script, rename it to use the '.cjs' file extension. (STDERR, APP/PROC/WEB)#
#2026 09 16 10:13:01.024#Z#DEBUG#d1c92348-b1b6-11f1-bf33-eeee0a8e3dbc.AiCap-srv#flowable-async-job-executor-thread-13167#
[PollStartAppStatusExecution] 75be55e4-f4e8-4a57-be2a-313bf42920d9 [2026-09-16T10:12:41.903195] at file:///home/vcap/app/srv/cat-service.js:1:1 (STDERR, APP/PROC/WEB)#
#2026 09 16 10:13:01.024#Z#DEBUG#d1c92348-b1b6-11f1-bf33-eeee0a8e3dbc.AiCap-srv#flowable-async-job-executor-thread-13167#
[PollStartAppStatusExecution] 75be55e4-f4e8-4a57-be2a-313bf42920d9 [2026-09-16T10:12:41.903198] at ModuleJob.run (node:internal/modules/esm/module_job:439:25) (STDERR, APP/PROC/WEB)#
#2026 09 16 10:13:01.024#Z#DEBUG#d1c92348-b1b6-11f1-bf33-eeee0a8e3dbc.AiCap-srv#flowable-async-job-executor-thread-13167#
[PollStartAppStatusExecution] 75be55e4-f4e8-4a57-be2a-313bf42920d9 [2026-09-16T10:12:41.903204] at async node:internal/modules/esm/loader:643:26 (STDERR, APP/PROC/WEB)#
#2026 09 16 10:13:01.024#Z#DEBUG#d1c92348-b1b6-11f1-bf33-eeee0a8e3dbc.AiCap-srv#flowable-async-job-executor-thread-13167#
[PollStartAppStatusExecution] 75be55e4-f4e8-4a57-be2a-313bf42920d9 [2026-09-16T10:12:41.903208] at async _use (/home/vcap/app/node_modules/@sap/cds/lib/srv/factory.js:32:14) (STDERR, APP/PROC/WEB)#
#2026 09 16 10:13:01.024#Z#DEBUG#d1c92348-b1b6-11f1-bf33-eeee0a8e3dbc.AiCap-srv#flowable-async-job-executor-thread-13167#
[PollStartAppStatusExecution] 75be55e4-f4e8-4a57-be2a-313bf42920d9 [2026-09-16T10:12:41.903210] at async Promise.all (index 0) (STDERR, APP/PROC/WEB)#
#2026 09 16 10:13:01.024#Z#DEBUG#d1c92348-b1b6-11f1-bf33-eeee0a8e3dbc.AiCap-srv#flowable-async-job-executor-thread-13167#
[PollStartAppStatusExecution] 75be55e4-f4e8-4a57-be2a-313bf42920d9 [2026-09-16T10:12:41.903216] at async _cds_serve (/home/vcap/app/node_modules/@sap/cds/lib/srv/cds-serve.js:32:16) (STDERR, APP/PROC/WEB)#
#2026 09 16 10:13:01.024#Z#DEBUG#d1c92348-b1b6-11f1-bf33-eeee0a8e3dbc.AiCap-srv#flowable-async-job-executor-thread-13167#
[PollStartAppStatusExecution] 75be55e4-f4e8-4a57-be2a-313bf42920d9 [2026-09-16T10:12:41.903219] at async cds_server (/home/vcap/app/node_modules/@sap/cds/server.js:61:3) (STDERR, APP/PROC/WEB)#
#2026 09 16 10:13:01.024#Z#DEBUG#d1c92348-b1b6-11f1-bf33-eeee0a8e3dbc.AiCap-srv#flowable-async-job-executor-thread-13167#
[PollStartAppStatusExecution] 75be55e4-f4e8-4a57-be2a-313bf42920d9 [2026-09-16T10:12:41.903222] at async serve (/home/vcap/app/node_modules/@sap/cds/bin/serve.js:207:18) (STDERR, APP/PROC/WEB)#
#2026 09 16 10:13:01.024#Z#DEBUG#d1c92348-b1b6-11f1-bf33-eeee0a8e3dbc.AiCap-srv#flowable-async-job-executor-thread-13167#
[PollStartAppStatusExecution] 75be55e4-f4e8-4a57-be2a-313bf42920d9 [2026-09-16T10:12:41.903226] Node.js v24.18.0 (STDERR, APP/PROC/WEB)#
#2026 09 16 10:13:01.024#Z#DEBUG#d1c92348-b1b6-11f1-bf33-eeee0a8e3dbc.AiCap-srv#flowable-async-job-executor-thread-13167#
[PollStartAppStatusExecution] 75be55e4-f4e8-4a57-be2a-313bf42920d9 [2026-09-16T10:12:41.918579] npm notice (STDERR, APP/PROC/WEB)#
#2026 09 16 10:13:01.024#Z#DEBUG#d1c92348-b1b6-11f1-bf33-eeee0a8e3dbc.AiCap-srv#flowable-async-job-executor-thread-13167#
[PollStartAppStatusExecution] 75be55e4-f4e8-4a57-be2a-313bf42920d9 [2026-09-16T10:12:41.918607] npm notice New major version of npm available! 11.16.0 -> 12.0.2 (STDERR, APP/PROC/WEB)#
#2026 09 16 10:13:01.024#Z#DEBUG#d1c92348-b1b6-11f1-bf33-eeee0a8e3dbc.AiCap-srv#flowable-async-job-executor-thread-13167#
[PollStartAppStatusExecution] 75be55e4-f4e8-4a57-be2a-313bf42920d9 [2026-09-16T10:12:41.918612] npm notice Changelog: https://github.com/npm/cli/releases/tag/v12.0.2 (STDERR, APP/PROC/WEB)#
#2026 09 16 10:13:01.024#Z#DEBUG#d1c92348-b1b6-11f1-bf33-eeee0a8e3dbc.AiCap-srv#flowable-async-job-executor-thread-13167#
[PollStartAppStatusExecution] 75be55e4-f4e8-4a57-be2a-313bf42920d9 [2026-09-16T10:12:41.918614] npm notice To update run: npm install -g npm@12.0.2 (STDERR, APP/PROC/WEB)#
#2026 09 16 10:13:01.024#Z#DEBUG#d1c92348-b1b6-11f1-bf33-eeee0a8e3dbc.AiCap-srv#flowable-async-job-executor-thread-13167#
[PollStartAppStatusExecution] 75be55e4-f4e8-4a57-be2a-313bf42920d9 [2026-09-16T10:12:41.918617] npm notice (STDERR, APP/PROC/WEB)#
#2026 09 16 10:13:01.024#Z#DEBUG#d1c92348-b1b6-11f1-bf33-eeee0a8e3dbc.AiCap-srv#flowable-async-job-executor-thread-13167#
[PollStartAppStatusExecution] 75be55e4-f4e8-4a57-be2a-313bf42920d9 [2026-09-16T10:12:41.993501] Exit status 1 (STDOUT, APP/PROC/WEB)#
#2026 09 16 10:13:01.024#Z#DEBUG#d1c92348-b1b6-11f1-bf33-eeee0a8e3dbc.AiCap-srv#flowable-async-job-executor-thread-13167#
[PollStartAppStatusExecution] 75be55e4-f4e8-4a57-be2a-313bf42920d9 [2026-09-16T10:12:47.837687] Cell c839c7b1-088e-41af-b9b7-66256aacd457 stopping instance ec48cee6-f254-488e-5c7a-9fba (STDOUT, CELL)#
#2026 09 16 10:13:01.024#Z#DEBUG#d1c92348-b1b6-11f1-bf33-eeee0a8e3dbc.AiCap-srv#flowable-async-job-executor-thread-13167#
[PollStartAppStatusExecution] 75be55e4-f4e8-4a57-be2a-313bf42920d9 [2026-09-16T10:12:47.837726] Cell c839c7b1-088e-41af-b9b7-66256aacd457 destroying container for instance ec48cee6-f254-488e-5c7a-9fba (STDOUT, CELL)#
#2026 09 16 10:13:01.024#Z#DEBUG#d1c92348-b1b6-11f1-bf33-eeee0a8e3dbc.AiCap-srv#flowable-async-job-executor-thread-13167#
[PollStartAppStatusExecution] 75be55e4-f4e8-4a57-be2a-313bf42920d9 [2026-09-16T10:12:47.857665] Process has crashed with type: "web" (STDOUT, API)#
#2026 09 16 10:13:01.024#Z#DEBUG#d1c92348-b1b6-11f1-bf33-eeee0a8e3dbc.AiCap-srv#flowable-async-job-executor-thread-13167#
[PollStartAppStatusExecution] 75be55e4-f4e8-4a57-be2a-313bf42920d9 [2026-09-16T10:12:47.872404] App instance exited with guid 75be55e4-f4e8-4a57-be2a-313bf42920d9 payload: {"instance"=>"ec48cee6-f254-488e-5c7a-9fba", "index"=>0, "cell_id"=>"c839c7b1-088e-41af-b9b7-66256aacd457", "reason"=>"CRASHED", "exit_description"=>"APP/PROC/WEB: Exited with status 1", "crash_count"=>3, "crash_timestamp"=>1789553567833580534, "version"=>"7812975c-6ed6-40c1-86eb-8c3a6d46edb7"} (STDOUT, API)#
#2026 09 16 10:13:01.024#Z#DEBUG#d1c92348-b1b6-11f1-bf33-eeee0a8e3dbc.AiCap-srv#flowable-async-job-executor-thread-13167#
[PollStartAppStatusExecution] 75be55e4-f4e8-4a57-be2a-313bf42920d9 [2026-09-16T10:12:48.058814] Exit status 137 (STDOUT, PROXY)#
#2026 09 16 10:13:01.024#Z#DEBUG#d1c92348-b1b6-11f1-bf33-eeee0a8e3dbc.AiCap-srv#flowable-async-job-executor-thread-13167#
[PollStartAppStatusExecution] 75be55e4-f4e8-4a57-be2a-313bf42920d9 [2026-09-16T10:12:50.153719] Cell c839c7b1-088e-41af-b9b7-66256aacd457 successfully destroyed container for instance ec48cee6-f254-488e-5c7a-9fba (STDOUT, CELL)#
#2026 09 16 10:13:01.024#Z#DEBUG#d1c92348-b1b6-11f1-bf33-eeee0a8e3dbc.AiCap-srv#flowable-async-job-executor-thread-13167#
[PollStartAppStatusExecution] 75be55e4-f4e8-4a57-be2a-313bf42920d9 [2026-09-16T10:12:54.470385] Stopping app with guid 75be55e4-f4e8-4a57-be2a-313bf42920d9 (STDOUT, API)#
#2026 09 16 10:13:01.024#Z#DEBUG#d1c92348-b1b6-11f1-bf33-eeee0a8e3dbc.AiCap-srv#flowable-async-job-executor-thread-13167#
[PollStartAppStatusExecution] 75be55e4-f4e8-4a57-be2a-313bf42920d9 [2026-09-16T10:12:54.642860] Starting app with guid 75be55e4-f4e8-4a57-be2a-313bf42920d9 (STDOUT, API)#
#2026 09 16 10:13:01.024#Z#DEBUG#d1c92348-b1b6-11f1-bf33-eeee0a8e3dbc.AiCap-srv#flowable-async-job-executor-thread-13167#
[PollStartAppStatusExecution] 75be55e4-f4e8-4a57-be2a-313bf42920d9 [2026-09-16T10:12:54.921614] Cell c839c7b1-088e-41af-b9b7-66256aacd457 creating container for instance 5d61f441-d596-48fc-5f3d-6bf6 (STDOUT, CELL)#
#2026 09 16 10:13:01.024#Z#DEBUG#d1c92348-b1b6-11f1-bf33-eeee0a8e3dbc.AiCap-srv#flowable-async-job-executor-thread-13167#
[PollStartAppStatusExecution] 75be55e4-f4e8-4a57-be2a-313bf42920d9 [2026-09-16T10:12:55.642883] Security group rules were updated (STDOUT, CELL)#
#2026 09 16 10:13:01.024#Z#DEBUG#d1c92348-b1b6-11f1-bf33-eeee0a8e3dbc.AiCap-srv#flowable-async-job-executor-thread-13167#
[PollStartAppStatusExecution] 75be55e4-f4e8-4a57-be2a-313bf42920d9 [2026-09-16T10:12:55.730008] Cell c839c7b1-088e-41af-b9b7-66256aacd457 successfully created container for instance 5d61f441-d596-48fc-5f3d-6bf6 (STDOUT, CELL)#
#2026 09 16 10:13:01.024#Z#DEBUG#d1c92348-b1b6-11f1-bf33-eeee0a8e3dbc.AiCap-srv#flowable-async-job-executor-thread-13167#
[PollStartAppStatusExecution] 75be55e4-f4e8-4a57-be2a-313bf42920d9 [2026-09-16T10:12:57.294271] Downloading droplet... (STDOUT, CELL)#
#2026 09 16 10:13:11.077#Z#DEBUG#d1c92348-b1b6-11f1-bf33-eeee0a8e3dbc.AiCap-srv#flowable-async-job-executor-thread-13177#
[PollStartAppStatusExecution] 75be55e4-f4e8-4a57-be2a-313bf42920d9 [2026-09-16T10:13:01.148399] Downloaded droplet (62.8M) (STDOUT, CELL)#
#2026 09 16 10:13:11.077#Z#DEBUG#d1c92348-b1b6-11f1-bf33-eeee0a8e3dbc.AiCap-srv#flowable-async-job-executor-thread-13177#
[PollStartAppStatusExecution] 75be55e4-f4e8-4a57-be2a-313bf42920d9 [2026-09-16T10:13:01.148600] Starting health monitoring of container (STDOUT, CELL)#
#2026 09 16 10:13:11.077#Z#DEBUG#d1c92348-b1b6-11f1-bf33-eeee0a8e3dbc.AiCap-srv#flowable-async-job-executor-thread-13177#
[PollStartAppStatusExecution] 75be55e4-f4e8-4a57-be2a-313bf42920d9 [2026-09-16T10:13:01.283969] Invoking pre-start scripts. (STDOUT, APP/PROC/WEB)#
#2026 09 16 10:13:11.077#Z#DEBUG#d1c92348-b1b6-11f1-bf33-eeee0a8e3dbc.AiCap-srv#flowable-async-job-executor-thread-13177#
[PollStartAppStatusExecution] 75be55e4-f4e8-4a57-be2a-313bf42920d9 [2026-09-16T10:13:01.537015] Invoking start command. (STDOUT, APP/PROC/WEB)#
#2026 09 16 10:13:11.077#Z#DEBUG#d1c92348-b1b6-11f1-bf33-eeee0a8e3dbc.AiCap-srv#flowable-async-job-executor-thread-13177#
[PollStartAppStatusExecution] 75be55e4-f4e8-4a57-be2a-313bf42920d9 [2026-09-16T10:13:02.019338] > AiCap@1.0.0 start (STDOUT, APP/PROC/WEB)#
#2026 09 16 10:13:11.077#Z#DEBUG#d1c92348-b1b6-11f1-bf33-eeee0a8e3dbc.AiCap-srv#flowable-async-job-executor-thread-13177#
[PollStartAppStatusExecution] 75be55e4-f4e8-4a57-be2a-313bf42920d9 [2026-09-16T10:13:02.019365] > cds-serve (STDOUT, APP/PROC/WEB)#
#2026 09 16 10:13:11.077#Z#DEBUG#d1c92348-b1b6-11f1-bf33-eeee0a8e3dbc.AiCap-srv#flowable-async-job-executor-thread-13177#
[PollStartAppStatusExecution] 75be55e4-f4e8-4a57-be2a-313bf42920d9 [2026-09-16T10:13:02.362565] {"level":"info","logger":"cds","timestamp":"2026-09-16T10:13:02.361Z","layer":"cds","component_type":"application","container_id":"10.32.2.6","component_id":"75be55e4-f4e8-4a57-be2a-313bf42920d9","component_name":"AiCap-srv","component_instance":0,"source_instance":0,"organization_name":"5aaa8d8dtrial","organization_id":"cc2f7598-034a-422a-b46b-912aff1726b5","space_name":"dev","space_id":"aeb4407e-27ee-42fa-9b7c-bc76d021820d","msg":"loaded model from 1 file(s):\n ","type":"log"} (STDOUT, APP/PROC/WEB)#
#2026 09 16 10:13:11.077#Z#DEBUG#d1c92348-b1b6-11f1-bf33-eeee0a8e3dbc.AiCap-srv#flowable-async-job-executor-thread-13177#
[PollStartAppStatusExecution] 75be55e4-f4e8-4a57-be2a-313bf42920d9 [2026-09-16T10:13:02.363006] srv/csn.json (STDOUT, APP/PROC/WEB)#
#2026 09 16 10:13:11.077#Z#DEBUG#d1c92348-b1b6-11f1-bf33-eeee0a8e3dbc.AiCap-srv#flowable-async-job-executor-thread-13177#
[PollStartAppStatusExecution] 75be55e4-f4e8-4a57-be2a-313bf42920d9 [2026-09-16T10:13:02.576740] {"level":"info","logger":"cds","timestamp":"2026-09-16T10:13:02.575Z","layer":"cds","component_type":"application","container_id":"10.32.2.6","component_id":"75be55e4-f4e8-4a57-be2a-313bf42920d9","component_name":"AiCap-srv","component_instance":0,"source_instance":0,"organization_name":"5aaa8d8dtrial","organization_id":"cc2f7598-034a-422a-b46b-912aff1726b5","space_name":"dev","space_id":"aeb4407e-27ee-42fa-9b7c-bc76d021820d","msg":"connect to db > hana {\n  database_id: 'd7e226ec-d1db-485a-8583-3dc0d0aca49d',\n  host: 'd7e226ec-d1db-485a-8583-3dc0d0aca49d.hna0.prod-us10.hanacloud.ondemand.com',\n  port: '443',\n  driver: 'com.sap.db.jdbc.Driver',\n  url: 'jdbc:sap://d7e226ec-d1db-485a-8583-3dc0d0aca49d.hna0.prod-us10.hanacloud.ondemand.com:443?encrypt=true&validateCertificate=true&currentschema=9311B6CBD15E4D128387DBA8840204D3',\n  schema: '9311B6CBD15E4D128387DBA8840204D3',\n  certificate: '...',\n  hdi_user: '9311B6CBD15E4D128387DBA8840204D3_AVZFRWQVOPBC9YKG1QFD1UT2J_DT',\n  hdi_password: '...',\n  user: '9311B6CBD15E4D128387DBA8840204D3_AVZFRWQVOPBC9YKG1QFD1UT2J_RT',\n  password: '...'\n}","type":"log"} (STDOUT, APP/PROC/WEB)#
#2026 09 16 10:13:11.077#Z#DEBUG#d1c92348-b1b6-11f1-bf33-eeee0a8e3dbc.AiCap-srv#flowable-async-job-executor-thread-13177#
[PollStartAppStatusExecution] 75be55e4-f4e8-4a57-be2a-313bf42920d9 [2026-09-16T10:13:02.585114] file:///home/vcap/app/srv/cat-service.js:1 (STDERR, APP/PROC/WEB)#
#2026 09 16 10:13:11.077#Z#DEBUG#d1c92348-b1b6-11f1-bf33-eeee0a8e3dbc.AiCap-srv#flowable-async-job-executor-thread-13177#
[PollStartAppStatusExecution] 75be55e4-f4e8-4a57-be2a-313bf42920d9 [2026-09-16T10:13:02.585147] module.exports = class CatalogService extends cds.ApplicationService { (STDERR, APP/PROC/WEB)#
#2026 09 16 10:13:11.077#Z#DEBUG#d1c92348-b1b6-11f1-bf33-eeee0a8e3dbc.AiCap-srv#flowable-async-job-executor-thread-13177#
[PollStartAppStatusExecution] 75be55e4-f4e8-4a57-be2a-313bf42920d9 [2026-09-16T10:13:02.585150] ^ (STDERR, APP/PROC/WEB)#
#2026 09 16 10:13:11.077#Z#DEBUG#d1c92348-b1b6-11f1-bf33-eeee0a8e3dbc.AiCap-srv#flowable-async-job-executor-thread-13177#
[PollStartAppStatusExecution] 75be55e4-f4e8-4a57-be2a-313bf42920d9 [2026-09-16T10:13:02.585156] ReferenceError: module is not defined in ES module scope (STDERR, APP/PROC/WEB)#
#2026 09 16 10:13:11.077#Z#DEBUG#d1c92348-b1b6-11f1-bf33-eeee0a8e3dbc.AiCap-srv#flowable-async-job-executor-thread-13177#
[PollStartAppStatusExecution] 75be55e4-f4e8-4a57-be2a-313bf42920d9 [2026-09-16T10:13:02.585162] This file is being treated as an ES module because it has a '.js' file extension and '/home/vcap/app/package.json' contains "type": "module". To treat it as a CommonJS script, rename it to use the '.cjs' file extension. (STDERR, APP/PROC/WEB)#
#2026 09 16 10:13:11.077#Z#DEBUG#d1c92348-b1b6-11f1-bf33-eeee0a8e3dbc.AiCap-srv#flowable-async-job-executor-thread-13177#
[PollStartAppStatusExecution] 75be55e4-f4e8-4a57-be2a-313bf42920d9 [2026-09-16T10:13:02.585164] at file:///home/vcap/app/srv/cat-service.js:1:1 (STDERR, APP/PROC/WEB)#
#2026 09 16 10:13:11.077#Z#DEBUG#d1c92348-b1b6-11f1-bf33-eeee0a8e3dbc.AiCap-srv#flowable-async-job-executor-thread-13177#
[PollStartAppStatusExecution] 75be55e4-f4e8-4a57-be2a-313bf42920d9 [2026-09-16T10:13:02.585168] at ModuleJob.run (node:internal/modules/esm/module_job:439:25) (STDERR, APP/PROC/WEB)#
#2026 09 16 10:13:11.077#Z#DEBUG#d1c92348-b1b6-11f1-bf33-eeee0a8e3dbc.AiCap-srv#flowable-async-job-executor-thread-13177#
[PollStartAppStatusExecution] 75be55e4-f4e8-4a57-be2a-313bf42920d9 [2026-09-16T10:13:02.585170] at async node:internal/modules/esm/loader:643:26 (STDERR, APP/PROC/WEB)#
#2026 09 16 10:13:11.077#Z#DEBUG#d1c92348-b1b6-11f1-bf33-eeee0a8e3dbc.AiCap-srv#flowable-async-job-executor-thread-13177#
[PollStartAppStatusExecution] 75be55e4-f4e8-4a57-be2a-313bf42920d9 [2026-09-16T10:13:02.585174] at async _use (/home/vcap/app/node_modules/@sap/cds/lib/srv/factory.js:32:14) (STDERR, APP/PROC/WEB)#
#2026 09 16 10:13:11.077#Z#DEBUG#d1c92348-b1b6-11f1-bf33-eeee0a8e3dbc.AiCap-srv#flowable-async-job-executor-thread-13177#
[PollStartAppStatusExecution] 75be55e4-f4e8-4a57-be2a-313bf42920d9 [2026-09-16T10:13:02.585177] at async Promise.all (index 0) (STDERR, APP/PROC/WEB)#
#2026 09 16 10:13:11.077#Z#DEBUG#d1c92348-b1b6-11f1-bf33-eeee0a8e3dbc.AiCap-srv#flowable-async-job-executor-thread-13177#
[PollStartAppStatusExecution] 75be55e4-f4e8-4a57-be2a-313bf42920d9 [2026-09-16T10:13:02.585179] at async _cds_serve (/home/vcap/app/node_modules/@sap/cds/lib/srv/cds-serve.js:32:16) (STDERR, APP/PROC/WEB)#
#2026 09 16 10:13:11.077#Z#DEBUG#d1c92348-b1b6-11f1-bf33-eeee0a8e3dbc.AiCap-srv#flowable-async-job-executor-thread-13177#
[PollStartAppStatusExecution] 75be55e4-f4e8-4a57-be2a-313bf42920d9 [2026-09-16T10:13:02.585182] at async cds_server (/home/vcap/app/node_modules/@sap/cds/server.js:61:3) (STDERR, APP/PROC/WEB)#
#2026 09 16 10:13:11.077#Z#DEBUG#d1c92348-b1b6-11f1-bf33-eeee0a8e3dbc.AiCap-srv#flowable-async-job-executor-thread-13177#
[PollStartAppStatusExecution] 75be55e4-f4e8-4a57-be2a-313bf42920d9 [2026-09-16T10:13:02.585189] at async serve (/home/vcap/app/node_modules/@sap/cds/bin/serve.js:207:18) (STDERR, APP/PROC/WEB)#
#2026 09 16 10:13:11.077#Z#DEBUG#d1c92348-b1b6-11f1-bf33-eeee0a8e3dbc.AiCap-srv#flowable-async-job-executor-thread-13177#
[PollStartAppStatusExecution] 75be55e4-f4e8-4a57-be2a-313bf42920d9 [2026-09-16T10:13:02.585200] Node.js v24.18.0 (STDERR, APP/PROC/WEB)#
#2026 09 16 10:13:11.077#Z#DEBUG#d1c92348-b1b6-11f1-bf33-eeee0a8e3dbc.AiCap-srv#flowable-async-job-executor-thread-13177#
[PollStartAppStatusExecution] 75be55e4-f4e8-4a57-be2a-313bf42920d9 [2026-09-16T10:13:02.602649] npm notice (STDERR, APP/PROC/WEB)#
#2026 09 16 10:13:11.077#Z#DEBUG#d1c92348-b1b6-11f1-bf33-eeee0a8e3dbc.AiCap-srv#flowable-async-job-executor-thread-13177#
[PollStartAppStatusExecution] 75be55e4-f4e8-4a57-be2a-313bf42920d9 [2026-09-16T10:13:02.602687] npm notice New major version of npm available! 11.16.0 -> 12.0.2 (STDERR, APP/PROC/WEB)#
#2026 09 16 10:13:11.077#Z#DEBUG#d1c92348-b1b6-11f1-bf33-eeee0a8e3dbc.AiCap-srv#flowable-async-job-executor-thread-13177#
[PollStartAppStatusExecution] 75be55e4-f4e8-4a57-be2a-313bf42920d9 [2026-09-16T10:13:02.602692] npm notice Changelog: https://github.com/npm/cli/releases/tag/v12.0.2 (STDERR, APP/PROC/WEB)#
#2026 09 16 10:13:11.077#Z#DEBUG#d1c92348-b1b6-11f1-bf33-eeee0a8e3dbc.AiCap-srv#flowable-async-job-executor-thread-13177#
[PollStartAppStatusExecution] 75be55e4-f4e8-4a57-be2a-313bf42920d9 [2026-09-16T10:13:02.602695] npm notice To update run: npm install -g npm@12.0.2 (STDERR, APP/PROC/WEB)#
#2026 09 16 10:13:11.077#Z#DEBUG#d1c92348-b1b6-11f1-bf33-eeee0a8e3dbc.AiCap-srv#flowable-async-job-executor-thread-13177#
[PollStartAppStatusExecution] 75be55e4-f4e8-4a57-be2a-313bf42920d9 [2026-09-16T10:13:02.602697] npm notice (STDERR, APP/PROC/WEB)#
#2026 09 16 10:13:11.077#Z#DEBUG#d1c92348-b1b6-11f1-bf33-eeee0a8e3dbc.AiCap-srv#flowable-async-job-executor-thread-13177#
[PollStartAppStatusExecution] 75be55e4-f4e8-4a57-be2a-313bf42920d9 [2026-09-16T10:13:02.745369] Exit status 1 (STDOUT, APP/PROC/WEB)#
#2026 09 16 10:13:11.077#Z#DEBUG#d1c92348-b1b6-11f1-bf33-eeee0a8e3dbc.AiCap-srv#flowable-async-job-executor-thread-13177#
[PollStartAppStatusExecution] 75be55e4-f4e8-4a57-be2a-313bf42920d9 [2026-09-16T10:13:08.765165] Cell c839c7b1-088e-41af-b9b7-66256aacd457 stopping instance 5d61f441-d596-48fc-5f3d-6bf6 (STDOUT, CELL)#
#2026 09 16 10:13:11.077#Z#DEBUG#d1c92348-b1b6-11f1-bf33-eeee0a8e3dbc.AiCap-srv#flowable-async-job-executor-thread-13177#
[PollStartAppStatusExecution] 75be55e4-f4e8-4a57-be2a-313bf42920d9 [2026-09-16T10:13:08.765215] Cell c839c7b1-088e-41af-b9b7-66256aacd457 destroying container for instance 5d61f441-d596-48fc-5f3d-6bf6 (STDOUT, CELL)#
#2026 09 16 10:13:11.077#Z#DEBUG#d1c92348-b1b6-11f1-bf33-eeee0a8e3dbc.AiCap-srv#flowable-async-job-executor-thread-13177#
[PollStartAppStatusExecution] 75be55e4-f4e8-4a57-be2a-313bf42920d9 [2026-09-16T10:13:08.771800] Process has crashed with type: "web" (STDOUT, API)#
#2026 09 16 10:13:11.077#Z#DEBUG#d1c92348-b1b6-11f1-bf33-eeee0a8e3dbc.AiCap-srv#flowable-async-job-executor-thread-13177#
[PollStartAppStatusExecution] 75be55e4-f4e8-4a57-be2a-313bf42920d9 [2026-09-16T10:13:08.803012] App instance exited with guid 75be55e4-f4e8-4a57-be2a-313bf42920d9 payload: {"instance"=>"5d61f441-d596-48fc-5f3d-6bf6", "index"=>0, "cell_id"=>"c839c7b1-088e-41af-b9b7-66256aacd457", "reason"=>"CRASHED", "exit_description"=>"APP/PROC/WEB: Exited with status 1", "crash_count"=>1, "crash_timestamp"=>1789553588748081475, "version"=>"c4c31522-7f3a-4b64-8a44-445c6cbbea58"} (STDOUT, API)#
#2026 09 16 10:13:11.077#Z#DEBUG#d1c92348-b1b6-11f1-bf33-eeee0a8e3dbc.AiCap-srv#flowable-async-job-executor-thread-13177#
[PollStartAppStatusExecution] 75be55e4-f4e8-4a57-be2a-313bf42920d9 [2026-09-16T10:13:08.897541] Cell d1cc041a-d5a1-41d6-b9f6-6cda736ce3f0 creating container for instance 1f1c9c96-fea2-4d1e-58de-cd48 (STDOUT, CELL)#
#2026 09 16 10:13:11.077#Z#DEBUG#d1c92348-b1b6-11f1-bf33-eeee0a8e3dbc.AiCap-srv#flowable-async-job-executor-thread-13177#
[PollStartAppStatusExecution] 75be55e4-f4e8-4a57-be2a-313bf42920d9 [2026-09-16T10:13:08.983602] Exit status 137 (STDOUT, PROXY)#
#2026 09 16 10:13:11.077#Z#DEBUG#d1c92348-b1b6-11f1-bf33-eeee0a8e3dbc.AiCap-srv#flowable-async-job-executor-thread-13177#
[PollStartAppStatusExecution] 75be55e4-f4e8-4a57-be2a-313bf42920d9 [2026-09-16T10:13:10.018256] Security group rules were updated (STDOUT, CELL)#
#2026 09 16 10:13:11.077#Z#DEBUG#d1c92348-b1b6-11f1-bf33-eeee0a8e3dbc.AiCap-srv#flowable-async-job-executor-thread-13177#
[PollStartAppStatusExecution] 75be55e4-f4e8-4a57-be2a-313bf42920d9 [2026-09-16T10:13:10.153387] Cell d1cc041a-d5a1-41d6-b9f6-6cda736ce3f0 successfully created container for instance 1f1c9c96-fea2-4d1e-58de-cd48 (STDOUT, CELL)#
#2026 09 16 10:13:11.077#Z#DEBUG#d1c92348-b1b6-11f1-bf33-eeee0a8e3dbc.AiCap-srv#flowable-async-job-executor-thread-13177#
[PollStartAppStatusExecution] 75be55e4-f4e8-4a57-be2a-313bf42920d9 [2026-09-16T10:13:10.390042] Downloading droplet... (STDOUT, CELL)#
#2026 09 16 10:13:21.143#Z#DEBUG#d1c92348-b1b6-11f1-bf33-eeee0a8e3dbc.AiCap-srv#flowable-async-job-executor-thread-13185#
[PollStartAppStatusExecution] 75be55e4-f4e8-4a57-be2a-313bf42920d9 [2026-09-16T10:13:10.972548] Cell c839c7b1-088e-41af-b9b7-66256aacd457 successfully destroyed container for instance 5d61f441-d596-48fc-5f3d-6bf6 (STDOUT, CELL)#
#2026 09 16 10:13:21.143#Z#DEBUG#d1c92348-b1b6-11f1-bf33-eeee0a8e3dbc.AiCap-srv#flowable-async-job-executor-thread-13185#
[PollStartAppStatusExecution] 75be55e4-f4e8-4a57-be2a-313bf42920d9 [2026-09-16T10:13:15.560374] Downloaded droplet (62.8M) (STDOUT, CELL)#
#2026 09 16 10:13:21.143#Z#DEBUG#d1c92348-b1b6-11f1-bf33-eeee0a8e3dbc.AiCap-srv#flowable-async-job-executor-thread-13185#
[PollStartAppStatusExecution] 75be55e4-f4e8-4a57-be2a-313bf42920d9 [2026-09-16T10:13:15.560683] Starting health monitoring of container (STDOUT, CELL)#
#2026 09 16 10:13:21.143#Z#DEBUG#d1c92348-b1b6-11f1-bf33-eeee0a8e3dbc.AiCap-srv#flowable-async-job-executor-thread-13185#
[PollStartAppStatusExecution] 75be55e4-f4e8-4a57-be2a-313bf42920d9 [2026-09-16T10:13:15.782843] Invoking pre-start scripts. (STDOUT, APP/PROC/WEB)#
#2026 09 16 10:13:21.143#Z#DEBUG#d1c92348-b1b6-11f1-bf33-eeee0a8e3dbc.AiCap-srv#flowable-async-job-executor-thread-13185#
[PollStartAppStatusExecution] 75be55e4-f4e8-4a57-be2a-313bf42920d9 [2026-09-16T10:13:16.097791] Invoking start command. (STDOUT, APP/PROC/WEB)#
#2026 09 16 10:13:21.143#Z#DEBUG#d1c92348-b1b6-11f1-bf33-eeee0a8e3dbc.AiCap-srv#flowable-async-job-executor-thread-13185#
[PollStartAppStatusExecution] 75be55e4-f4e8-4a57-be2a-313bf42920d9 [2026-09-16T10:13:16.779829] > AiCap@1.0.0 start (STDOUT, APP/PROC/WEB)#
#2026 09 16 10:13:21.143#Z#DEBUG#d1c92348-b1b6-11f1-bf33-eeee0a8e3dbc.AiCap-srv#flowable-async-job-executor-thread-13185#
[PollStartAppStatusExecution] 75be55e4-f4e8-4a57-be2a-313bf42920d9 [2026-09-16T10:13:16.779880] > cds-serve (STDOUT, APP/PROC/WEB)#
#2026 09 16 10:13:21.143#Z#DEBUG#d1c92348-b1b6-11f1-bf33-eeee0a8e3dbc.AiCap-srv#flowable-async-job-executor-thread-13185#
[PollStartAppStatusExecution] 75be55e4-f4e8-4a57-be2a-313bf42920d9 [2026-09-16T10:13:17.182862] {"level":"info","logger":"cds","timestamp":"2026-09-16T10:13:17.180Z","layer":"cds","component_type":"application","container_id":"10.32.1.5","component_id":"75be55e4-f4e8-4a57-be2a-313bf42920d9","component_name":"AiCap-srv","component_instance":0,"source_instance":0,"organization_name":"5aaa8d8dtrial","organization_id":"cc2f7598-034a-422a-b46b-912aff1726b5","space_name":"dev","space_id":"aeb4407e-27ee-42fa-9b7c-bc76d021820d","msg":"loaded model from 1 file(s):\n ","type":"log"} (STDOUT, APP/PROC/WEB)#
#2026 09 16 10:13:21.143#Z#DEBUG#d1c92348-b1b6-11f1-bf33-eeee0a8e3dbc.AiCap-srv#flowable-async-job-executor-thread-13185#
[PollStartAppStatusExecution] 75be55e4-f4e8-4a57-be2a-313bf42920d9 [2026-09-16T10:13:17.183238] srv/csn.json (STDOUT, APP/PROC/WEB)#
#2026 09 16 10:13:21.143#Z#DEBUG#d1c92348-b1b6-11f1-bf33-eeee0a8e3dbc.AiCap-srv#flowable-async-job-executor-thread-13185#
[PollStartAppStatusExecution] 75be55e4-f4e8-4a57-be2a-313bf42920d9 [2026-09-16T10:13:17.423550] {"level":"info","logger":"cds","timestamp":"2026-09-16T10:13:17.422Z","layer":"cds","component_type":"application","container_id":"10.32.1.5","component_id":"75be55e4-f4e8-4a57-be2a-313bf42920d9","component_name":"AiCap-srv","component_instance":0,"source_instance":0,"organization_name":"5aaa8d8dtrial","organization_id":"cc2f7598-034a-422a-b46b-912aff1726b5","space_name":"dev","space_id":"aeb4407e-27ee-42fa-9b7c-bc76d021820d","msg":"connect to db > hana {\n  database_id: 'd7e226ec-d1db-485a-8583-3dc0d0aca49d',\n  host: 'd7e226ec-d1db-485a-8583-3dc0d0aca49d.hna0.prod-us10.hanacloud.ondemand.com',\n  port: '443',\n  driver: 'com.sap.db.jdbc.Driver',\n  url: 'jdbc:sap://d7e226ec-d1db-485a-8583-3dc0d0aca49d.hna0.prod-us10.hanacloud.ondemand.com:443?encrypt=true&validateCertificate=true&currentschema=9311B6CBD15E4D128387DBA8840204D3',\n  schema: '9311B6CBD15E4D128387DBA8840204D3',\n  certificate: '...',\n  hdi_user: '9311B6CBD15E4D128387DBA8840204D3_AVZFRWQVOPBC9YKG1QFD1UT2J_DT',\n  hdi_password: '...',\n  user: '9311B6CBD15E4D128387DBA8840204D3_AVZFRWQVOPBC9YKG1QFD1UT2J_RT',\n  password: '...'\n}","type":"log"} (STDOUT, APP/PROC/WEB)#
#2026 09 16 10:13:21.143#Z#DEBUG#d1c92348-b1b6-11f1-bf33-eeee0a8e3dbc.AiCap-srv#flowable-async-job-executor-thread-13185#
[PollStartAppStatusExecution] 75be55e4-f4e8-4a57-be2a-313bf42920d9 [2026-09-16T10:13:17.434594] file:///home/vcap/app/srv/cat-service.js:1 (STDERR, APP/PROC/WEB)#
#2026 09 16 10:13:21.143#Z#DEBUG#d1c92348-b1b6-11f1-bf33-eeee0a8e3dbc.AiCap-srv#flowable-async-job-executor-thread-13185#
[PollStartAppStatusExecution] 75be55e4-f4e8-4a57-be2a-313bf42920d9 [2026-09-16T10:13:17.434643] module.exports = class CatalogService extends cds.ApplicationService { (STDERR, APP/PROC/WEB)#
#2026 09 16 10:13:21.143#Z#DEBUG#d1c92348-b1b6-11f1-bf33-eeee0a8e3dbc.AiCap-srv#flowable-async-job-executor-thread-13185#
[PollStartAppStatusExecution] 75be55e4-f4e8-4a57-be2a-313bf42920d9 [2026-09-16T10:13:17.434654] ^ (STDERR, APP/PROC/WEB)#
#2026 09 16 10:13:21.143#Z#DEBUG#d1c92348-b1b6-11f1-bf33-eeee0a8e3dbc.AiCap-srv#flowable-async-job-executor-thread-13185#
[PollStartAppStatusExecution] 75be55e4-f4e8-4a57-be2a-313bf42920d9 [2026-09-16T10:13:17.434663] ReferenceError: module is not defined in ES module scope (STDERR, APP/PROC/WEB)#
#2026 09 16 10:13:21.143#Z#DEBUG#d1c92348-b1b6-11f1-bf33-eeee0a8e3dbc.AiCap-srv#flowable-async-job-executor-thread-13185#
[PollStartAppStatusExecution] 75be55e4-f4e8-4a57-be2a-313bf42920d9 [2026-09-16T10:13:17.434671] This file is being treated as an ES module because it has a '.js' file extension and '/home/vcap/app/package.json' contains "type": "module". To treat it as a CommonJS script, rename it to use the '.cjs' file extension. (STDERR, APP/PROC/WEB)#
#2026 09 16 10:13:21.143#Z#DEBUG#d1c92348-b1b6-11f1-bf33-eeee0a8e3dbc.AiCap-srv#flowable-async-job-executor-thread-13185#
[PollStartAppStatusExecution] 75be55e4-f4e8-4a57-be2a-313bf42920d9 [2026-09-16T10:13:17.434674] at file:///home/vcap/app/srv/cat-service.js:1:1 (STDERR, APP/PROC/WEB)#
#2026 09 16 10:13:21.143#Z#DEBUG#d1c92348-b1b6-11f1-bf33-eeee0a8e3dbc.AiCap-srv#flowable-async-job-executor-thread-13185#
[PollStartAppStatusExecution] 75be55e4-f4e8-4a57-be2a-313bf42920d9 [2026-09-16T10:13:17.434678] at ModuleJob.run (node:internal/modules/esm/module_job:439:25) (STDERR, APP/PROC/WEB)#
#2026 09 16 10:13:21.143#Z#DEBUG#d1c92348-b1b6-11f1-bf33-eeee0a8e3dbc.AiCap-srv#flowable-async-job-executor-thread-13185#
[PollStartAppStatusExecution] 75be55e4-f4e8-4a57-be2a-313bf42920d9 [2026-09-16T10:13:17.434680] at async node:internal/modules/esm/loader:643:26 (STDERR, APP/PROC/WEB)#
#2026 09 16 10:13:21.143#Z#DEBUG#d1c92348-b1b6-11f1-bf33-eeee0a8e3dbc.AiCap-srv#flowable-async-job-executor-thread-13185#
[PollStartAppStatusExecution] 75be55e4-f4e8-4a57-be2a-313bf42920d9 [2026-09-16T10:13:17.434693] at async _use (/home/vcap/app/node_modules/@sap/cds/lib/srv/factory.js:32:14) (STDERR, APP/PROC/WEB)#
#2026 09 16 10:13:21.143#Z#DEBUG#d1c92348-b1b6-11f1-bf33-eeee0a8e3dbc.AiCap-srv#flowable-async-job-executor-thread-13185#
[PollStartAppStatusExecution] 75be55e4-f4e8-4a57-be2a-313bf42920d9 [2026-09-16T10:13:17.434696] at async Promise.all (index 0) (STDERR, APP/PROC/WEB)#
#2026 09 16 10:13:21.143#Z#DEBUG#d1c92348-b1b6-11f1-bf33-eeee0a8e3dbc.AiCap-srv#flowable-async-job-executor-thread-13185#
[PollStartAppStatusExecution] 75be55e4-f4e8-4a57-be2a-313bf42920d9 [2026-09-16T10:13:17.434703] at async _cds_serve (/home/vcap/app/node_modules/@sap/cds/lib/srv/cds-serve.js:32:16) (STDERR, APP/PROC/WEB)#
#2026 09 16 10:13:21.143#Z#DEBUG#d1c92348-b1b6-11f1-bf33-eeee0a8e3dbc.AiCap-srv#flowable-async-job-executor-thread-13185#
[PollStartAppStatusExecution] 75be55e4-f4e8-4a57-be2a-313bf42920d9 [2026-09-16T10:13:17.434707] at async cds_server (/home/vcap/app/node_modules/@sap/cds/server.js:61:3) (STDERR, APP/PROC/WEB)#
#2026 09 16 10:13:21.143#Z#DEBUG#d1c92348-b1b6-11f1-bf33-eeee0a8e3dbc.AiCap-srv#flowable-async-job-executor-thread-13185#
[PollStartAppStatusExecution] 75be55e4-f4e8-4a57-be2a-313bf42920d9 [2026-09-16T10:13:17.434710] at async serve (/home/vcap/app/node_modules/@sap/cds/bin/serve.js:207:18) (STDERR, APP/PROC/WEB)#
#2026 09 16 10:13:21.143#Z#DEBUG#d1c92348-b1b6-11f1-bf33-eeee0a8e3dbc.AiCap-srv#flowable-async-job-executor-thread-13185#
[PollStartAppStatusExecution] 75be55e4-f4e8-4a57-be2a-313bf42920d9 [2026-09-16T10:13:17.434712] Node.js v24.18.0 (STDERR, APP/PROC/WEB)#
#2026 09 16 10:13:21.143#Z#DEBUG#d1c92348-b1b6-11f1-bf33-eeee0a8e3dbc.AiCap-srv#flowable-async-job-executor-thread-13185#
[PollStartAppStatusExecution] 75be55e4-f4e8-4a57-be2a-313bf42920d9 [2026-09-16T10:13:17.460619] npm notice (STDERR, APP/PROC/WEB)#
#2026 09 16 10:13:21.143#Z#DEBUG#d1c92348-b1b6-11f1-bf33-eeee0a8e3dbc.AiCap-srv#flowable-async-job-executor-thread-13185#
[PollStartAppStatusExecution] 75be55e4-f4e8-4a57-be2a-313bf42920d9 [2026-09-16T10:13:17.460668] npm notice New major version of npm available! 11.16.0 -> 12.0.2 (STDERR, APP/PROC/WEB)#
#2026 09 16 10:13:21.143#Z#DEBUG#d1c92348-b1b6-11f1-bf33-eeee0a8e3dbc.AiCap-srv#flowable-async-job-executor-thread-13185#
[PollStartAppStatusExecution] 75be55e4-f4e8-4a57-be2a-313bf42920d9 [2026-09-16T10:13:17.460678] npm notice Changelog: https://github.com/npm/cli/releases/tag/v12.0.2 (STDERR, APP/PROC/WEB)#
#2026 09 16 10:13:21.143#Z#DEBUG#d1c92348-b1b6-11f1-bf33-eeee0a8e3dbc.AiCap-srv#flowable-async-job-executor-thread-13185#
[PollStartAppStatusExecution] 75be55e4-f4e8-4a57-be2a-313bf42920d9 [2026-09-16T10:13:17.460682] npm notice To update run: npm install -g npm@12.0.2 (STDERR, APP/PROC/WEB)#
#2026 09 16 10:13:21.143#Z#DEBUG#d1c92348-b1b6-11f1-bf33-eeee0a8e3dbc.AiCap-srv#flowable-async-job-executor-thread-13185#
[PollStartAppStatusExecution] 75be55e4-f4e8-4a57-be2a-313bf42920d9 [2026-09-16T10:13:17.460685] npm notice (STDERR, APP/PROC/WEB)#
#2026 09 16 10:13:21.143#Z#DEBUG#d1c92348-b1b6-11f1-bf33-eeee0a8e3dbc.AiCap-srv#flowable-async-job-executor-thread-13185#
[PollStartAppStatusExecution] 75be55e4-f4e8-4a57-be2a-313bf42920d9 [2026-09-16T10:13:17.555102] Exit status 1 (STDOUT, APP/PROC/WEB)#
#2026 09 16 10:13:31.269#Z#DEBUG#d1c92348-b1b6-11f1-bf33-eeee0a8e3dbc.AiCap-srv#flowable-async-job-executor-thread-16046#
[PollStartAppStatusExecution] 75be55e4-f4e8-4a57-be2a-313bf42920d9 [2026-09-16T10:13:24.179261] Cell d1cc041a-d5a1-41d6-b9f6-6cda736ce3f0 stopping instance 1f1c9c96-fea2-4d1e-58de-cd48 (STDOUT, CELL)#
#2026 09 16 10:13:31.269#Z#DEBUG#d1c92348-b1b6-11f1-bf33-eeee0a8e3dbc.AiCap-srv#flowable-async-job-executor-thread-16046#
[PollStartAppStatusExecution] 75be55e4-f4e8-4a57-be2a-313bf42920d9 [2026-09-16T10:13:24.179334] Cell d1cc041a-d5a1-41d6-b9f6-6cda736ce3f0 destroying container for instance 1f1c9c96-fea2-4d1e-58de-cd48 (STDOUT, CELL)#
#2026 09 16 10:13:31.269#Z#DEBUG#d1c92348-b1b6-11f1-bf33-eeee0a8e3dbc.AiCap-srv#flowable-async-job-executor-thread-16046#
[PollStartAppStatusExecution] 75be55e4-f4e8-4a57-be2a-313bf42920d9 [2026-09-16T10:13:24.184693] Process has crashed with type: "web" (STDOUT, API)#
#2026 09 16 10:13:31.269#Z#DEBUG#d1c92348-b1b6-11f1-bf33-eeee0a8e3dbc.AiCap-srv#flowable-async-job-executor-thread-16046#
[PollStartAppStatusExecution] 75be55e4-f4e8-4a57-be2a-313bf42920d9 [2026-09-16T10:13:24.229115] App instance exited with guid 75be55e4-f4e8-4a57-be2a-313bf42920d9 payload: {"instance"=>"1f1c9c96-fea2-4d1e-58de-cd48", "index"=>0, "cell_id"=>"d1cc041a-d5a1-41d6-b9f6-6cda736ce3f0", "reason"=>"CRASHED", "exit_description"=>"APP/PROC/WEB: Exited with status 1", "crash_count"=>2, "crash_timestamp"=>1789553604158734861, "version"=>"c4c31522-7f3a-4b64-8a44-445c6cbbea58"} (STDOUT, API)#
#2026 09 16 10:13:31.269#Z#DEBUG#d1c92348-b1b6-11f1-bf33-eeee0a8e3dbc.AiCap-srv#flowable-async-job-executor-thread-16046#
[PollStartAppStatusExecution] 75be55e4-f4e8-4a57-be2a-313bf42920d9 [2026-09-16T10:13:24.313791] Cell c839c7b1-088e-41af-b9b7-66256aacd457 creating container for instance 2e9c70c7-a19a-41c4-5250-028d (STDOUT, CELL)#
#2026 09 16 10:13:31.269#Z#DEBUG#d1c92348-b1b6-11f1-bf33-eeee0a8e3dbc.AiCap-srv#flowable-async-job-executor-thread-16046#
[PollStartAppStatusExecution] 75be55e4-f4e8-4a57-be2a-313bf42920d9 [2026-09-16T10:13:24.528163] Exit status 137 (STDOUT, PROXY)#
#2026 09 16 10:13:31.269#Z#DEBUG#d1c92348-b1b6-11f1-bf33-eeee0a8e3dbc.AiCap-srv#flowable-async-job-executor-thread-16046#
[PollStartAppStatusExecution] 75be55e4-f4e8-4a57-be2a-313bf42920d9 [2026-09-16T10:13:25.055819] Security group rules were updated (STDOUT, CELL)#
#2026 09 16 10:13:31.269#Z#DEBUG#d1c92348-b1b6-11f1-bf33-eeee0a8e3dbc.AiCap-srv#flowable-async-job-executor-thread-16046#
[PollStartAppStatusExecution] 75be55e4-f4e8-4a57-be2a-313bf42920d9 [2026-09-16T10:13:25.145626] Cell c839c7b1-088e-41af-b9b7-66256aacd457 successfully created container for instance 2e9c70c7-a19a-41c4-5250-028d (STDOUT, CELL)#
#2026 09 16 10:13:31.269#Z#DEBUG#d1c92348-b1b6-11f1-bf33-eeee0a8e3dbc.AiCap-srv#flowable-async-job-executor-thread-16046#
[PollStartAppStatusExecution] 75be55e4-f4e8-4a57-be2a-313bf42920d9 [2026-09-16T10:13:25.794690] Downloading droplet... (STDOUT, CELL)#
#2026 09 16 10:13:31.269#Z#DEBUG#d1c92348-b1b6-11f1-bf33-eeee0a8e3dbc.AiCap-srv#flowable-async-job-executor-thread-16046#
[PollStartAppStatusExecution] 75be55e4-f4e8-4a57-be2a-313bf42920d9 [2026-09-16T10:13:27.080575] Cell d1cc041a-d5a1-41d6-b9f6-6cda736ce3f0 successfully destroyed container for instance 1f1c9c96-fea2-4d1e-58de-cd48 (STDOUT, CELL)#
#2026 09 16 10:13:31.269#Z#DEBUG#d1c92348-b1b6-11f1-bf33-eeee0a8e3dbc.AiCap-srv#flowable-async-job-executor-thread-16046#
[PollStartAppStatusExecution] 75be55e4-f4e8-4a57-be2a-313bf42920d9 [2026-09-16T10:13:27.352701] Downloaded droplet (STDOUT, CELL)#
#2026 09 16 10:13:31.269#Z#DEBUG#d1c92348-b1b6-11f1-bf33-eeee0a8e3dbc.AiCap-srv#flowable-async-job-executor-thread-16046#
[PollStartAppStatusExecution] 75be55e4-f4e8-4a57-be2a-313bf42920d9 [2026-09-16T10:13:27.353250] Starting health monitoring of container (STDOUT, CELL)#
#2026 09 16 10:13:31.269#Z#DEBUG#d1c92348-b1b6-11f1-bf33-eeee0a8e3dbc.AiCap-srv#flowable-async-job-executor-thread-16046#
[PollStartAppStatusExecution] 75be55e4-f4e8-4a57-be2a-313bf42920d9 [2026-09-16T10:13:27.520034] Invoking pre-start scripts. (STDOUT, APP/PROC/WEB)#
#2026 09 16 10:13:31.269#Z#DEBUG#d1c92348-b1b6-11f1-bf33-eeee0a8e3dbc.AiCap-srv#flowable-async-job-executor-thread-16046#
[PollStartAppStatusExecution] 75be55e4-f4e8-4a57-be2a-313bf42920d9 [2026-09-16T10:13:27.750468] Invoking start command. (STDOUT, APP/PROC/WEB)#
#2026 09 16 10:13:31.269#Z#DEBUG#d1c92348-b1b6-11f1-bf33-eeee0a8e3dbc.AiCap-srv#flowable-async-job-executor-thread-16046#
[PollStartAppStatusExecution] 75be55e4-f4e8-4a57-be2a-313bf42920d9 [2026-09-16T10:13:28.199534] > AiCap@1.0.0 start (STDOUT, APP/PROC/WEB)#
#2026 09 16 10:13:31.269#Z#DEBUG#d1c92348-b1b6-11f1-bf33-eeee0a8e3dbc.AiCap-srv#flowable-async-job-executor-thread-16046#
[PollStartAppStatusExecution] 75be55e4-f4e8-4a57-be2a-313bf42920d9 [2026-09-16T10:13:28.199562] > cds-serve (STDOUT, APP/PROC/WEB)#
#2026 09 16 10:13:31.269#Z#DEBUG#d1c92348-b1b6-11f1-bf33-eeee0a8e3dbc.AiCap-srv#flowable-async-job-executor-thread-16046#
[PollStartAppStatusExecution] 75be55e4-f4e8-4a57-be2a-313bf42920d9 [2026-09-16T10:13:28.501396] {"level":"info","logger":"cds","timestamp":"2026-09-16T10:13:28.499Z","layer":"cds","component_type":"application","container_id":"10.32.2.6","component_id":"75be55e4-f4e8-4a57-be2a-313bf42920d9","component_name":"AiCap-srv","component_instance":0,"source_instance":0,"organization_name":"5aaa8d8dtrial","organization_id":"cc2f7598-034a-422a-b46b-912aff1726b5","space_name":"dev","space_id":"aeb4407e-27ee-42fa-9b7c-bc76d021820d","msg":"loaded model from 1 file(s):\n ","type":"log"} (STDOUT, APP/PROC/WEB)#
#2026 09 16 10:13:31.269#Z#DEBUG#d1c92348-b1b6-11f1-bf33-eeee0a8e3dbc.AiCap-srv#flowable-async-job-executor-thread-16046#
[PollStartAppStatusExecution] 75be55e4-f4e8-4a57-be2a-313bf42920d9 [2026-09-16T10:13:28.501981] srv/csn.json (STDOUT, APP/PROC/WEB)#
#2026 09 16 10:13:31.269#Z#DEBUG#d1c92348-b1b6-11f1-bf33-eeee0a8e3dbc.AiCap-srv#flowable-async-job-executor-thread-16046#
[PollStartAppStatusExecution] 75be55e4-f4e8-4a57-be2a-313bf42920d9 [2026-09-16T10:13:28.702873] {"level":"info","logger":"cds","timestamp":"2026-09-16T10:13:28.702Z","layer":"cds","component_type":"application","container_id":"10.32.2.6","component_id":"75be55e4-f4e8-4a57-be2a-313bf42920d9","component_name":"AiCap-srv","component_instance":0,"source_instance":0,"organization_name":"5aaa8d8dtrial","organization_id":"cc2f7598-034a-422a-b46b-912aff1726b5","space_name":"dev","space_id":"aeb4407e-27ee-42fa-9b7c-bc76d021820d","msg":"connect to db > hana {\n  database_id: 'd7e226ec-d1db-485a-8583-3dc0d0aca49d',\n  host: 'd7e226ec-d1db-485a-8583-3dc0d0aca49d.hna0.prod-us10.hanacloud.ondemand.com',\n  port: '443',\n  driver: 'com.sap.db.jdbc.Driver',\n  url: 'jdbc:sap://d7e226ec-d1db-485a-8583-3dc0d0aca49d.hna0.prod-us10.hanacloud.ondemand.com:443?encrypt=true&validateCertificate=true&currentschema=9311B6CBD15E4D128387DBA8840204D3',\n  schema: '9311B6CBD15E4D128387DBA8840204D3',\n  certificate: '...',\n  hdi_user: '9311B6CBD15E4D128387DBA8840204D3_AVZFRWQVOPBC9YKG1QFD1UT2J_DT',\n  hdi_password: '...',\n  user: '9311B6CBD15E4D128387DBA8840204D3_AVZFRWQVOPBC9YKG1QFD1UT2J_RT',\n  password: '...'\n}","type":"log"} (STDOUT, APP/PROC/WEB)#
#2026 09 16 10:13:31.269#Z#DEBUG#d1c92348-b1b6-11f1-bf33-eeee0a8e3dbc.AiCap-srv#flowable-async-job-executor-thread-16046#
[PollStartAppStatusExecution] 75be55e4-f4e8-4a57-be2a-313bf42920d9 [2026-09-16T10:13:28.712539] file:///home/vcap/app/srv/cat-service.js:1 (STDERR, APP/PROC/WEB)#
#2026 09 16 10:13:31.269#Z#DEBUG#d1c92348-b1b6-11f1-bf33-eeee0a8e3dbc.AiCap-srv#flowable-async-job-executor-thread-16046#
[PollStartAppStatusExecution] 75be55e4-f4e8-4a57-be2a-313bf42920d9 [2026-09-16T10:13:28.712575] module.exports = class CatalogService extends cds.ApplicationService { (STDERR, APP/PROC/WEB)#
#2026 09 16 10:13:31.269#Z#DEBUG#d1c92348-b1b6-11f1-bf33-eeee0a8e3dbc.AiCap-srv#flowable-async-job-executor-thread-16046#
[PollStartAppStatusExecution] 75be55e4-f4e8-4a57-be2a-313bf42920d9 [2026-09-16T10:13:28.712580] ^ (STDERR, APP/PROC/WEB)#
#2026 09 16 10:13:31.269#Z#DEBUG#d1c92348-b1b6-11f1-bf33-eeee0a8e3dbc.AiCap-srv#flowable-async-job-executor-thread-16046#
[PollStartAppStatusExecution] 75be55e4-f4e8-4a57-be2a-313bf42920d9 [2026-09-16T10:13:28.712585] ReferenceError: module is not defined in ES module scope (STDERR, APP/PROC/WEB)#
#2026 09 16 10:13:31.269#Z#DEBUG#d1c92348-b1b6-11f1-bf33-eeee0a8e3dbc.AiCap-srv#flowable-async-job-executor-thread-16046#
[PollStartAppStatusExecution] 75be55e4-f4e8-4a57-be2a-313bf42920d9 [2026-09-16T10:13:28.712595] This file is being treated as an ES module because it has a '.js' file extension and '/home/vcap/app/package.json' contains "type": "module". To treat it as a CommonJS script, rename it to use the '.cjs' file extension. (STDERR, APP/PROC/WEB)#
#2026 09 16 10:13:31.269#Z#DEBUG#d1c92348-b1b6-11f1-bf33-eeee0a8e3dbc.AiCap-srv#flowable-async-job-executor-thread-16046#
[PollStartAppStatusExecution] 75be55e4-f4e8-4a57-be2a-313bf42920d9 [2026-09-16T10:13:28.712608] at file:///home/vcap/app/srv/cat-service.js:1:1 (STDERR, APP/PROC/WEB)#
#2026 09 16 10:13:31.269#Z#DEBUG#d1c92348-b1b6-11f1-bf33-eeee0a8e3dbc.AiCap-srv#flowable-async-job-executor-thread-16046#
[PollStartAppStatusExecution] 75be55e4-f4e8-4a57-be2a-313bf42920d9 [2026-09-16T10:13:28.712613] at ModuleJob.run (node:internal/modules/esm/module_job:439:25) (STDERR, APP/PROC/WEB)#
#2026 09 16 10:13:31.269#Z#DEBUG#d1c92348-b1b6-11f1-bf33-eeee0a8e3dbc.AiCap-srv#flowable-async-job-executor-thread-16046#
[PollStartAppStatusExecution] 75be55e4-f4e8-4a57-be2a-313bf42920d9 [2026-09-16T10:13:28.712623] at async node:internal/modules/esm/loader:643:26 (STDERR, APP/PROC/WEB)#
#2026 09 16 10:13:31.269#Z#DEBUG#d1c92348-b1b6-11f1-bf33-eeee0a8e3dbc.AiCap-srv#flowable-async-job-executor-thread-16046#
[PollStartAppStatusExecution] 75be55e4-f4e8-4a57-be2a-313bf42920d9 [2026-09-16T10:13:28.712632] at async _use (/home/vcap/app/node_modules/@sap/cds/lib/srv/factory.js:32:14) (STDERR, APP/PROC/WEB)#
#2026 09 16 10:13:31.269#Z#DEBUG#d1c92348-b1b6-11f1-bf33-eeee0a8e3dbc.AiCap-srv#flowable-async-job-executor-thread-16046#
[PollStartAppStatusExecution] 75be55e4-f4e8-4a57-be2a-313bf42920d9 [2026-09-16T10:13:28.712636] at async Promise.all (index 0) (STDERR, APP/PROC/WEB)#
#2026 09 16 10:13:31.269#Z#DEBUG#d1c92348-b1b6-11f1-bf33-eeee0a8e3dbc.AiCap-srv#flowable-async-job-executor-thread-16046#
[PollStartAppStatusExecution] 75be55e4-f4e8-4a57-be2a-313bf42920d9 [2026-09-16T10:13:28.712643] at async _cds_serve (/home/vcap/app/node_modules/@sap/cds/lib/srv/cds-serve.js:32:16) (STDERR, APP/PROC/WEB)#
#2026 09 16 10:13:31.269#Z#DEBUG#d1c92348-b1b6-11f1-bf33-eeee0a8e3dbc.AiCap-srv#flowable-async-job-executor-thread-16046#
[PollStartAppStatusExecution] 75be55e4-f4e8-4a57-be2a-313bf42920d9 [2026-09-16T10:13:28.712648] at async cds_server (/home/vcap/app/node_modules/@sap/cds/server.js:61:3) (STDERR, APP/PROC/WEB)#
#2026 09 16 10:13:31.269#Z#DEBUG#d1c92348-b1b6-11f1-bf33-eeee0a8e3dbc.AiCap-srv#flowable-async-job-executor-thread-16046#
[PollStartAppStatusExecution] 75be55e4-f4e8-4a57-be2a-313bf42920d9 [2026-09-16T10:13:28.712652] at async serve (/home/vcap/app/node_modules/@sap/cds/bin/serve.js:207:18) (STDERR, APP/PROC/WEB)#
#2026 09 16 10:13:31.269#Z#DEBUG#d1c92348-b1b6-11f1-bf33-eeee0a8e3dbc.AiCap-srv#flowable-async-job-executor-thread-16046#
[PollStartAppStatusExecution] 75be55e4-f4e8-4a57-be2a-313bf42920d9 [2026-09-16T10:13:28.712656] Node.js v24.18.0 (STDERR, APP/PROC/WEB)#
#2026 09 16 10:13:31.269#Z#DEBUG#d1c92348-b1b6-11f1-bf33-eeee0a8e3dbc.AiCap-srv#flowable-async-job-executor-thread-16046#
[PollStartAppStatusExecution] 75be55e4-f4e8-4a57-be2a-313bf42920d9 [2026-09-16T10:13:28.728122] npm notice (STDERR, APP/PROC/WEB)#
#2026 09 16 10:13:31.269#Z#DEBUG#d1c92348-b1b6-11f1-bf33-eeee0a8e3dbc.AiCap-srv#flowable-async-job-executor-thread-16046#
[PollStartAppStatusExecution] 75be55e4-f4e8-4a57-be2a-313bf42920d9 [2026-09-16T10:13:28.728171] npm notice New major version of npm available! 11.16.0 -> 12.0.2 (STDERR, APP/PROC/WEB)#
#2026 09 16 10:13:31.269#Z#DEBUG#d1c92348-b1b6-11f1-bf33-eeee0a8e3dbc.AiCap-srv#flowable-async-job-executor-thread-16046#
[PollStartAppStatusExecution] 75be55e4-f4e8-4a57-be2a-313bf42920d9 [2026-09-16T10:13:28.728175] npm notice Changelog: https://github.com/npm/cli/releases/tag/v12.0.2 (STDERR, APP/PROC/WEB)#
#2026 09 16 10:13:31.269#Z#DEBUG#d1c92348-b1b6-11f1-bf33-eeee0a8e3dbc.AiCap-srv#flowable-async-job-executor-thread-16046#
[PollStartAppStatusExecution] 75be55e4-f4e8-4a57-be2a-313bf42920d9 [2026-09-16T10:13:28.728177] npm notice To update run: npm install -g npm@12.0.2 (STDERR, APP/PROC/WEB)#
#2026 09 16 10:13:31.269#Z#DEBUG#d1c92348-b1b6-11f1-bf33-eeee0a8e3dbc.AiCap-srv#flowable-async-job-executor-thread-16046#
[PollStartAppStatusExecution] 75be55e4-f4e8-4a57-be2a-313bf42920d9 [2026-09-16T10:13:28.728181] npm notice (STDERR, APP/PROC/WEB)#
#2026 09 16 10:13:31.269#Z#DEBUG#d1c92348-b1b6-11f1-bf33-eeee0a8e3dbc.AiCap-srv#flowable-async-job-executor-thread-16046#
[PollStartAppStatusExecution] 75be55e4-f4e8-4a57-be2a-313bf42920d9 [2026-09-16T10:13:28.806760] Exit status 1 (STDOUT, APP/PROC/WEB)#
#2026 09 16 10:13:41.405#Z#DEBUG#d1c92348-b1b6-11f1-bf33-eeee0a8e3dbc.AiCap-srv#flowable-async-job-executor-thread-13198#
[PollStartAppStatusExecution] 75be55e4-f4e8-4a57-be2a-313bf42920d9 [2026-09-16T10:13:34.837822] Cell c839c7b1-088e-41af-b9b7-66256aacd457 stopping instance 2e9c70c7-a19a-41c4-5250-028d (STDOUT, CELL)#
#2026 09 16 10:13:41.405#Z#DEBUG#d1c92348-b1b6-11f1-bf33-eeee0a8e3dbc.AiCap-srv#flowable-async-job-executor-thread-13198#
[PollStartAppStatusExecution] 75be55e4-f4e8-4a57-be2a-313bf42920d9 [2026-09-16T10:13:34.837864] Cell c839c7b1-088e-41af-b9b7-66256aacd457 destroying container for instance 2e9c70c7-a19a-41c4-5250-028d (STDOUT, CELL)#
#2026 09 16 10:13:41.405#Z#DEBUG#d1c92348-b1b6-11f1-bf33-eeee0a8e3dbc.AiCap-srv#flowable-async-job-executor-thread-13198#
[PollStartAppStatusExecution] 75be55e4-f4e8-4a57-be2a-313bf42920d9 [2026-09-16T10:13:34.857253] Process has crashed with type: "web" (STDOUT, API)#
#2026 09 16 10:13:41.405#Z#DEBUG#d1c92348-b1b6-11f1-bf33-eeee0a8e3dbc.AiCap-srv#flowable-async-job-executor-thread-13198#
[PollStartAppStatusExecution] 75be55e4-f4e8-4a57-be2a-313bf42920d9 [2026-09-16T10:13:34.884498] App instance exited with guid 75be55e4-f4e8-4a57-be2a-313bf42920d9 payload: {"instance"=>"2e9c70c7-a19a-41c4-5250-028d", "index"=>0, "cell_id"=>"c839c7b1-088e-41af-b9b7-66256aacd457", "reason"=>"CRASHED", "exit_description"=>"APP/PROC/WEB: Exited with status 1", "crash_count"=>3, "crash_timestamp"=>1789553614833825265, "version"=>"c4c31522-7f3a-4b64-8a44-445c6cbbea58"} (STDOUT, API)#
#2026 09 16 10:13:41.405#Z#DEBUG#d1c92348-b1b6-11f1-bf33-eeee0a8e3dbc.AiCap-srv#flowable-async-job-executor-thread-13198#
[PollStartAppStatusExecution] 75be55e4-f4e8-4a57-be2a-313bf42920d9 [2026-09-16T10:13:35.166423] Exit status 137 (STDOUT, PROXY)#
#2026 09 16 10:13:41.405#Z#DEBUG#d1c92348-b1b6-11f1-bf33-eeee0a8e3dbc.AiCap-srv#flowable-async-job-executor-thread-13198#
[PollStartAppStatusExecution] 75be55e4-f4e8-4a57-be2a-313bf42920d9 [2026-09-16T10:13:37.262567] Cell c839c7b1-088e-41af-b9b7-66256aacd457 successfully destroyed container for instance 2e9c70c7-a19a-41c4-5250-028d (STDOUT, CELL)#
#2026 09 16 10:13:51.452#Z#DEBUG#d1c92348-b1b6-11f1-bf33-eeee0a8e3dbc.AiCap-srv#flowable-async-job-executor-thread-14184#
[PollStartAppStatusExecution] 75be55e4-f4e8-4a57-be2a-313bf42920d9 [2026-09-16T10:13:34.837822] Cell c839c7b1-088e-41af-b9b7-66256aacd457 stopping instance 2e9c70c7-a19a-41c4-5250-028d (STDOUT, CELL)#
#2026 09 16 10:13:51.452#Z#DEBUG#d1c92348-b1b6-11f1-bf33-eeee0a8e3dbc.AiCap-srv#flowable-async-job-executor-thread-14184#
[PollStartAppStatusExecution] 75be55e4-f4e8-4a57-be2a-313bf42920d9 [2026-09-16T10:13:34.837864] Cell c839c7b1-088e-41af-b9b7-66256aacd457 destroying container for instance 2e9c70c7-a19a-41c4-5250-028d (STDOUT, CELL)#
#2026 09 16 10:13:51.452#Z#DEBUG#d1c92348-b1b6-11f1-bf33-eeee0a8e3dbc.AiCap-srv#flowable-async-job-executor-thread-14184#
[PollStartAppStatusExecution] 75be55e4-f4e8-4a57-be2a-313bf42920d9 [2026-09-16T10:13:34.857253] Process has crashed with type: "web" (STDOUT, API)#
#2026 09 16 10:13:51.452#Z#DEBUG#d1c92348-b1b6-11f1-bf33-eeee0a8e3dbc.AiCap-srv#flowable-async-job-executor-thread-14184#
[PollStartAppStatusExecution] 75be55e4-f4e8-4a57-be2a-313bf42920d9 [2026-09-16T10:13:34.884498] App instance exited with guid 75be55e4-f4e8-4a57-be2a-313bf42920d9 payload: {"instance"=>"2e9c70c7-a19a-41c4-5250-028d", "index"=>0, "cell_id"=>"c839c7b1-088e-41af-b9b7-66256aacd457", "reason"=>"CRASHED", "exit_description"=>"APP/PROC/WEB: Exited with status 1", "crash_count"=>3, "crash_timestamp"=>1789553614833825265, "version"=>"c4c31522-7f3a-4b64-8a44-445c6cbbea58"} (STDOUT, API)#
#2026 09 16 10:13:51.452#Z#DEBUG#d1c92348-b1b6-11f1-bf33-eeee0a8e3dbc.AiCap-srv#flowable-async-job-executor-thread-14184#
[PollStartAppStatusExecution] 75be55e4-f4e8-4a57-be2a-313bf42920d9 [2026-09-16T10:13:35.166423] Exit status 137 (STDOUT, PROXY)#
#2026 09 16 10:13:51.452#Z#DEBUG#d1c92348-b1b6-11f1-bf33-eeee0a8e3dbc.AiCap-srv#flowable-async-job-executor-thread-14184#
[PollStartAppStatusExecution] 75be55e4-f4e8-4a57-be2a-313bf42920d9 [2026-09-16T10:13:37.262567] Cell c839c7b1-088e-41af-b9b7-66256aacd457 successfully destroyed container for instance 2e9c70c7-a19a-41c4-5250-028d (STDOUT, CELL)#
#2026 09 16 10:13:51.452#Z#DEBUG#d1c92348-b1b6-11f1-bf33-eeee0a8e3dbc.AiCap-srv#flowable-async-job-executor-thread-14184#
[PollStartAppStatusExecution] 75be55e4-f4e8-4a57-be2a-313bf42920d9 [2026-09-16T10:13:43.280055] Stopping app with guid 75be55e4-f4e8-4a57-be2a-313bf42920d9 (STDOUT, API)#
#2026 09 16 10:13:51.452#Z#DEBUG#d1c92348-b1b6-11f1-bf33-eeee0a8e3dbc.AiCap-srv#flowable-async-job-executor-thread-14184#
[PollStartAppStatusExecution] 75be55e4-f4e8-4a57-be2a-313bf42920d9 [2026-09-16T10:13:43.466278] Starting app with guid 75be55e4-f4e8-4a57-be2a-313bf42920d9 (STDOUT, API)#
#2026 09 16 10:13:51.452#Z#DEBUG#d1c92348-b1b6-11f1-bf33-eeee0a8e3dbc.AiCap-srv#flowable-async-job-executor-thread-14184#
[PollStartAppStatusExecution] 75be55e4-f4e8-4a57-be2a-313bf42920d9 [2026-09-16T10:13:43.711402] Cell c839c7b1-088e-41af-b9b7-66256aacd457 creating container for instance 5d0961db-1e7b-4ebb-7c42-61df (STDOUT, CELL)#
#2026 09 16 10:13:51.452#Z#DEBUG#d1c92348-b1b6-11f1-bf33-eeee0a8e3dbc.AiCap-srv#flowable-async-job-executor-thread-14184#
[PollStartAppStatusExecution] 75be55e4-f4e8-4a57-be2a-313bf42920d9 [2026-09-16T10:13:44.438234] Security group rules were updated (STDOUT, CELL)#
#2026 09 16 10:13:51.452#Z#DEBUG#d1c92348-b1b6-11f1-bf33-eeee0a8e3dbc.AiCap-srv#flowable-async-job-executor-thread-14184#
[PollStartAppStatusExecution] 75be55e4-f4e8-4a57-be2a-313bf42920d9 [2026-09-16T10:13:44.540174] Cell c839c7b1-088e-41af-b9b7-66256aacd457 successfully created container for instance 5d0961db-1e7b-4ebb-7c42-61df (STDOUT, CELL)#
#2026 09 16 10:13:51.452#Z#DEBUG#d1c92348-b1b6-11f1-bf33-eeee0a8e3dbc.AiCap-srv#flowable-async-job-executor-thread-14184#
[PollStartAppStatusExecution] 75be55e4-f4e8-4a57-be2a-313bf42920d9 [2026-09-16T10:13:44.932795] Downloading droplet... (STDOUT, CELL)#
#2026 09 16 10:13:51.452#Z#DEBUG#d1c92348-b1b6-11f1-bf33-eeee0a8e3dbc.AiCap-srv#flowable-async-job-executor-thread-14184#
[PollStartAppStatusExecution] 75be55e4-f4e8-4a57-be2a-313bf42920d9 [2026-09-16T10:13:49.132243] Downloaded droplet (62.8M) (STDOUT, CELL)#
#2026 09 16 10:13:51.452#Z#DEBUG#d1c92348-b1b6-11f1-bf33-eeee0a8e3dbc.AiCap-srv#flowable-async-job-executor-thread-14184#
[PollStartAppStatusExecution] 75be55e4-f4e8-4a57-be2a-313bf42920d9 [2026-09-16T10:13:49.132512] Starting health monitoring of container (STDOUT, CELL)#
#2026 09 16 10:13:51.452#Z#DEBUG#d1c92348-b1b6-11f1-bf33-eeee0a8e3dbc.AiCap-srv#flowable-async-job-executor-thread-14184#
[PollStartAppStatusExecution] 75be55e4-f4e8-4a57-be2a-313bf42920d9 [2026-09-16T10:13:49.271458] Invoking pre-start scripts. (STDOUT, APP/PROC/WEB)#
#2026 09 16 10:13:51.452#Z#DEBUG#d1c92348-b1b6-11f1-bf33-eeee0a8e3dbc.AiCap-srv#flowable-async-job-executor-thread-14184#
[PollStartAppStatusExecution] 75be55e4-f4e8-4a57-be2a-313bf42920d9 [2026-09-16T10:13:49.508165] Invoking start command. (STDOUT, APP/PROC/WEB)#
#2026 09 16 10:13:51.452#Z#DEBUG#d1c92348-b1b6-11f1-bf33-eeee0a8e3dbc.AiCap-srv#flowable-async-job-executor-thread-14184#
[PollStartAppStatusExecution] 75be55e4-f4e8-4a57-be2a-313bf42920d9 [2026-09-16T10:13:50.035220] > AiCap@1.0.0 start (STDOUT, APP/PROC/WEB)#
#2026 09 16 10:13:51.452#Z#DEBUG#d1c92348-b1b6-11f1-bf33-eeee0a8e3dbc.AiCap-srv#flowable-async-job-executor-thread-14184#
[PollStartAppStatusExecution] 75be55e4-f4e8-4a57-be2a-313bf42920d9 [2026-09-16T10:13:50.035252] > cds-serve (STDOUT, APP/PROC/WEB)#
#2026 09 16 10:13:51.452#Z#DEBUG#d1c92348-b1b6-11f1-bf33-eeee0a8e3dbc.AiCap-srv#flowable-async-job-executor-thread-14184#
[PollStartAppStatusExecution] 75be55e4-f4e8-4a57-be2a-313bf42920d9 [2026-09-16T10:13:50.382998] {"level":"info","logger":"cds","timestamp":"2026-09-16T10:13:50.381Z","layer":"cds","component_type":"application","container_id":"10.32.2.6","component_id":"75be55e4-f4e8-4a57-be2a-313bf42920d9","component_name":"AiCap-srv","component_instance":0,"source_instance":0,"organization_name":"5aaa8d8dtrial","organization_id":"cc2f7598-034a-422a-b46b-912aff1726b5","space_name":"dev","space_id":"aeb4407e-27ee-42fa-9b7c-bc76d021820d","msg":"loaded model from 1 file(s):\n ","type":"log"} (STDOUT, APP/PROC/WEB)#
#2026 09 16 10:13:51.452#Z#DEBUG#d1c92348-b1b6-11f1-bf33-eeee0a8e3dbc.AiCap-srv#flowable-async-job-executor-thread-14184#
[PollStartAppStatusExecution] 75be55e4-f4e8-4a57-be2a-313bf42920d9 [2026-09-16T10:13:50.385410] srv/csn.json (STDOUT, APP/PROC/WEB)#
#2026 09 16 10:13:51.452#Z#DEBUG#d1c92348-b1b6-11f1-bf33-eeee0a8e3dbc.AiCap-srv#flowable-async-job-executor-thread-14184#
[PollStartAppStatusExecution] 75be55e4-f4e8-4a57-be2a-313bf42920d9 [2026-09-16T10:13:50.587340] {"level":"info","logger":"cds","timestamp":"2026-09-16T10:13:50.586Z","layer":"cds","component_type":"application","container_id":"10.32.2.6","component_id":"75be55e4-f4e8-4a57-be2a-313bf42920d9","component_name":"AiCap-srv","component_instance":0,"source_instance":0,"organization_name":"5aaa8d8dtrial","organization_id":"cc2f7598-034a-422a-b46b-912aff1726b5","space_name":"dev","space_id":"aeb4407e-27ee-42fa-9b7c-bc76d021820d","msg":"connect to db > hana {\n  database_id: 'd7e226ec-d1db-485a-8583-3dc0d0aca49d',\n  host: 'd7e226ec-d1db-485a-8583-3dc0d0aca49d.hna0.prod-us10.hanacloud.ondemand.com',\n  port: '443',\n  driver: 'com.sap.db.jdbc.Driver',\n  url: 'jdbc:sap://d7e226ec-d1db-485a-8583-3dc0d0aca49d.hna0.prod-us10.hanacloud.ondemand.com:443?encrypt=true&validateCertificate=true&currentschema=9311B6CBD15E4D128387DBA8840204D3',\n  schema: '9311B6CBD15E4D128387DBA8840204D3',\n  certificate: '...',\n  hdi_user: '9311B6CBD15E4D128387DBA8840204D3_AVZFRWQVOPBC9YKG1QFD1UT2J_DT',\n  hdi_password: '...',\n  user: '9311B6CBD15E4D128387DBA8840204D3_AVZFRWQVOPBC9YKG1QFD1UT2J_RT',\n  password: '...'\n}","type":"log"} (STDOUT, APP/PROC/WEB)#
#2026 09 16 10:13:51.452#Z#DEBUG#d1c92348-b1b6-11f1-bf33-eeee0a8e3dbc.AiCap-srv#flowable-async-job-executor-thread-14184#
[PollStartAppStatusExecution] 75be55e4-f4e8-4a57-be2a-313bf42920d9 [2026-09-16T10:13:50.598848] file:///home/vcap/app/srv/cat-service.js:1 (STDERR, APP/PROC/WEB)#
#2026 09 16 10:13:51.452#Z#DEBUG#d1c92348-b1b6-11f1-bf33-eeee0a8e3dbc.AiCap-srv#flowable-async-job-executor-thread-14184#
[PollStartAppStatusExecution] 75be55e4-f4e8-4a57-be2a-313bf42920d9 [2026-09-16T10:13:50.598878] module.exports = class CatalogService extends cds.ApplicationService { (STDERR, APP/PROC/WEB)#
#2026 09 16 10:13:51.452#Z#DEBUG#d1c92348-b1b6-11f1-bf33-eeee0a8e3dbc.AiCap-srv#flowable-async-job-executor-thread-14184#
[PollStartAppStatusExecution] 75be55e4-f4e8-4a57-be2a-313bf42920d9 [2026-09-16T10:13:50.598886] ^ (STDERR, APP/PROC/WEB)#
#2026 09 16 10:13:51.452#Z#DEBUG#d1c92348-b1b6-11f1-bf33-eeee0a8e3dbc.AiCap-srv#flowable-async-job-executor-thread-14184#
[PollStartAppStatusExecution] 75be55e4-f4e8-4a57-be2a-313bf42920d9 [2026-09-16T10:13:50.598891] ReferenceError: module is not defined in ES module scope (STDERR, APP/PROC/WEB)#
#2026 09 16 10:13:51.452#Z#DEBUG#d1c92348-b1b6-11f1-bf33-eeee0a8e3dbc.AiCap-srv#flowable-async-job-executor-thread-14184#
[PollStartAppStatusExecution] 75be55e4-f4e8-4a57-be2a-313bf42920d9 [2026-09-16T10:13:50.598894] This file is being treated as an ES module because it has a '.js' file extension and '/home/vcap/app/package.json' contains "type": "module". To treat it as a CommonJS script, rename it to use the '.cjs' file extension. (STDERR, APP/PROC/WEB)#
#2026 09 16 10:13:51.452#Z#DEBUG#d1c92348-b1b6-11f1-bf33-eeee0a8e3dbc.AiCap-srv#flowable-async-job-executor-thread-14184#
[PollStartAppStatusExecution] 75be55e4-f4e8-4a57-be2a-313bf42920d9 [2026-09-16T10:13:50.598898] at file:///home/vcap/app/srv/cat-service.js:1:1 (STDERR, APP/PROC/WEB)#
#2026 09 16 10:13:51.452#Z#DEBUG#d1c92348-b1b6-11f1-bf33-eeee0a8e3dbc.AiCap-srv#flowable-async-job-executor-thread-14184#
[PollStartAppStatusExecution] 75be55e4-f4e8-4a57-be2a-313bf42920d9 [2026-09-16T10:13:50.598900] at ModuleJob.run (node:internal/modules/esm/module_job:439:25) (STDERR, APP/PROC/WEB)#
#2026 09 16 10:13:51.452#Z#DEBUG#d1c92348-b1b6-11f1-bf33-eeee0a8e3dbc.AiCap-srv#flowable-async-job-executor-thread-14184#
[PollStartAppStatusExecution] 75be55e4-f4e8-4a57-be2a-313bf42920d9 [2026-09-16T10:13:50.598903] at async node:internal/modules/esm/loader:643:26 (STDERR, APP/PROC/WEB)#
#2026 09 16 10:13:51.452#Z#DEBUG#d1c92348-b1b6-11f1-bf33-eeee0a8e3dbc.AiCap-srv#flowable-async-job-executor-thread-14184#
[PollStartAppStatusExecution] 75be55e4-f4e8-4a57-be2a-313bf42920d9 [2026-09-16T10:13:50.598906] at async _use (/home/vcap/app/node_modules/@sap/cds/lib/srv/factory.js:32:14) (STDERR, APP/PROC/WEB)#
#2026 09 16 10:13:51.452#Z#DEBUG#d1c92348-b1b6-11f1-bf33-eeee0a8e3dbc.AiCap-srv#flowable-async-job-executor-thread-14184#
[PollStartAppStatusExecution] 75be55e4-f4e8-4a57-be2a-313bf42920d9 [2026-09-16T10:13:50.598908] at async Promise.all (index 0) (STDERR, APP/PROC/WEB)#
#2026 09 16 10:13:51.452#Z#DEBUG#d1c92348-b1b6-11f1-bf33-eeee0a8e3dbc.AiCap-srv#flowable-async-job-executor-thread-14184#
[PollStartAppStatusExecution] 75be55e4-f4e8-4a57-be2a-313bf42920d9 [2026-09-16T10:13:50.598910] at async _cds_serve (/home/vcap/app/node_modules/@sap/cds/lib/srv/cds-serve.js:32:16) (STDERR, APP/PROC/WEB)#
#2026 09 16 10:13:51.452#Z#DEBUG#d1c92348-b1b6-11f1-bf33-eeee0a8e3dbc.AiCap-srv#flowable-async-job-executor-thread-14184#
[PollStartAppStatusExecution] 75be55e4-f4e8-4a57-be2a-313bf42920d9 [2026-09-16T10:13:50.598916] at async cds_server (/home/vcap/app/node_modules/@sap/cds/server.js:61:3) (STDERR, APP/PROC/WEB)#
#2026 09 16 10:13:51.452#Z#DEBUG#d1c92348-b1b6-11f1-bf33-eeee0a8e3dbc.AiCap-srv#flowable-async-job-executor-thread-14184#
[PollStartAppStatusExecution] 75be55e4-f4e8-4a57-be2a-313bf42920d9 [2026-09-16T10:13:50.598919] at async serve (/home/vcap/app/node_modules/@sap/cds/bin/serve.js:207:18) (STDERR, APP/PROC/WEB)#
#2026 09 16 10:13:51.452#Z#DEBUG#d1c92348-b1b6-11f1-bf33-eeee0a8e3dbc.AiCap-srv#flowable-async-job-executor-thread-14184#
[PollStartAppStatusExecution] 75be55e4-f4e8-4a57-be2a-313bf42920d9 [2026-09-16T10:13:50.598922] Node.js v24.18.0 (STDERR, APP/PROC/WEB)#
#2026 09 16 10:13:51.452#Z#DEBUG#d1c92348-b1b6-11f1-bf33-eeee0a8e3dbc.AiCap-srv#flowable-async-job-executor-thread-14184#
[PollStartAppStatusExecution] 75be55e4-f4e8-4a57-be2a-313bf42920d9 [2026-09-16T10:13:50.618134] npm notice (STDERR, APP/PROC/WEB)#
#2026 09 16 10:13:51.452#Z#DEBUG#d1c92348-b1b6-11f1-bf33-eeee0a8e3dbc.AiCap-srv#flowable-async-job-executor-thread-14184#
[PollStartAppStatusExecution] 75be55e4-f4e8-4a57-be2a-313bf42920d9 [2026-09-16T10:13:50.618170] npm notice New major version of npm available! 11.16.0 -> 12.0.2 (STDERR, APP/PROC/WEB)#
#2026 09 16 10:13:51.452#Z#DEBUG#d1c92348-b1b6-11f1-bf33-eeee0a8e3dbc.AiCap-srv#flowable-async-job-executor-thread-14184#
[PollStartAppStatusExecution] 75be55e4-f4e8-4a57-be2a-313bf42920d9 [2026-09-16T10:13:50.618175] npm notice Changelog: https://github.com/npm/cli/releases/tag/v12.0.2 (STDERR, APP/PROC/WEB)#
#2026 09 16 10:13:51.452#Z#DEBUG#d1c92348-b1b6-11f1-bf33-eeee0a8e3dbc.AiCap-srv#flowable-async-job-executor-thread-14184#
[PollStartAppStatusExecution] 75be55e4-f4e8-4a57-be2a-313bf42920d9 [2026-09-16T10:13:50.618178] npm notice To update run: npm install -g npm@12.0.2 (STDERR, APP/PROC/WEB)#
#2026 09 16 10:13:51.452#Z#DEBUG#d1c92348-b1b6-11f1-bf33-eeee0a8e3dbc.AiCap-srv#flowable-async-job-executor-thread-14184#
[PollStartAppStatusExecution] 75be55e4-f4e8-4a57-be2a-313bf42920d9 [2026-09-16T10:13:50.618182] npm notice (STDERR, APP/PROC/WEB)#
#2026 09 16 10:13:51.452#Z#DEBUG#d1c92348-b1b6-11f1-bf33-eeee0a8e3dbc.AiCap-srv#flowable-async-job-executor-thread-14184#
[PollStartAppStatusExecution] 75be55e4-f4e8-4a57-be2a-313bf42920d9 [2026-09-16T10:13:50.709755] Exit status 1 (STDOUT, APP/PROC/WEB)#
#2026 09 16 10:14:01.594#Z#DEBUG#d1c92348-b1b6-11f1-bf33-eeee0a8e3dbc.AiCap-srv#flowable-async-job-executor-thread-16070#
[PollStartAppStatusExecution] 75be55e4-f4e8-4a57-be2a-313bf42920d9 [2026-09-16T10:13:57.310821] Process has crashed with type: "web" (STDOUT, API)#
#2026 09 16 10:14:01.594#Z#DEBUG#d1c92348-b1b6-11f1-bf33-eeee0a8e3dbc.AiCap-srv#flowable-async-job-executor-thread-16070#
[PollStartAppStatusExecution] 75be55e4-f4e8-4a57-be2a-313bf42920d9 [2026-09-16T10:13:57.335569] App instance exited with guid 75be55e4-f4e8-4a57-be2a-313bf42920d9 payload: {"instance"=>"5d0961db-1e7b-4ebb-7c42-61df", "index"=>0, "cell_id"=>"c839c7b1-088e-41af-b9b7-66256aacd457", "reason"=>"CRASHED", "exit_description"=>"APP/PROC/WEB: Exited with status 1", "crash_count"=>1, "crash_timestamp"=>1789553637269769131, "version"=>"ebe0fde4-025b-40e9-81d3-81e5e63a18c1"} (STDOUT, API)#
#2026 09 16 10:14:01.594#Z#DEBUG#d1c92348-b1b6-11f1-bf33-eeee0a8e3dbc.AiCap-srv#flowable-async-job-executor-thread-16070#
[PollStartAppStatusExecution] 75be55e4-f4e8-4a57-be2a-313bf42920d9 [2026-09-16T10:14:00.528028] Cell c839c7b1-088e-41af-b9b7-66256aacd457 stopping instance 5d0961db-1e7b-4ebb-7c42-61df (STDOUT, CELL)#
#2026 09 16 10:14:01.594#Z#DEBUG#d1c92348-b1b6-11f1-bf33-eeee0a8e3dbc.AiCap-srv#flowable-async-job-executor-thread-16070#
[PollStartAppStatusExecution] 75be55e4-f4e8-4a57-be2a-313bf42920d9 [2026-09-16T10:14:00.528093] Cell c839c7b1-088e-41af-b9b7-66256aacd457 destroying container for instance 5d0961db-1e7b-4ebb-7c42-61df (STDOUT, CELL)#
#2026 09 16 10:14:01.594#Z#DEBUG#d1c92348-b1b6-11f1-bf33-eeee0a8e3dbc.AiCap-srv#flowable-async-job-executor-thread-16070#
[PollStartAppStatusExecution] 75be55e4-f4e8-4a57-be2a-313bf42920d9 [2026-09-16T10:14:00.730474] Exit status 137 (STDOUT, PROXY)#
#2026 09 16 10:14:11.632#Z#DEBUG#d1c92348-b1b6-11f1-bf33-eeee0a8e3dbc.AiCap-srv#flowable-async-job-executor-thread-14205#
[PollStartAppStatusExecution] 75be55e4-f4e8-4a57-be2a-313bf42920d9 [2026-09-16T10:14:02.995831] Cell c839c7b1-088e-41af-b9b7-66256aacd457 successfully destroyed container for instance 5d0961db-1e7b-4ebb-7c42-61df (STDOUT, CELL)#
#2026 09 16 10:14:41.981#Z#DEBUG#d1c92348-b1b6-11f1-bf33-eeee0a8e3dbc.AiCap-srv#flowable-async-job-executor-thread-13230#
[PollStartAppStatusExecution] 75be55e4-f4e8-4a57-be2a-313bf42920d9 [2026-09-16T10:14:32.676817] Cell c839c7b1-088e-41af-b9b7-66256aacd457 creating container for instance 86d63f00-f96c-4788-7780-311d (STDOUT, CELL)#
#2026 09 16 10:14:41.981#Z#DEBUG#d1c92348-b1b6-11f1-bf33-eeee0a8e3dbc.AiCap-srv#flowable-async-job-executor-thread-13230#
[PollStartAppStatusExecution] 75be55e4-f4e8-4a57-be2a-313bf42920d9 [2026-09-16T10:14:33.474452] Security group rules were updated (STDOUT, CELL)#
#2026 09 16 10:14:41.981#Z#DEBUG#d1c92348-b1b6-11f1-bf33-eeee0a8e3dbc.AiCap-srv#flowable-async-job-executor-thread-13230#
[PollStartAppStatusExecution] 75be55e4-f4e8-4a57-be2a-313bf42920d9 [2026-09-16T10:14:33.566264] Cell c839c7b1-088e-41af-b9b7-66256aacd457 successfully created container for instance 86d63f00-f96c-4788-7780-311d (STDOUT, CELL)#
#2026 09 16 10:14:41.981#Z#DEBUG#d1c92348-b1b6-11f1-bf33-eeee0a8e3dbc.AiCap-srv#flowable-async-job-executor-thread-13230#
[PollStartAppStatusExecution] 75be55e4-f4e8-4a57-be2a-313bf42920d9 [2026-09-16T10:14:34.289656] Downloading droplet... (STDOUT, CELL)#
#2026 09 16 10:14:41.981#Z#DEBUG#d1c92348-b1b6-11f1-bf33-eeee0a8e3dbc.AiCap-srv#flowable-async-job-executor-thread-13230#
[PollStartAppStatusExecution] 75be55e4-f4e8-4a57-be2a-313bf42920d9 [2026-09-16T10:14:36.226382] Downloaded droplet (STDOUT, CELL)#
#2026 09 16 10:14:41.981#Z#DEBUG#d1c92348-b1b6-11f1-bf33-eeee0a8e3dbc.AiCap-srv#flowable-async-job-executor-thread-13230#
[PollStartAppStatusExecution] 75be55e4-f4e8-4a57-be2a-313bf42920d9 [2026-09-16T10:14:36.226525] Starting health monitoring of container (STDOUT, CELL)#
#2026 09 16 10:14:41.981#Z#DEBUG#d1c92348-b1b6-11f1-bf33-eeee0a8e3dbc.AiCap-srv#flowable-async-job-executor-thread-13230#
[PollStartAppStatusExecution] 75be55e4-f4e8-4a57-be2a-313bf42920d9 [2026-09-16T10:14:36.435268] Invoking pre-start scripts. (STDOUT, APP/PROC/WEB)#
#2026 09 16 10:14:41.981#Z#DEBUG#d1c92348-b1b6-11f1-bf33-eeee0a8e3dbc.AiCap-srv#flowable-async-job-executor-thread-13230#
[PollStartAppStatusExecution] 75be55e4-f4e8-4a57-be2a-313bf42920d9 [2026-09-16T10:14:36.656509] Invoking start command. (STDOUT, APP/PROC/WEB)#
#2026 09 16 10:14:41.981#Z#DEBUG#d1c92348-b1b6-11f1-bf33-eeee0a8e3dbc.AiCap-srv#flowable-async-job-executor-thread-13230#
[PollStartAppStatusExecution] 75be55e4-f4e8-4a57-be2a-313bf42920d9 [2026-09-16T10:14:37.109311] > AiCap@1.0.0 start (STDOUT, APP/PROC/WEB)#
#2026 09 16 10:14:41.981#Z#DEBUG#d1c92348-b1b6-11f1-bf33-eeee0a8e3dbc.AiCap-srv#flowable-async-job-executor-thread-13230#
[PollStartAppStatusExecution] 75be55e4-f4e8-4a57-be2a-313bf42920d9 [2026-09-16T10:14:37.109350] > cds-serve (STDOUT, APP/PROC/WEB)#
#2026 09 16 10:14:41.981#Z#DEBUG#d1c92348-b1b6-11f1-bf33-eeee0a8e3dbc.AiCap-srv#flowable-async-job-executor-thread-13230#
[PollStartAppStatusExecution] 75be55e4-f4e8-4a57-be2a-313bf42920d9 [2026-09-16T10:14:37.411025] {"level":"info","logger":"cds","timestamp":"2026-09-16T10:14:37.408Z","layer":"cds","component_type":"application","container_id":"10.32.2.6","component_id":"75be55e4-f4e8-4a57-be2a-313bf42920d9","component_name":"AiCap-srv","component_instance":0,"source_instance":0,"organization_name":"5aaa8d8dtrial","organization_id":"cc2f7598-034a-422a-b46b-912aff1726b5","space_name":"dev","space_id":"aeb4407e-27ee-42fa-9b7c-bc76d021820d","msg":"loaded model from 1 file(s):\n ","type":"log"} (STDOUT, APP/PROC/WEB)#
#2026 09 16 10:14:41.981#Z#DEBUG#d1c92348-b1b6-11f1-bf33-eeee0a8e3dbc.AiCap-srv#flowable-async-job-executor-thread-13230#
[PollStartAppStatusExecution] 75be55e4-f4e8-4a57-be2a-313bf42920d9 [2026-09-16T10:14:37.411421] srv/csn.json (STDOUT, APP/PROC/WEB)#
#2026 09 16 10:14:41.981#Z#DEBUG#d1c92348-b1b6-11f1-bf33-eeee0a8e3dbc.AiCap-srv#flowable-async-job-executor-thread-13230#
[PollStartAppStatusExecution] 75be55e4-f4e8-4a57-be2a-313bf42920d9 [2026-09-16T10:14:37.607857] {"level":"info","logger":"cds","timestamp":"2026-09-16T10:14:37.607Z","layer":"cds","component_type":"application","container_id":"10.32.2.6","component_id":"75be55e4-f4e8-4a57-be2a-313bf42920d9","component_name":"AiCap-srv","component_instance":0,"source_instance":0,"organization_name":"5aaa8d8dtrial","organization_id":"cc2f7598-034a-422a-b46b-912aff1726b5","space_name":"dev","space_id":"aeb4407e-27ee-42fa-9b7c-bc76d021820d","msg":"connect to db > hana {\n  database_id: 'd7e226ec-d1db-485a-8583-3dc0d0aca49d',\n  host: 'd7e226ec-d1db-485a-8583-3dc0d0aca49d.hna0.prod-us10.hanacloud.ondemand.com',\n  port: '443',\n  driver: 'com.sap.db.jdbc.Driver',\n  url: 'jdbc:sap://d7e226ec-d1db-485a-8583-3dc0d0aca49d.hna0.prod-us10.hanacloud.ondemand.com:443?encrypt=true&validateCertificate=true&currentschema=9311B6CBD15E4D128387DBA8840204D3',\n  schema: '9311B6CBD15E4D128387DBA8840204D3',\n  certificate: '...',\n  hdi_user: '9311B6CBD15E4D128387DBA8840204D3_AVZFRWQVOPBC9YKG1QFD1UT2J_DT',\n  hdi_password: '...',\n  user: '9311B6CBD15E4D128387DBA8840204D3_AVZFRWQVOPBC9YKG1QFD1UT2J_RT',\n  password: '...'\n}","type":"log"} (STDOUT, APP/PROC/WEB)#
#2026 09 16 10:14:41.981#Z#DEBUG#d1c92348-b1b6-11f1-bf33-eeee0a8e3dbc.AiCap-srv#flowable-async-job-executor-thread-13230#
[PollStartAppStatusExecution] 75be55e4-f4e8-4a57-be2a-313bf42920d9 [2026-09-16T10:14:37.617186] file:///home/vcap/app/srv/cat-service.js:1 (STDERR, APP/PROC/WEB)#
#2026 09 16 10:14:41.981#Z#DEBUG#d1c92348-b1b6-11f1-bf33-eeee0a8e3dbc.AiCap-srv#flowable-async-job-executor-thread-13230#
[PollStartAppStatusExecution] 75be55e4-f4e8-4a57-be2a-313bf42920d9 [2026-09-16T10:14:37.617234] module.exports = class CatalogService extends cds.ApplicationService { (STDERR, APP/PROC/WEB)#
#2026 09 16 10:14:41.981#Z#DEBUG#d1c92348-b1b6-11f1-bf33-eeee0a8e3dbc.AiCap-srv#flowable-async-job-executor-thread-13230#
[PollStartAppStatusExecution] 75be55e4-f4e8-4a57-be2a-313bf42920d9 [2026-09-16T10:14:37.617238] ^ (STDERR, APP/PROC/WEB)#
#2026 09 16 10:14:41.981#Z#DEBUG#d1c92348-b1b6-11f1-bf33-eeee0a8e3dbc.AiCap-srv#flowable-async-job-executor-thread-13230#
[PollStartAppStatusExecution] 75be55e4-f4e8-4a57-be2a-313bf42920d9 [2026-09-16T10:14:37.617242] ReferenceError: module is not defined in ES module scope (STDERR, APP/PROC/WEB)#
#2026 09 16 10:14:41.981#Z#DEBUG#d1c92348-b1b6-11f1-bf33-eeee0a8e3dbc.AiCap-srv#flowable-async-job-executor-thread-13230#
[PollStartAppStatusExecution] 75be55e4-f4e8-4a57-be2a-313bf42920d9 [2026-09-16T10:14:37.617247] This file is being treated as an ES module because it has a '.js' file extension and '/home/vcap/app/package.json' contains "type": "module". To treat it as a CommonJS script, rename it to use the '.cjs' file extension. (STDERR, APP/PROC/WEB)#
#2026 09 16 10:14:41.981#Z#DEBUG#d1c92348-b1b6-11f1-bf33-eeee0a8e3dbc.AiCap-srv#flowable-async-job-executor-thread-13230#
[PollStartAppStatusExecution] 75be55e4-f4e8-4a57-be2a-313bf42920d9 [2026-09-16T10:14:37.617250] at file:///home/vcap/app/srv/cat-service.js:1:1 (STDERR, APP/PROC/WEB)#
#2026 09 16 10:14:41.981#Z#DEBUG#d1c92348-b1b6-11f1-bf33-eeee0a8e3dbc.AiCap-srv#flowable-async-job-executor-thread-13230#
[PollStartAppStatusExecution] 75be55e4-f4e8-4a57-be2a-313bf42920d9 [2026-09-16T10:14:37.617253] at ModuleJob.run (node:internal/modules/esm/module_job:439:25) (STDERR, APP/PROC/WEB)#
#2026 09 16 10:14:41.981#Z#DEBUG#d1c92348-b1b6-11f1-bf33-eeee0a8e3dbc.AiCap-srv#flowable-async-job-executor-thread-13230#
[PollStartAppStatusExecution] 75be55e4-f4e8-4a57-be2a-313bf42920d9 [2026-09-16T10:14:37.617256] at async node:internal/modules/esm/loader:643:26 (STDERR, APP/PROC/WEB)#
#2026 09 16 10:14:41.981#Z#DEBUG#d1c92348-b1b6-11f1-bf33-eeee0a8e3dbc.AiCap-srv#flowable-async-job-executor-thread-13230#
[PollStartAppStatusExecution] 75be55e4-f4e8-4a57-be2a-313bf42920d9 [2026-09-16T10:14:37.617299] at async _use (/home/vcap/app/node_modules/@sap/cds/lib/srv/factory.js:32:14) (STDERR, APP/PROC/WEB)#
#2026 09 16 10:14:41.981#Z#DEBUG#d1c92348-b1b6-11f1-bf33-eeee0a8e3dbc.AiCap-srv#flowable-async-job-executor-thread-13230#
[PollStartAppStatusExecution] 75be55e4-f4e8-4a57-be2a-313bf42920d9 [2026-09-16T10:14:37.617302] at async Promise.all (index 0) (STDERR, APP/PROC/WEB)#
#2026 09 16 10:14:41.981#Z#DEBUG#d1c92348-b1b6-11f1-bf33-eeee0a8e3dbc.AiCap-srv#flowable-async-job-executor-thread-13230#
[PollStartAppStatusExecution] 75be55e4-f4e8-4a57-be2a-313bf42920d9 [2026-09-16T10:14:37.617305] at async _cds_serve (/home/vcap/app/node_modules/@sap/cds/lib/srv/cds-serve.js:32:16) (STDERR, APP/PROC/WEB)#
#2026 09 16 10:14:41.981#Z#DEBUG#d1c92348-b1b6-11f1-bf33-eeee0a8e3dbc.AiCap-srv#flowable-async-job-executor-thread-13230#
[PollStartAppStatusExecution] 75be55e4-f4e8-4a57-be2a-313bf42920d9 [2026-09-16T10:14:37.617307] at async cds_server (/home/vcap/app/node_modules/@sap/cds/server.js:61:3) (STDERR, APP/PROC/WEB)#
#2026 09 16 10:14:41.981#Z#DEBUG#d1c92348-b1b6-11f1-bf33-eeee0a8e3dbc.AiCap-srv#flowable-async-job-executor-thread-13230#
[PollStartAppStatusExecution] 75be55e4-f4e8-4a57-be2a-313bf42920d9 [2026-09-16T10:14:37.617310] at async serve (/home/vcap/app/node_modules/@sap/cds/bin/serve.js:207:18) (STDERR, APP/PROC/WEB)#
#2026 09 16 10:14:41.981#Z#DEBUG#d1c92348-b1b6-11f1-bf33-eeee0a8e3dbc.AiCap-srv#flowable-async-job-executor-thread-13230#
[PollStartAppStatusExecution] 75be55e4-f4e8-4a57-be2a-313bf42920d9 [2026-09-16T10:14:37.617312] Node.js v24.18.0 (STDERR, APP/PROC/WEB)#
#2026 09 16 10:14:41.981#Z#DEBUG#d1c92348-b1b6-11f1-bf33-eeee0a8e3dbc.AiCap-srv#flowable-async-job-executor-thread-13230#
[PollStartAppStatusExecution] 75be55e4-f4e8-4a57-be2a-313bf42920d9 [2026-09-16T10:14:37.634038] npm notice (STDERR, APP/PROC/WEB)#
#2026 09 16 10:14:41.981#Z#DEBUG#d1c92348-b1b6-11f1-bf33-eeee0a8e3dbc.AiCap-srv#flowable-async-job-executor-thread-13230#
[PollStartAppStatusExecution] 75be55e4-f4e8-4a57-be2a-313bf42920d9 [2026-09-16T10:14:37.634068] npm notice New major version of npm available! 11.16.0 -> 12.0.2 (STDERR, APP/PROC/WEB)#
#2026 09 16 10:14:41.981#Z#DEBUG#d1c92348-b1b6-11f1-bf33-eeee0a8e3dbc.AiCap-srv#flowable-async-job-executor-thread-13230#
[PollStartAppStatusExecution] 75be55e4-f4e8-4a57-be2a-313bf42920d9 [2026-09-16T10:14:37.634073] npm notice Changelog: https://github.com/npm/cli/releases/tag/v12.0.2 (STDERR, APP/PROC/WEB)#
#2026 09 16 10:14:41.981#Z#DEBUG#d1c92348-b1b6-11f1-bf33-eeee0a8e3dbc.AiCap-srv#flowable-async-job-executor-thread-13230#
[PollStartAppStatusExecution] 75be55e4-f4e8-4a57-be2a-313bf42920d9 [2026-09-16T10:14:37.634076] npm notice To update run: npm install -g npm@12.0.2 (STDERR, APP/PROC/WEB)#
#2026 09 16 10:14:41.981#Z#DEBUG#d1c92348-b1b6-11f1-bf33-eeee0a8e3dbc.AiCap-srv#flowable-async-job-executor-thread-13230#
[PollStartAppStatusExecution] 75be55e4-f4e8-4a57-be2a-313bf42920d9 [2026-09-16T10:14:37.634083] npm notice (STDERR, APP/PROC/WEB)#
#2026 09 16 10:14:41.981#Z#DEBUG#d1c92348-b1b6-11f1-bf33-eeee0a8e3dbc.AiCap-srv#flowable-async-job-executor-thread-13230#
[PollStartAppStatusExecution] 75be55e4-f4e8-4a57-be2a-313bf42920d9 [2026-09-16T10:14:37.707693] Exit status 1 (STDOUT, APP/PROC/WEB)#
#2026 09 16 10:14:51.963#Z#DEBUG#d1c92348-b1b6-11f1-bf33-eeee0a8e3dbc.AiCap-srv#flowable-async-job-executor-thread-16113#
[PollStartAppStatusExecution] 75be55e4-f4e8-4a57-be2a-313bf42920d9 [2026-09-16T10:14:43.554447] Process has crashed with type: "web" (STDOUT, API)#
#2026 09 16 10:14:51.963#Z#DEBUG#d1c92348-b1b6-11f1-bf33-eeee0a8e3dbc.AiCap-srv#flowable-async-job-executor-thread-16113#
[PollStartAppStatusExecution] 75be55e4-f4e8-4a57-be2a-313bf42920d9 [2026-09-16T10:14:43.557909] Cell c839c7b1-088e-41af-b9b7-66256aacd457 stopping instance 86d63f00-f96c-4788-7780-311d (STDOUT, CELL)#
#2026 09 16 10:14:51.963#Z#DEBUG#d1c92348-b1b6-11f1-bf33-eeee0a8e3dbc.AiCap-srv#flowable-async-job-executor-thread-16113#
[PollStartAppStatusExecution] 75be55e4-f4e8-4a57-be2a-313bf42920d9 [2026-09-16T10:14:43.557966] Cell c839c7b1-088e-41af-b9b7-66256aacd457 destroying container for instance 86d63f00-f96c-4788-7780-311d (STDOUT, CELL)#
#2026 09 16 10:14:51.963#Z#DEBUG#d1c92348-b1b6-11f1-bf33-eeee0a8e3dbc.AiCap-srv#flowable-async-job-executor-thread-16113#
[PollStartAppStatusExecution] 75be55e4-f4e8-4a57-be2a-313bf42920d9 [2026-09-16T10:14:43.567799] App instance exited with guid 75be55e4-f4e8-4a57-be2a-313bf42920d9 payload: {"instance"=>"86d63f00-f96c-4788-7780-311d", "index"=>0, "cell_id"=>"c839c7b1-088e-41af-b9b7-66256aacd457", "reason"=>"CRASHED", "exit_description"=>"APP/PROC/WEB: Exited with status 1", "crash_count"=>2, "crash_timestamp"=>1789553683520371553, "version"=>"ebe0fde4-025b-40e9-81d3-81e5e63a18c1"} (STDOUT, API)#
#2026 09 16 10:14:51.963#Z#DEBUG#d1c92348-b1b6-11f1-bf33-eeee0a8e3dbc.AiCap-srv#flowable-async-job-executor-thread-16113#
[PollStartAppStatusExecution] 75be55e4-f4e8-4a57-be2a-313bf42920d9 [2026-09-16T10:14:43.771961] Exit status 137 (STDOUT, PROXY)#
#2026 09 16 10:14:51.963#Z#DEBUG#d1c92348-b1b6-11f1-bf33-eeee0a8e3dbc.AiCap-srv#flowable-async-job-executor-thread-16113#
[PollStartAppStatusExecution] 75be55e4-f4e8-4a57-be2a-313bf42920d9 [2026-09-16T10:14:43.785084] Cell d1cc041a-d5a1-41d6-b9f6-6cda736ce3f0 creating container for instance c298fa25-63e6-4b3b-4253-44ce (STDOUT, CELL)#
#2026 09 16 10:14:51.963#Z#DEBUG#d1c92348-b1b6-11f1-bf33-eeee0a8e3dbc.AiCap-srv#flowable-async-job-executor-thread-16113#
[PollStartAppStatusExecution] 75be55e4-f4e8-4a57-be2a-313bf42920d9 [2026-09-16T10:14:44.883671] Security group rules were updated (STDOUT, CELL)#
#2026 09 16 10:14:51.963#Z#DEBUG#d1c92348-b1b6-11f1-bf33-eeee0a8e3dbc.AiCap-srv#flowable-async-job-executor-thread-16113#
[PollStartAppStatusExecution] 75be55e4-f4e8-4a57-be2a-313bf42920d9 [2026-09-16T10:14:45.006198] Cell d1cc041a-d5a1-41d6-b9f6-6cda736ce3f0 successfully created container for instance c298fa25-63e6-4b3b-4253-44ce (STDOUT, CELL)#
#2026 09 16 10:14:51.963#Z#DEBUG#d1c92348-b1b6-11f1-bf33-eeee0a8e3dbc.AiCap-srv#flowable-async-job-executor-thread-16113#
[PollStartAppStatusExecution] 75be55e4-f4e8-4a57-be2a-313bf42920d9 [2026-09-16T10:14:45.929222] Cell c839c7b1-088e-41af-b9b7-66256aacd457 successfully destroyed container for instance 86d63f00-f96c-4788-7780-311d (STDOUT, CELL)#
#2026 09 16 10:14:51.963#Z#DEBUG#d1c92348-b1b6-11f1-bf33-eeee0a8e3dbc.AiCap-srv#flowable-async-job-executor-thread-16113#
[PollStartAppStatusExecution] 75be55e4-f4e8-4a57-be2a-313bf42920d9 [2026-09-16T10:14:45.974892] Downloading droplet... (STDOUT, CELL)#
#2026 09 16 10:14:51.963#Z#DEBUG#d1c92348-b1b6-11f1-bf33-eeee0a8e3dbc.AiCap-srv#flowable-async-job-executor-thread-16113#
[PollStartAppStatusExecution] 75be55e4-f4e8-4a57-be2a-313bf42920d9 [2026-09-16T10:14:50.655606] Downloaded droplet (62.8M) (STDOUT, CELL)#
#2026 09 16 10:14:51.963#Z#DEBUG#d1c92348-b1b6-11f1-bf33-eeee0a8e3dbc.AiCap-srv#flowable-async-job-executor-thread-16113#
[PollStartAppStatusExecution] 75be55e4-f4e8-4a57-be2a-313bf42920d9 [2026-09-16T10:14:50.655858] Starting health monitoring of container (STDOUT, CELL)#
#2026 09 16 10:14:51.963#Z#DEBUG#d1c92348-b1b6-11f1-bf33-eeee0a8e3dbc.AiCap-srv#flowable-async-job-executor-thread-16113#
[PollStartAppStatusExecution] 75be55e4-f4e8-4a57-be2a-313bf42920d9 [2026-09-16T10:14:50.824487] Invoking pre-start scripts. (STDOUT, APP/PROC/WEB)#
#2026 09 16 10:14:51.963#Z#DEBUG#d1c92348-b1b6-11f1-bf33-eeee0a8e3dbc.AiCap-srv#flowable-async-job-executor-thread-16113#
[PollStartAppStatusExecution] 75be55e4-f4e8-4a57-be2a-313bf42920d9 [2026-09-16T10:14:51.148619] Invoking start command. (STDOUT, APP/PROC/WEB)#
#2026 09 16 10:15:02.063#Z#DEBUG#d1c92348-b1b6-11f1-bf33-eeee0a8e3dbc.AiCap-srv#flowable-async-job-executor-thread-14238#
[PollStartAppStatusExecution] 75be55e4-f4e8-4a57-be2a-313bf42920d9 [2026-09-16T10:14:51.880100] > AiCap@1.0.0 start (STDOUT, APP/PROC/WEB)#
#2026 09 16 10:15:02.063#Z#DEBUG#d1c92348-b1b6-11f1-bf33-eeee0a8e3dbc.AiCap-srv#flowable-async-job-executor-thread-14238#
[PollStartAppStatusExecution] 75be55e4-f4e8-4a57-be2a-313bf42920d9 [2026-09-16T10:14:51.880138] > cds-serve (STDOUT, APP/PROC/WEB)#
#2026 09 16 10:15:02.063#Z#DEBUG#d1c92348-b1b6-11f1-bf33-eeee0a8e3dbc.AiCap-srv#flowable-async-job-executor-thread-14238#
[PollStartAppStatusExecution] 75be55e4-f4e8-4a57-be2a-313bf42920d9 [2026-09-16T10:14:52.495208] {"level":"info","logger":"cds","timestamp":"2026-09-16T10:14:52.493Z","layer":"cds","component_type":"application","container_id":"10.32.1.5","component_id":"75be55e4-f4e8-4a57-be2a-313bf42920d9","component_name":"AiCap-srv","component_instance":0,"source_instance":0,"organization_name":"5aaa8d8dtrial","organization_id":"cc2f7598-034a-422a-b46b-912aff1726b5","space_name":"dev","space_id":"aeb4407e-27ee-42fa-9b7c-bc76d021820d","msg":"loaded model from 1 file(s):\n ","type":"log"} (STDOUT, APP/PROC/WEB)#
#2026 09 16 10:15:02.063#Z#DEBUG#d1c92348-b1b6-11f1-bf33-eeee0a8e3dbc.AiCap-srv#flowable-async-job-executor-thread-14238#
[PollStartAppStatusExecution] 75be55e4-f4e8-4a57-be2a-313bf42920d9 [2026-09-16T10:14:52.495937] srv/csn.json (STDOUT, APP/PROC/WEB)#
#2026 09 16 10:15:02.063#Z#DEBUG#d1c92348-b1b6-11f1-bf33-eeee0a8e3dbc.AiCap-srv#flowable-async-job-executor-thread-14238#
[PollStartAppStatusExecution] 75be55e4-f4e8-4a57-be2a-313bf42920d9 [2026-09-16T10:14:52.834983] {"level":"info","logger":"cds","timestamp":"2026-09-16T10:14:52.832Z","layer":"cds","component_type":"application","container_id":"10.32.1.5","component_id":"75be55e4-f4e8-4a57-be2a-313bf42920d9","component_name":"AiCap-srv","component_instance":0,"source_instance":0,"organization_name":"5aaa8d8dtrial","organization_id":"cc2f7598-034a-422a-b46b-912aff1726b5","space_name":"dev","space_id":"aeb4407e-27ee-42fa-9b7c-bc76d021820d","msg":"connect to db > hana {\n  database_id: 'd7e226ec-d1db-485a-8583-3dc0d0aca49d',\n  host: 'd7e226ec-d1db-485a-8583-3dc0d0aca49d.hna0.prod-us10.hanacloud.ondemand.com',\n  port: '443',\n  driver: 'com.sap.db.jdbc.Driver',\n  url: 'jdbc:sap://d7e226ec-d1db-485a-8583-3dc0d0aca49d.hna0.prod-us10.hanacloud.ondemand.com:443?encrypt=true&validateCertificate=true&currentschema=9311B6CBD15E4D128387DBA8840204D3',\n  schema: '9311B6CBD15E4D128387DBA8840204D3',\n  certificate: '...',\n  hdi_user: '9311B6CBD15E4D128387DBA8840204D3_AVZFRWQVOPBC9YKG1QFD1UT2J_DT',\n  hdi_password: '...',\n  user: '9311B6CBD15E4D128387DBA8840204D3_AVZFRWQVOPBC9YKG1QFD1UT2J_RT',\n  password: '...'\n}","type":"log"} (STDOUT, APP/PROC/WEB)#
#2026 09 16 10:15:02.063#Z#DEBUG#d1c92348-b1b6-11f1-bf33-eeee0a8e3dbc.AiCap-srv#flowable-async-job-executor-thread-14238#
[PollStartAppStatusExecution] 75be55e4-f4e8-4a57-be2a-313bf42920d9 [2026-09-16T10:14:52.849700] file:///home/vcap/app/srv/cat-service.js:1 (STDERR, APP/PROC/WEB)#
#2026 09 16 10:15:02.063#Z#DEBUG#d1c92348-b1b6-11f1-bf33-eeee0a8e3dbc.AiCap-srv#flowable-async-job-executor-thread-14238#
[PollStartAppStatusExecution] 75be55e4-f4e8-4a57-be2a-313bf42920d9 [2026-09-16T10:14:52.849748] module.exports = class CatalogService extends cds.ApplicationService { (STDERR, APP/PROC/WEB)#
#2026 09 16 10:15:02.063#Z#DEBUG#d1c92348-b1b6-11f1-bf33-eeee0a8e3dbc.AiCap-srv#flowable-async-job-executor-thread-14238#
[PollStartAppStatusExecution] 75be55e4-f4e8-4a57-be2a-313bf42920d9 [2026-09-16T10:14:52.849753] ^ (STDERR, APP/PROC/WEB)#
#2026 09 16 10:15:02.063#Z#DEBUG#d1c92348-b1b6-11f1-bf33-eeee0a8e3dbc.AiCap-srv#flowable-async-job-executor-thread-14238#
[PollStartAppStatusExecution] 75be55e4-f4e8-4a57-be2a-313bf42920d9 [2026-09-16T10:14:52.849764] ReferenceError: module is not defined in ES module scope (STDERR, APP/PROC/WEB)#
#2026 09 16 10:15:02.063#Z#DEBUG#d1c92348-b1b6-11f1-bf33-eeee0a8e3dbc.AiCap-srv#flowable-async-job-executor-thread-14238#
[PollStartAppStatusExecution] 75be55e4-f4e8-4a57-be2a-313bf42920d9 [2026-09-16T10:14:52.849771] This file is being treated as an ES module because it has a '.js' file extension and '/home/vcap/app/package.json' contains "type": "module". To treat it as a CommonJS script, rename it to use the '.cjs' file extension. (STDERR, APP/PROC/WEB)#
#2026 09 16 10:15:02.063#Z#DEBUG#d1c92348-b1b6-11f1-bf33-eeee0a8e3dbc.AiCap-srv#flowable-async-job-executor-thread-14238#
[PollStartAppStatusExecution] 75be55e4-f4e8-4a57-be2a-313bf42920d9 [2026-09-16T10:14:52.849774] at file:///home/vcap/app/srv/cat-service.js:1:1 (STDERR, APP/PROC/WEB)#
#2026 09 16 10:15:02.063#Z#DEBUG#d1c92348-b1b6-11f1-bf33-eeee0a8e3dbc.AiCap-srv#flowable-async-job-executor-thread-14238#
[PollStartAppStatusExecution] 75be55e4-f4e8-4a57-be2a-313bf42920d9 [2026-09-16T10:14:52.849777] at ModuleJob.run (node:internal/modules/esm/module_job:439:25) (STDERR, APP/PROC/WEB)#
#2026 09 16 10:15:02.063#Z#DEBUG#d1c92348-b1b6-11f1-bf33-eeee0a8e3dbc.AiCap-srv#flowable-async-job-executor-thread-14238#
[PollStartAppStatusExecution] 75be55e4-f4e8-4a57-be2a-313bf42920d9 [2026-09-16T10:14:52.849780] at async node:internal/modules/esm/loader:643:26 (STDERR, APP/PROC/WEB)#
#2026 09 16 10:15:02.063#Z#DEBUG#d1c92348-b1b6-11f1-bf33-eeee0a8e3dbc.AiCap-srv#flowable-async-job-executor-thread-14238#
[PollStartAppStatusExecution] 75be55e4-f4e8-4a57-be2a-313bf42920d9 [2026-09-16T10:14:52.849786] at async _use (/home/vcap/app/node_modules/@sap/cds/lib/srv/factory.js:32:14) (STDERR, APP/PROC/WEB)#
#2026 09 16 10:15:02.063#Z#DEBUG#d1c92348-b1b6-11f1-bf33-eeee0a8e3dbc.AiCap-srv#flowable-async-job-executor-thread-14238#
[PollStartAppStatusExecution] 75be55e4-f4e8-4a57-be2a-313bf42920d9 [2026-09-16T10:14:52.849789] at async Promise.all (index 0) (STDERR, APP/PROC/WEB)#
#2026 09 16 10:15:02.063#Z#DEBUG#d1c92348-b1b6-11f1-bf33-eeee0a8e3dbc.AiCap-srv#flowable-async-job-executor-thread-14238#
[PollStartAppStatusExecution] 75be55e4-f4e8-4a57-be2a-313bf42920d9 [2026-09-16T10:14:52.849791] at async _cds_serve (/home/vcap/app/node_modules/@sap/cds/lib/srv/cds-serve.js:32:16) (STDERR, APP/PROC/WEB)#
#2026 09 16 10:15:02.063#Z#DEBUG#d1c92348-b1b6-11f1-bf33-eeee0a8e3dbc.AiCap-srv#flowable-async-job-executor-thread-14238#
[PollStartAppStatusExecution] 75be55e4-f4e8-4a57-be2a-313bf42920d9 [2026-09-16T10:14:52.849794] at async cds_server (/home/vcap/app/node_modules/@sap/cds/server.js:61:3) (STDERR, APP/PROC/WEB)#
#2026 09 16 10:15:02.063#Z#DEBUG#d1c92348-b1b6-11f1-bf33-eeee0a8e3dbc.AiCap-srv#flowable-async-job-executor-thread-14238#
[PollStartAppStatusExecution] 75be55e4-f4e8-4a57-be2a-313bf42920d9 [2026-09-16T10:14:52.849797] at async serve (/home/vcap/app/node_modules/@sap/cds/bin/serve.js:207:18) (STDERR, APP/PROC/WEB)#
#2026 09 16 10:15:02.063#Z#DEBUG#d1c92348-b1b6-11f1-bf33-eeee0a8e3dbc.AiCap-srv#flowable-async-job-executor-thread-14238#
[PollStartAppStatusExecution] 75be55e4-f4e8-4a57-be2a-313bf42920d9 [2026-09-16T10:14:52.849806] Node.js v24.18.0 (STDERR, APP/PROC/WEB)#
#2026 09 16 10:15:02.063#Z#DEBUG#d1c92348-b1b6-11f1-bf33-eeee0a8e3dbc.AiCap-srv#flowable-async-job-executor-thread-14238#
[PollStartAppStatusExecution] 75be55e4-f4e8-4a57-be2a-313bf42920d9 [2026-09-16T10:14:52.880166] npm notice (STDERR, APP/PROC/WEB)#
#2026 09 16 10:15:02.063#Z#DEBUG#d1c92348-b1b6-11f1-bf33-eeee0a8e3dbc.AiCap-srv#flowable-async-job-executor-thread-14238#
[PollStartAppStatusExecution] 75be55e4-f4e8-4a57-be2a-313bf42920d9 [2026-09-16T10:14:52.880208] npm notice New major version of npm available! 11.16.0 -> 12.0.2 (STDERR, APP/PROC/WEB)#
#2026 09 16 10:15:02.063#Z#DEBUG#d1c92348-b1b6-11f1-bf33-eeee0a8e3dbc.AiCap-srv#flowable-async-job-executor-thread-14238#
[PollStartAppStatusExecution] 75be55e4-f4e8-4a57-be2a-313bf42920d9 [2026-09-16T10:14:52.880217] npm notice Changelog: https://github.com/npm/cli/releases/tag/v12.0.2 (STDERR, APP/PROC/WEB)#
#2026 09 16 10:15:02.063#Z#DEBUG#d1c92348-b1b6-11f1-bf33-eeee0a8e3dbc.AiCap-srv#flowable-async-job-executor-thread-14238#
[PollStartAppStatusExecution] 75be55e4-f4e8-4a57-be2a-313bf42920d9 [2026-09-16T10:14:52.880220] npm notice To update run: npm install -g npm@12.0.2 (STDERR, APP/PROC/WEB)#
#2026 09 16 10:15:02.063#Z#DEBUG#d1c92348-b1b6-11f1-bf33-eeee0a8e3dbc.AiCap-srv#flowable-async-job-executor-thread-14238#
[PollStartAppStatusExecution] 75be55e4-f4e8-4a57-be2a-313bf42920d9 [2026-09-16T10:14:52.880230] npm notice (STDERR, APP/PROC/WEB)#
#2026 09 16 10:15:02.063#Z#DEBUG#d1c92348-b1b6-11f1-bf33-eeee0a8e3dbc.AiCap-srv#flowable-async-job-executor-thread-14238#
[PollStartAppStatusExecution] 75be55e4-f4e8-4a57-be2a-313bf42920d9 [2026-09-16T10:14:53.001142] Exit status 1 (STDOUT, APP/PROC/WEB)#
#2026 09 16 10:15:02.063#Z#DEBUG#d1c92348-b1b6-11f1-bf33-eeee0a8e3dbc.AiCap-srv#flowable-async-job-executor-thread-14238#
[PollStartAppStatusExecution] 75be55e4-f4e8-4a57-be2a-313bf42920d9 [2026-09-16T10:14:59.928599] Cell d1cc041a-d5a1-41d6-b9f6-6cda736ce3f0 stopping instance c298fa25-63e6-4b3b-4253-44ce (STDOUT, CELL)#
#2026 09 16 10:15:02.063#Z#DEBUG#d1c92348-b1b6-11f1-bf33-eeee0a8e3dbc.AiCap-srv#flowable-async-job-executor-thread-14238#
[PollStartAppStatusExecution] 75be55e4-f4e8-4a57-be2a-313bf42920d9 [2026-09-16T10:14:59.928672] Cell d1cc041a-d5a1-41d6-b9f6-6cda736ce3f0 destroying container for instance c298fa25-63e6-4b3b-4253-44ce (STDOUT, CELL)#
#2026 09 16 10:15:02.063#Z#DEBUG#d1c92348-b1b6-11f1-bf33-eeee0a8e3dbc.AiCap-srv#flowable-async-job-executor-thread-14238#
[PollStartAppStatusExecution] 75be55e4-f4e8-4a57-be2a-313bf42920d9 [2026-09-16T10:14:59.951873] Process has crashed with type: "web" (STDOUT, API)#
#2026 09 16 10:15:02.063#Z#DEBUG#d1c92348-b1b6-11f1-bf33-eeee0a8e3dbc.AiCap-srv#flowable-async-job-executor-thread-14238#
[PollStartAppStatusExecution] 75be55e4-f4e8-4a57-be2a-313bf42920d9 [2026-09-16T10:14:59.967010] App instance exited with guid 75be55e4-f4e8-4a57-be2a-313bf42920d9 payload: {"instance"=>"c298fa25-63e6-4b3b-4253-44ce", "index"=>0, "cell_id"=>"d1cc041a-d5a1-41d6-b9f6-6cda736ce3f0", "reason"=>"CRASHED", "exit_description"=>"APP/PROC/WEB: Exited with status 1", "crash_count"=>3, "crash_timestamp"=>1789553699921018436, "version"=>"ebe0fde4-025b-40e9-81d3-81e5e63a18c1"} (STDOUT, API)#
#2026 09 16 10:15:02.063#Z#DEBUG#d1c92348-b1b6-11f1-bf33-eeee0a8e3dbc.AiCap-srv#flowable-async-job-executor-thread-14238#
[PollStartAppStatusExecution] 75be55e4-f4e8-4a57-be2a-313bf42920d9 [2026-09-16T10:15:00.226939] Exit status 137 (STDOUT, PROXY)#
