#2026 09 16 10:10:18.699#Z#INFO#d1c92348-b1b6-11f1-bf33-eeee0a8e3dbc.OPERATION#http-nio-0.0.0.0-8080-exec-14#
[XS2StartProcessListener] Operation ID: d1c92348-b1b6-11f1-bf33-eeee0a8e3dbc#
#2026 09 16 10:10:18.717#Z#DEBUG#d1c92348-b1b6-11f1-bf33-eeee0a8e3dbc.OPERATION#http-nio-0.0.0.0-8080-exec-14#
[XS2StartProcessListener] Process environment: {
  "SKIP_SSL_VALIDATION" : "false",
  "FLOWABLE_JOB_EXECUTOR_MAX_THREADS" : "32",
  "VERSION" : "2.54.0",
  "BASIC_AUTH_ENABLED" : "true",
  "FLOWABLE_JOB_EXECUTOR_QUEUE_CAPACITY" : "16",
  "FLOWABLE_JOB_EXECUTOR_CORE_THREADS" : "8"
}#
#2026 09 16 10:10:18.717#Z#DEBUG#d1c92348-b1b6-11f1-bf33-eeee0a8e3dbc.OPERATION#http-nio-0.0.0.0-8080-exec-14#
[XS2StartProcessListener] Current user: molugu.ajaykumar10@gmail.com#
#2026 09 16 10:10:18.717#Z#DEBUG#d1c92348-b1b6-11f1-bf33-eeee0a8e3dbc.OPERATION#http-nio-0.0.0.0-8080-exec-14#
[XS2StartProcessListener] Client space: dev#
#2026 09 16 10:10:18.717#Z#DEBUG#d1c92348-b1b6-11f1-bf33-eeee0a8e3dbc.OPERATION#http-nio-0.0.0.0-8080-exec-14#
[XS2StartProcessListener] Client organization: 5aaa8d8dtrial#
#2026 09 16 10:10:18.717#Z#INFO#d1c92348-b1b6-11f1-bf33-eeee0a8e3dbc.OPERATION#http-nio-0.0.0.0-8080-exec-14#
[XS2StartProcessListener] Process variables: {
  "keepFiles" : false,
  "skipAppDigestCalculation" : false,
  "abortOnError" : false,
  "mtaId" : "AiCap",
  "noFailOnMissingPermissions" : false,
  "isSecurityEnabled" : false,
  "apiRequestPath" : "https://deploy-service.cf.us10-001.hana.ondemand.com/api/v1/spaces/aeb4407e-27ee-42fa-9b7c-bc76d021820d/operations",
  "deleteServiceBrokers" : false,
  "appArchiveId" : "f2b0f965-ac67-4dfa-b817-b714426bc770",
  "isDisposableUserProvidedServiceEnabled" : false,
  "deleteServiceKeys" : false,
  "noRestartSubscribedApps" : false,
  "noStart" : false,
  "deleteServices" : false
}#
#2026 09 16 10:10:19.080#Z#DEBUG#d1c92348-b1b6-11f1-bf33-eeee0a8e3dbc.OPERATION#flowable-async-job-executor-thread-15894#
[ValidateDeployParametersStep] Executing task "validateParametersTask" of process "d1c94a7e-b1b6-11f1-bf33-eeee0a8e3dbc"...#
#2026 09 16 10:10:19.081#Z#DEBUG#d1c92348-b1b6-11f1-bf33-eeee0a8e3dbc.OPERATION#flowable-async-job-executor-thread-15894#
[ValidateDeployParametersStep] Validating parameters...#
#2026 09 16 10:10:19.083#Z#INFO#d1c92348-b1b6-11f1-bf33-eeee0a8e3dbc.OPERATION#flowable-async-job-executor-thread-15894#
[ValidateDeployParametersStep] Size of mtars is 9,245,051 and size of extension descriptors is 0#
#2026 09 16 10:10:19.112#Z#INFO#d1c92348-b1b6-11f1-bf33-eeee0a8e3dbc.OPERATION#flowable-async-job-executor-thread-15894#
[ValidateDeployParametersStep] Archive was not split! Total size in bytes: 9,245,051#
#2026 09 16 10:10:19.112#Z#INFO#d1c92348-b1b6-11f1-bf33-eeee0a8e3dbc.OPERATION#flowable-async-job-executor-thread-15894#
[ValidateDeployParametersStep] Deploying in org "5aaa8d8dtrial" and space "dev"#
#2026 09 16 10:10:19.117#Z#DEBUG#d1c92348-b1b6-11f1-bf33-eeee0a8e3dbc.OPERATION#flowable-async-job-executor-thread-15894#
[ValidateDeployParametersStep] Parameters validated#
#2026 09 16 10:10:19.117#Z#DEBUG#d1c92348-b1b6-11f1-bf33-eeee0a8e3dbc.OPERATION#flowable-async-job-executor-thread-15894#
Step "Validate Parameters" finished#
#2026 09 16 10:10:19.145#Z#DEBUG#d1c92348-b1b6-11f1-bf33-eeee0a8e3dbc.OPERATION#flowable-async-job-executor-thread-15895#
[DeleteRemainingFileParts] Executing task "deleteRemainingFileParts" of process "d1c94a7e-b1b6-11f1-bf33-eeee0a8e3dbc"...#
#2026 09 16 10:10:19.146#Z#DEBUG#d1c92348-b1b6-11f1-bf33-eeee0a8e3dbc.OPERATION#flowable-async-job-executor-thread-15895#
Step "Delete Remaining File Parts" finished#
#2026 09 16 10:10:19.175#Z#DEBUG#d1c92348-b1b6-11f1-bf33-eeee0a8e3dbc.OPERATION#flowable-async-job-executor-thread-15896#
[XS2ProcessMtaArchiveStep] Executing task "processArchiveTask" of process "d1c94a7e-b1b6-11f1-bf33-eeee0a8e3dbc"...#
#2026 09 16 10:10:19.176#Z#DEBUG#d1c92348-b1b6-11f1-bf33-eeee0a8e3dbc.OPERATION#flowable-async-job-executor-thread-15896#
[XS2ProcessMtaArchiveStep] Processing MTA archive...#
#2026 09 16 10:10:19.176#Z#DEBUG#d1c92348-b1b6-11f1-bf33-eeee0a8e3dbc.OPERATION#flowable-async-job-executor-thread-15896#
[XS2ProcessMtaArchiveStep] MTA Archive ID: f2b0f965-ac67-4dfa-b817-b714426bc770#
#2026 09 16 10:10:19.361#Z#DEBUG#d1c92348-b1b6-11f1-bf33-eeee0a8e3dbc.OPERATION#flowable-async-job-executor-thread-15896#
[XS2ProcessMtaArchiveStep] MTA Descriptor length: 758#
#2026 09 16 10:10:19.361#Z#DEBUG#d1c92348-b1b6-11f1-bf33-eeee0a8e3dbc.OPERATION#flowable-async-job-executor-thread-15896#
[XS2ProcessMtaArchiveStep] MTA Archive Modules: [AiCap-db-deployer, AiCap-srv]#
#2026 09 16 10:10:19.361#Z#DEBUG#d1c92348-b1b6-11f1-bf33-eeee0a8e3dbc.OPERATION#flowable-async-job-executor-thread-15896#
[XS2ProcessMtaArchiveStep] MTA Archive Requires: []#
#2026 09 16 10:10:19.361#Z#DEBUG#d1c92348-b1b6-11f1-bf33-eeee0a8e3dbc.OPERATION#flowable-async-job-executor-thread-15896#
[XS2ProcessMtaArchiveStep] MTA Archive Resources: []#
#2026 09 16 10:10:19.373#Z#DEBUG#d1c92348-b1b6-11f1-bf33-eeee0a8e3dbc.OPERATION#flowable-async-job-executor-thread-15896#
[XS2ProcessMtaArchiveStep] MTA archive processed#
#2026 09 16 10:10:19.373#Z#DEBUG#d1c92348-b1b6-11f1-bf33-eeee0a8e3dbc.OPERATION#flowable-async-job-executor-thread-15896#
Step "Process Archive" finished#
#2026 09 16 10:10:19.419#Z#DEBUG#d1c92348-b1b6-11f1-bf33-eeee0a8e3dbc.OPERATION#flowable-async-job-executor-thread-15896#
[ProcessMtaExtensionDescriptorsStep] Executing task "processExtensionDescriptorsTask" of process "d1c94a7e-b1b6-11f1-bf33-eeee0a8e3dbc"...#
#2026 09 16 10:10:19.420#Z#DEBUG#d1c92348-b1b6-11f1-bf33-eeee0a8e3dbc.OPERATION#flowable-async-job-executor-thread-15896#
[ProcessMtaExtensionDescriptorsStep] Processing MTA extension descriptors...#
#2026 09 16 10:10:19.420#Z#DEBUG#d1c92348-b1b6-11f1-bf33-eeee0a8e3dbc.OPERATION#flowable-async-job-executor-thread-15896#
[ProcessMtaExtensionDescriptorsStep] Provided extension descriptors: [ ]#
#2026 09 16 10:10:19.420#Z#DEBUG#d1c92348-b1b6-11f1-bf33-eeee0a8e3dbc.OPERATION#flowable-async-job-executor-thread-15896#
[ProcessMtaExtensionDescriptorsStep] No extension descriptors in use#
#2026 09 16 10:10:19.420#Z#DEBUG#d1c92348-b1b6-11f1-bf33-eeee0a8e3dbc.OPERATION#flowable-async-job-executor-thread-15896#
[ProcessMtaExtensionDescriptorsStep] MTA extension descriptors processed#
#2026 09 16 10:10:19.420#Z#DEBUG#d1c92348-b1b6-11f1-bf33-eeee0a8e3dbc.OPERATION#flowable-async-job-executor-thread-15896#
Step "Process Extension Descriptors" finished#
#2026 09 16 10:10:19.465#Z#DEBUG#d1c92348-b1b6-11f1-bf33-eeee0a8e3dbc.OPERATION#flowable-async-job-executor-thread-15896#
[XS2DetectMtaSchemaVersionStep] Executing task "detectSchemaVersionTask" of process "d1c94a7e-b1b6-11f1-bf33-eeee0a8e3dbc"...#
#2026 09 16 10:10:19.467#Z#DEBUG#d1c92348-b1b6-11f1-bf33-eeee0a8e3dbc.OPERATION#flowable-async-job-executor-thread-15896#
[XS2DetectMtaSchemaVersionStep] Detecting MTA major schema version...#
#2026 09 16 10:10:19.471#Z#INFO#d1c92348-b1b6-11f1-bf33-eeee0a8e3dbc.OPERATION#flowable-async-job-executor-thread-15896#
[XS2DetectMtaSchemaVersionStep] Detected MTA schema version: "3"#
#2026 09 16 10:10:19.476#Z#DEBUG#d1c92348-b1b6-11f1-bf33-eeee0a8e3dbc.OPERATION#flowable-async-job-executor-thread-15896#
Step "Detect Schema Version" finished#
#2026 09 16 10:10:19.510#Z#DEBUG#d1c92348-b1b6-11f1-bf33-eeee0a8e3dbc.OPERATION#flowable-async-job-executor-thread-15894#
[MergeDescriptorsStep] Executing task "mergeDescriptorsTask" of process "d1c94a7e-b1b6-11f1-bf33-eeee0a8e3dbc"...#
#2026 09 16 10:10:19.511#Z#DEBUG#d1c92348-b1b6-11f1-bf33-eeee0a8e3dbc.OPERATION#flowable-async-job-executor-thread-15894#
[MergeDescriptorsStep] Validating and merging descriptors...#
#2026 09 16 10:10:19.512#Z#DEBUG#d1c92348-b1b6-11f1-bf33-eeee0a8e3dbc.OPERATION#flowable-async-job-executor-thread-15894#
[MergeDescriptorsStep] Merged deployment descriptor: {
  "majorSchemaVersion" : 3,
  "schemaVersion" : "3.3.0",
  "id" : "AiCap",
  "version" : "1.0.0",
  "modules" : [ {
    "majorSchemaVersion" : 3,
    "name" : "AiCap-srv",
    "type" : "javascript.nodejs",
    "path" : "AiCap-srv",
    "properties" : { },
    "parameters" : {
      "buildpack" : "nodejs_buildpack",
      "instances" : 1
    },
    "requiredDependencies" : [ {
      "majorSchemaVersion" : 3,
      "name" : "AiCap-db",
      "properties" : { },
      "parameters" : { },
      "propertiesMetadata" : {
        "metadata" : { }
      },
      "parametersMetadata" : {
        "metadata" : { }
      }
    } ],
    "providedDependencies" : [ {
      "majorSchemaVersion" : 3,
      "name" : "srv-api",
      "isPublic" : false,
      "properties" : {
        "srv-url" : "${default-url}"
      },
      "parameters" : { },
      "propertiesMetadata" : {
        "metadata" : { }
      },
      "parametersMetadata" : {
        "metadata" : { }
      }
    }, {
      "majorSchemaVersion" : 3,
      "name" : "AiCap-srv",
      "isPublic" : false,
      "properties" : { },
      "parameters" : { },
      "propertiesMetadata" : {
        "metadata" : { }
      },
      "parametersMetadata" : {
        "metadata" : { }
      }
    } ],
    "propertiesMetadata" : {
      "metadata" : { }
    },
    "parametersMetadata" : {
      "metadata" : { }
    },
    "hooks" : [ ]
  }, {
    "majorSchemaVersion" : 3,
    "name" : "AiCap-db-deployer",
    "type" : "com.sap.xs.hdi",
    "path" : "AiCap-db-deployer",
    "properties" : {
      "EXIT" : 1
    },
    "parameters" : {
      "memory" : "256M",
      "buildpack" : "nodejs_buildpack",
      "no-route" : true,
      "dependency-type" : "hard",
      "tasks" : [ {
        "name" : "deploy",
        "memory" : "256M",
        "command" : "npm start"
      } ],
      "no-start" : true
    },
    "requiredDependencies" : [ {
      "majorSchemaVersion" : 3,
      "name" : "AiCap-db",
      "properties" : { },
      "parameters" : { },
      "propertiesMetadata" : {
        "metadata" : { }
      },
      "parametersMetadata" : {
        "metadata" : { }
      }
    } ],
    "providedDependencies" : [ {
      "majorSchemaVersion" : 3,
      "name" : "AiCap-db-deployer",
      "isPublic" : false,
      "properties" : { },
      "parameters" : { },
      "propertiesMetadata" : {
        "metadata" : { }
      },
      "parametersMetadata" : {
        "metadata" : { }
      }
    } ],
    "propertiesMetadata" : {
      "metadata" : { }
    },
    "parametersMetadata" : {
      "metadata" : { }
    },
    "hooks" : [ ]
  } ],
  "resources" : [ {
    "majorSchemaVersion" : 3,
    "name" : "AiCap-db",
    "type" : "com.sap.xs.hdi-container",
    "properties" : { },
    "parameters" : {
      "type" : "managed-service",
      "service" : "hana",
      "service-plan" : "hdi-shared"
    },
    "isActive" : true,
    "isOptional" : false,
    "propertiesMetadata" : {
      "metadata" : { }
    },
    "parametersMetadata" : {
      "metadata" : { }
    },
    "requiredDependencies" : [ ],
    "processedAfter" : [ ]
  } ],
  "parameters" : {
    "enable-parallel-deployments" : true
  },
  "parametersMetadata" : {
    "metadata" : { }
  }
}#
#2026 09 16 10:10:19.514#Z#DEBUG#d1c92348-b1b6-11f1-bf33-eeee0a8e3dbc.OPERATION#flowable-async-job-executor-thread-15894#
[MergeDescriptorsStep] Descriptors validated and merged#
#2026 09 16 10:10:19.514#Z#DEBUG#d1c92348-b1b6-11f1-bf33-eeee0a8e3dbc.OPERATION#flowable-async-job-executor-thread-15894#
Step "Merge Descriptors" finished#
#2026 09 16 10:10:19.551#Z#DEBUG#d1c92348-b1b6-11f1-bf33-eeee0a8e3dbc.OPERATION#flowable-async-job-executor-thread-15894#
[CollectCloudLoggingServiceParametersStep] Executing task "sid-9C5714DF-CEC8-4019-8873-CBBA99AC459A" of process "d1c94a7e-b1b6-11f1-bf33-eeee0a8e3dbc"...#
#2026 09 16 10:10:19.554#Z#DEBUG#d1c92348-b1b6-11f1-bf33-eeee0a8e3dbc.OPERATION#flowable-async-job-executor-thread-15894#
Step "Collect Cloud Logging Service Parameters" finished#
#2026 09 16 10:10:19.593#Z#DEBUG#d1c92348-b1b6-11f1-bf33-eeee0a8e3dbc.OPERATION#flowable-async-job-executor-thread-15895#
[DetectDeployedMtaStep] Executing task "detectDeployedMtaTask" of process "d1c94a7e-b1b6-11f1-bf33-eeee0a8e3dbc"...#
#2026 09 16 10:10:19.594#Z#DEBUG#d1c92348-b1b6-11f1-bf33-eeee0a8e3dbc.OPERATION#flowable-async-job-executor-thread-15895#
[DetectDeployedMtaStep] Detecting deployed MTA...#
#2026 09 16 10:10:19.646#Z#DEBUG#d1c92348-b1b6-11f1-bf33-eeee0a8e3dbc.OPERATION#flowable-async-job-executor-thread-15895#
[DetectDeployedMtaStep] Detecting MTA by id AiCap and namespace null#
#2026 09 16 10:10:19.647#Z#DEBUG#d1c92348-b1b6-11f1-bf33-eeee0a8e3dbc.OPERATION#flowable-async-job-executor-thread-15895#
[DetectDeployedMtaStep] Getting applications by metadata label selector "mta_id=29892eab014ce521836f82efee6a792c,!mta_namespace"...#
#2026 09 16 10:10:19.688#Z#DEBUG#d1c92348-b1b6-11f1-bf33-eeee0a8e3dbc.OPERATION#flowable-async-job-executor-thread-15895#
[DetectDeployedMtaStep] Getting service instances by metadata label selector "mta_id=29892eab014ce521836f82efee6a792c,!mta_namespace"...#
#2026 09 16 10:10:19.718#Z#DEBUG#d1c92348-b1b6-11f1-bf33-eeee0a8e3dbc.OPERATION#flowable-async-job-executor-thread-15895#
[DetectDeployedMtaStep] Deployed MTA: {
  "metadata" : {
    "id" : "AiCap",
    "version" : "1.0.0"
  },
  "applications" : [ {
    "name" : "AiCap-srv",
    "metadata" : {
      "guid" : "75be55e4-f4e8-4a57-be2a-313bf42920d9",
      "createdAt" : [ 2026, 9, 15, 13, 53, 47 ],
      "updatedAt" : [ 2026, 9, 16, 8, 37, 13 ]
    },
    "v3Metadata" : {
      "annotations" : {
        "mta_id" : "AiCap",
        "mta_version" : "1.0.0",
        "mta_module" : "{\"name\":\"AiCap-srv\"}",
        "mta_module_provided_dependencies" : "[]",
        "mta_bound_services" : "[\"AiCap-db\"]"
      },
      "labels" : {
        "mta_id" : "29892eab014ce521836f82efee6a792c"
      }
    },
    "state" : "STARTED",
    "lifecycle" : {
      "type" : "BUILDPACK",
      "data" : {
        "buildpacks" : [ "nodejs_buildpack" ],
        "stack" : "cflinuxfs4"
      }
    },
    "space" : {
      "name" : "dev",
      "metadata" : {
        "guid" : "aeb4407e-27ee-42fa-9b7c-bc76d021820d",
        "createdAt" : [ 2026, 8, 6, 12, 45, 25 ],
        "updatedAt" : [ 2026, 8, 6, 12, 45, 25 ]
      },
      "organization" : {
        "name" : "5aaa8d8dtrial",
        "metadata" : {
          "guid" : "cc2f7598-034a-422a-b46b-912aff1726b5",
          "createdAt" : [ 2026, 8, 6, 12, 45, 23 ],
          "updatedAt" : [ 2026, 8, 6, 12, 45, 25 ]
        }
      }
    },
    "moduleName" : "AiCap-srv",
    "boundMtaServices" : [ "AiCap-db" ],
    "providedDependencyNames" : [ ],
    "productizationState" : "LIVE"
  }, {
    "name" : "AiCap-db-deployer",
    "metadata" : {
      "guid" : "dad81658-f021-4cc0-9bfc-3be4499c725a",
      "createdAt" : [ 2026, 9, 15, 13, 53, 53 ],
      "updatedAt" : [ 2026, 9, 16, 8, 34, 50 ]
    },
    "v3Metadata" : {
      "annotations" : {
        "mta_id" : "AiCap",
        "mta_version" : "1.0.0",
        "mta_module" : "{\"name\":\"AiCap-db-deployer\"}",
        "mta_module_provided_dependencies" : "[]",
        "mta_bound_services" : "[\"AiCap-db\"]"
      },
      "labels" : {
        "mta_id" : "29892eab014ce521836f82efee6a792c"
      }
    },
    "state" : "STOPPED",
    "lifecycle" : {
      "type" : "BUILDPACK",
      "data" : {
        "buildpacks" : [ "nodejs_buildpack" ],
        "stack" : "cflinuxfs4"
      }
    },
    "space" : {
      "name" : "dev",
      "metadata" : {
        "guid" : "aeb4407e-27ee-42fa-9b7c-bc76d021820d",
        "createdAt" : [ 2026, 8, 6, 12, 45, 25 ],
        "updatedAt" : [ 2026, 8, 6, 12, 45, 25 ]
      },
      "organization" : {
        "name" : "5aaa8d8dtrial",
        "metadata" : {
          "guid" : "cc2f7598-034a-422a-b46b-912aff1726b5",
          "createdAt" : [ 2026, 8, 6, 12, 45, 23 ],
          "updatedAt" : [ 2026, 8, 6, 12, 45, 25 ]
        }
      }
    },
    "moduleName" : "AiCap-db-deployer",
    "boundMtaServices" : [ "AiCap-db" ],
    "providedDependencyNames" : [ ],
    "productizationState" : "LIVE"
  } ],
  "services" : [ {
    "name" : "AiCap-db",
    "credentials" : "********",
    "tags" : [ ]
  }, {
    "name" : "AiCap-db",
    "credentials" : "********",
    "tags" : [ ]
  } ]
}#
#2026 09 16 10:10:19.718#Z#INFO#d1c92348-b1b6-11f1-bf33-eeee0a8e3dbc.OPERATION#flowable-async-job-executor-thread-15895#
[DetectDeployedMtaStep] Detected deployed MTA with ID "AiCap" and version "1.0.0"#
#2026 09 16 10:10:19.726#Z#DEBUG#d1c92348-b1b6-11f1-bf33-eeee0a8e3dbc.OPERATION#flowable-async-job-executor-thread-15895#
[DetectDeployedMtaStep] Detecting backup mta by id "AiCap" and namespace "null"#
#2026 09 16 10:10:19.726#Z#DEBUG#d1c92348-b1b6-11f1-bf33-eeee0a8e3dbc.OPERATION#flowable-async-job-executor-thread-15895#
[DetectDeployedMtaStep] Getting applications by metadata label selector "mta_id=29892eab014ce521836f82efee6a792c,mta_namespace=b698114a0995e936895b9598a6c19a2c"...#
#2026 09 16 10:10:19.754#Z#DEBUG#d1c92348-b1b6-11f1-bf33-eeee0a8e3dbc.OPERATION#flowable-async-job-executor-thread-15895#
[DetectDeployedMtaStep] Getting service instances by metadata label selector "mta_id=29892eab014ce521836f82efee6a792c,mta_namespace=b698114a0995e936895b9598a6c19a2c"...#
#2026 09 16 10:10:19.788#Z#DEBUG#d1c92348-b1b6-11f1-bf33-eeee0a8e3dbc.OPERATION#flowable-async-job-executor-thread-15895#
[DetectDeployedMtaStep] Deployed MTA service keys: [ ]#
#2026 09 16 10:10:19.788#Z#DEBUG#d1c92348-b1b6-11f1-bf33-eeee0a8e3dbc.OPERATION#flowable-async-job-executor-thread-15895#
Step "Detect Deployed MTA" finished#
#2026 09 16 10:10:19.828#Z#DEBUG#d1c92348-b1b6-11f1-bf33-eeee0a8e3dbc.OPERATION#flowable-async-job-executor-thread-15895#
[XS2CollectSystemParametersStep] Executing task "collectSystemParametersTask" of process "d1c94a7e-b1b6-11f1-bf33-eeee0a8e3dbc"...#
#2026 09 16 10:10:19.829#Z#DEBUG#d1c92348-b1b6-11f1-bf33-eeee0a8e3dbc.OPERATION#flowable-async-job-executor-thread-15895#
[XS2CollectSystemParametersStep] Collecting system parameters...#
#2026 09 16 10:10:19.830#Z#DEBUG#d1c92348-b1b6-11f1-bf33-eeee0a8e3dbc.OPERATION#flowable-async-job-executor-thread-15895#
[XS2CollectSystemParametersStep] Getting default domain...#
#2026 09 16 10:10:19.851#Z#DEBUG#d1c92348-b1b6-11f1-bf33-eeee0a8e3dbc.OPERATION#flowable-async-job-executor-thread-15895#
[XS2CollectSystemParametersStep] Default domain: cfapps.us10-001.hana.ondemand.com#
#2026 09 16 10:10:19.851#Z#DEBUG#d1c92348-b1b6-11f1-bf33-eeee0a8e3dbc.OPERATION#flowable-async-job-executor-thread-15895#
[XS2CollectSystemParametersStep] Checking for overwriting read-only parameters for mta with id: "AiCap"#
#2026 09 16 10:10:19.851#Z#DEBUG#d1c92348-b1b6-11f1-bf33-eeee0a8e3dbc.OPERATION#flowable-async-job-executor-thread-15895#
[XS2CollectSystemParametersStep] No read-only parameters are overwritten#
#2026 09 16 10:10:19.862#Z#DEBUG#d1c92348-b1b6-11f1-bf33-eeee0a8e3dbc.OPERATION#flowable-async-job-executor-thread-15895#
[XS2CollectSystemParametersStep] Descriptor with system parameters: {
  "majorSchemaVersion" : 3,
  "schemaVersion" : "3.3.0",
  "id" : "AiCap",
  "version" : "1.0.0",
  "modules" : [ {
    "majorSchemaVersion" : 3,
    "name" : "AiCap-srv",
    "type" : "javascript.nodejs",
    "path" : "AiCap-srv",
    "properties" : { },
    "parameters" : {
      "default-url" : "${protocol}://${default-uri}",
      "default-app-name" : "AiCap-srv",
      "generated-password" : "********",
      "default-live-url" : "${protocol}://${default-live-uri}",
      "default-uri" : "${host}.${domain}",
      "default-instances" : 1,
      "default-live-host" : "5aaa8d8dtrial-dev-aicap-srv",
      "instances" : 1,
      "buildpack" : "nodejs_buildpack",
      "default-host" : "5aaa8d8dtrial-dev-aicap-srv",
      "app-name" : "${default-app-name}",
      "default-live-uri" : "5aaa8d8dtrial-dev-aicap-srv.${domain}",
      "protocol" : "https",
      "default-live-app-name" : "AiCap-srv",
      "default-live-domain" : "cfapps.us10-001.hana.ondemand.com",
      "domain" : "${default-domain}",
      "host" : "${default-host}",
      "generated-user" : "********"
    },
    "requiredDependencies" : [ {
      "majorSchemaVersion" : 3,
      "name" : "AiCap-db",
      "properties" : { },
      "parameters" : { },
      "propertiesMetadata" : {
        "metadata" : { }
      },
      "parametersMetadata" : {
        "metadata" : { }
      }
    } ],
    "providedDependencies" : [ {
      "majorSchemaVersion" : 3,
      "name" : "srv-api",
      "isPublic" : false,
      "properties" : {
        "srv-url" : "${default-url}"
      },
      "parameters" : { },
      "propertiesMetadata" : {
        "metadata" : { }
      },
      "parametersMetadata" : {
        "metadata" : { }
      }
    }, {
      "majorSchemaVersion" : 3,
      "name" : "AiCap-srv",
      "isPublic" : false,
      "properties" : { },
      "parameters" : { },
      "propertiesMetadata" : {
        "metadata" : { }
      },
      "parametersMetadata" : {
        "metadata" : { }
      }
    } ],
    "propertiesMetadata" : {
      "metadata" : { }
    },
    "parametersMetadata" : {
      "metadata" : { }
    },
    "hooks" : [ ]
  }, {
    "majorSchemaVersion" : 3,
    "name" : "AiCap-db-deployer",
    "type" : "com.sap.xs.hdi",
    "path" : "AiCap-db-deployer",
    "properties" : {
      "EXIT" : 1
    },
    "parameters" : {
      "default-url" : "${protocol}://${default-uri}",
      "default-app-name" : "AiCap-db-deployer",
      "generated-password" : "********",
      "default-live-url" : "${protocol}://${default-live-uri}",
      "default-uri" : "${host}.${domain}",
      "memory" : "256M",
      "default-instances" : 1,
      "no-route" : true,
      "default-live-host" : "5aaa8d8dtrial-dev-aicap-db-deployer",
      "instances" : "${default-instances}",
      "buildpack" : "nodejs_buildpack",
      "default-host" : "5aaa8d8dtrial-dev-aicap-db-deployer",
      "app-name" : "${default-app-name}",
      "default-live-uri" : "5aaa8d8dtrial-dev-aicap-db-deployer.${domain}",
      "protocol" : "https",
      "default-live-app-name" : "AiCap-db-deployer",
      "default-live-domain" : "cfapps.us10-001.hana.ondemand.com",
      "dependency-type" : "hard",
      "domain" : "${default-domain}",
      "host" : "${default-host}",
      "generated-user" : "********",
      "tasks" : [ {
        "name" : "deploy",
        "memory" : "256M",
        "command" : "npm start"
      } ],
      "no-start" : true
    },
    "requiredDependencies" : [ {
      "majorSchemaVersion" : 3,
      "name" : "AiCap-db",
      "properties" : { },
      "parameters" : { },
      "propertiesMetadata" : {
        "metadata" : { }
      },
      "parametersMetadata" : {
        "metadata" : { }
      }
    } ],
    "providedDependencies" : [ {
      "majorSchemaVersion" : 3,
      "name" : "AiCap-db-deployer",
      "isPublic" : false,
      "properties" : { },
      "parameters" : { },
      "propertiesMetadata" : {
        "metadata" : { }
      },
      "parametersMetadata" : {
        "metadata" : { }
      }
    } ],
    "propertiesMetadata" : {
      "metadata" : { }
    },
    "parametersMetadata" : {
      "metadata" : { }
    },
    "hooks" : [ ]
  } ],
  "resources" : [ {
    "majorSchemaVersion" : 3,
    "name" : "AiCap-db",
    "type" : "com.sap.xs.hdi-container",
    "properties" : { },
    "parameters" : {
      "generated-password" : "********",
      "service-name" : "${default-service-name}",
      "service-plan" : "hdi-shared",
      "service" : "hana",
      "generated-user" : "********",
      "default-xsappname" : "AiCap-db",
      "type" : "managed-service",
      "default-service-name" : "AiCap-db",
      "default-container-name" : "5AAA8D8DTRIAL_DEV_AICAP_DB"
    },
    "isActive" : true,
    "isOptional" : false,
    "propertiesMetadata" : {
      "metadata" : { }
    },
    "parametersMetadata" : {
      "metadata" : { }
    },
    "requiredDependencies" : [ ],
    "processedAfter" : [ ]
  } ],
  "parameters" : {
    "mta-id" : "AiCap",
    "authorization-url" : "********",
    "org-guid" : "cc2f7598-034a-422a-b46b-912aff1726b5",
    "org" : "5aaa8d8dtrial",
    "deploy-target" : "5aaa8d8dtrial dev",
    "enable-parallel-deployments" : true,
    "space" : "dev",
    "xs-api-url" : "https://api.cf.us10-001.hana.ondemand.com",
    "deploy-url" : "deploy-service.cfapps.us10-001.hana.ondemand.com",
    "xs-type" : "CF",
    "default-domain" : "cfapps.us10-001.hana.ondemand.com",
    "mta-version" : "1.0.0",
    "xs-auth-url" : "********",
    "space-guid" : "aeb4407e-27ee-42fa-9b7c-bc76d021820d",
    "user" : "********",
    "controller-url" : "https://api.cf.us10-001.hana.ondemand.com",
    "timestamp" : "20260916101018"
  },
  "parametersMetadata" : {
    "metadata" : { }
  }
}#
#2026 09 16 10:10:19.863#Z#DEBUG#d1c92348-b1b6-11f1-bf33-eeee0a8e3dbc.OPERATION#flowable-async-job-executor-thread-15895#
[XS2CollectSystemParametersStep] Version rule: SAME_HIGHER#
#2026 09 16 10:10:19.863#Z#INFO#d1c92348-b1b6-11f1-bf33-eeee0a8e3dbc.OPERATION#flowable-async-job-executor-thread-15895#
[XS2CollectSystemParametersStep] Detected new MTA version: "1.0.0"#
#2026 09 16 10:10:19.871#Z#INFO#d1c92348-b1b6-11f1-bf33-eeee0a8e3dbc.OPERATION#flowable-async-job-executor-thread-15895#
[XS2CollectSystemParametersStep] Deployed MTA version: "1.0.0"#
#2026 09 16 10:10:19.875#Z#DEBUG#d1c92348-b1b6-11f1-bf33-eeee0a8e3dbc.OPERATION#flowable-async-job-executor-thread-15895#
[XS2CollectSystemParametersStep] MTA accepted for deployment#
#2026 09 16 10:10:19.875#Z#DEBUG#d1c92348-b1b6-11f1-bf33-eeee0a8e3dbc.OPERATION#flowable-async-job-executor-thread-15895#
[XS2CollectSystemParametersStep] System parameters collected#
#2026 09 16 10:10:19.876#Z#DEBUG#d1c92348-b1b6-11f1-bf33-eeee0a8e3dbc.OPERATION#flowable-async-job-executor-thread-15895#
Step "Collect System Parameters" finished#
#2026 09 16 10:10:19.913#Z#DEBUG#d1c92348-b1b6-11f1-bf33-eeee0a8e3dbc.OPERATION#flowable-async-job-executor-thread-15895#
[ProcessDescriptorStep] Executing task "processDescriptorTask" of process "d1c94a7e-b1b6-11f1-bf33-eeee0a8e3dbc"...#
#2026 09 16 10:10:19.913#Z#DEBUG#d1c92348-b1b6-11f1-bf33-eeee0a8e3dbc.OPERATION#flowable-async-job-executor-thread-15895#
[ProcessDescriptorStep] Resolving properties and parameters in merged descriptor...#
#2026 09 16 10:10:19.916#Z#DEBUG#d1c92348-b1b6-11f1-bf33-eeee0a8e3dbc.OPERATION#flowable-async-job-executor-thread-15895#
[ProcessDescriptorStep] Subscriptions: [ ]#
#2026 09 16 10:10:19.916#Z#DEBUG#d1c92348-b1b6-11f1-bf33-eeee0a8e3dbc.OPERATION#flowable-async-job-executor-thread-15895#
[ProcessDescriptorStep] MTA modules: [AiCap-db-deployer, AiCap-srv]#
#2026 09 16 10:10:19.917#Z#DEBUG#d1c92348-b1b6-11f1-bf33-eeee0a8e3dbc.OPERATION#flowable-async-job-executor-thread-15895#
[ProcessDescriptorStep] Resolved deployment descriptor: {
  "majorSchemaVersion" : 3,
  "schemaVersion" : "3.3.0",
  "id" : "AiCap",
  "version" : "1.0.0",
  "modules" : [ {
    "majorSchemaVersion" : 3,
    "name" : "AiCap-srv",
    "type" : "javascript.nodejs",
    "path" : "AiCap-srv",
    "properties" : { },
    "parameters" : {
      "default-url" : "https://5aaa8d8dtrial-dev-aicap-srv.cfapps.us10-001.hana.ondemand.com",
      "default-app-name" : "AiCap-srv",
      "generated-password" : "********",
      "default-live-url" : "https://5aaa8d8dtrial-dev-aicap-srv.cfapps.us10-001.hana.ondemand.com",
      "default-uri" : "5aaa8d8dtrial-dev-aicap-srv.cfapps.us10-001.hana.ondemand.com",
      "default-instances" : 1,
      "default-live-host" : "5aaa8d8dtrial-dev-aicap-srv",
      "instances" : 1,
      "buildpack" : "nodejs_buildpack",
      "default-host" : "5aaa8d8dtrial-dev-aicap-srv",
      "app-name" : "AiCap-srv",
      "default-live-uri" : "5aaa8d8dtrial-dev-aicap-srv.cfapps.us10-001.hana.ondemand.com",
      "protocol" : "https",
      "default-live-app-name" : "AiCap-srv",
      "default-live-domain" : "cfapps.us10-001.hana.ondemand.com",
      "domain" : "cfapps.us10-001.hana.ondemand.com",
      "host" : "5aaa8d8dtrial-dev-aicap-srv",
      "generated-user" : "********"
    },
    "requiredDependencies" : [ {
      "majorSchemaVersion" : 3,
      "name" : "AiCap-db",
      "properties" : { },
      "parameters" : { },
      "propertiesMetadata" : {
        "metadata" : { }
      },
      "parametersMetadata" : {
        "metadata" : { }
      }
    } ],
    "providedDependencies" : [ {
      "majorSchemaVersion" : 3,
      "name" : "srv-api",
      "isPublic" : false,
      "properties" : {
        "srv-url" : "https://5aaa8d8dtrial-dev-aicap-srv.cfapps.us10-001.hana.ondemand.com"
      },
      "parameters" : { },
      "propertiesMetadata" : {
        "metadata" : { }
      },
      "parametersMetadata" : {
        "metadata" : { }
      }
    }, {
      "majorSchemaVersion" : 3,
      "name" : "AiCap-srv",
      "isPublic" : false,
      "properties" : { },
      "parameters" : { },
      "propertiesMetadata" : {
        "metadata" : { }
      },
      "parametersMetadata" : {
        "metadata" : { }
      }
    } ],
    "propertiesMetadata" : {
      "metadata" : { }
    },
    "parametersMetadata" : {
      "metadata" : { }
    },
    "hooks" : [ ]
  }, {
    "majorSchemaVersion" : 3,
    "name" : "AiCap-db-deployer",
    "type" : "com.sap.xs.hdi",
    "path" : "AiCap-db-deployer",
    "properties" : {
      "EXIT" : 1
    },
    "parameters" : {
      "default-url" : "https://5aaa8d8dtrial-dev-aicap-db-deployer.cfapps.us10-001.hana.ondemand.com",
      "default-app-name" : "AiCap-db-deployer",
      "generated-password" : "********",
      "default-live-url" : "https://5aaa8d8dtrial-dev-aicap-db-deployer.cfapps.us10-001.hana.ondemand.com",
      "default-uri" : "5aaa8d8dtrial-dev-aicap-db-deployer.cfapps.us10-001.hana.ondemand.com",
      "memory" : "256M",
      "default-instances" : 1,
      "no-route" : true,
      "default-live-host" : "5aaa8d8dtrial-dev-aicap-db-deployer",
      "instances" : 1,
      "buildpack" : "nodejs_buildpack",
      "default-host" : "5aaa8d8dtrial-dev-aicap-db-deployer",
      "app-name" : "AiCap-db-deployer",
      "default-live-uri" : "5aaa8d8dtrial-dev-aicap-db-deployer.cfapps.us10-001.hana.ondemand.com",
      "protocol" : "https",
      "default-live-app-name" : "AiCap-db-deployer",
      "default-live-domain" : "cfapps.us10-001.hana.ondemand.com",
      "dependency-type" : "hard",
      "domain" : "cfapps.us10-001.hana.ondemand.com",
      "host" : "5aaa8d8dtrial-dev-aicap-db-deployer",
      "generated-user" : "********",
      "tasks" : [ {
        "command" : "npm start",
        "memory" : "256M",
        "name" : "deploy"
      } ],
      "no-start" : true
    },
    "requiredDependencies" : [ {
      "majorSchemaVersion" : 3,
      "name" : "AiCap-db",
      "properties" : { },
      "parameters" : { },
      "propertiesMetadata" : {
        "metadata" : { }
      },
      "parametersMetadata" : {
        "metadata" : { }
      }
    } ],
    "providedDependencies" : [ {
      "majorSchemaVersion" : 3,
      "name" : "AiCap-db-deployer",
      "isPublic" : false,
      "properties" : { },
      "parameters" : { },
      "propertiesMetadata" : {
        "metadata" : { }
      },
      "parametersMetadata" : {
        "metadata" : { }
      }
    } ],
    "propertiesMetadata" : {
      "metadata" : { }
    },
    "parametersMetadata" : {
      "metadata" : { }
    },
    "hooks" : [ ]
  } ],
  "resources" : [ {
    "majorSchemaVersion" : 3,
    "name" : "AiCap-db",
    "type" : "com.sap.xs.hdi-container",
    "properties" : { },
    "parameters" : {
      "generated-password" : "********",
      "service-name" : "AiCap-db",
      "service-plan" : "hdi-shared",
      "service" : "hana",
      "generated-user" : "********",
      "default-xsappname" : "AiCap-db",
      "type" : "managed-service",
      "default-service-name" : "AiCap-db",
      "default-container-name" : "5AAA8D8DTRIAL_DEV_AICAP_DB"
    },
    "isActive" : true,
    "isOptional" : false,
    "propertiesMetadata" : {
      "metadata" : { }
    },
    "parametersMetadata" : {
      "metadata" : { }
    },
    "requiredDependencies" : [ ],
    "processedAfter" : [ ]
  } ],
  "parameters" : {
    "mta-id" : "AiCap",
    "authorization-url" : "********",
    "org-guid" : "cc2f7598-034a-422a-b46b-912aff1726b5",
    "org" : "5aaa8d8dtrial",
    "deploy-target" : "5aaa8d8dtrial dev",
    "enable-parallel-deployments" : true,
    "region-primary-domain" : "us10.hana.ondemand.com",
    "space" : "dev",
    "region-domain" : "us10-001.hana.ondemand.com",
    "xs-api-url" : "https://api.cf.us10-001.hana.ondemand.com",
    "deploy-url" : "deploy-service.cfapps.us10-001.hana.ondemand.com",
    "xs-type" : "CF",
    "default-domain" : "cfapps.us10-001.hana.ondemand.com",
    "mta-version" : "1.0.0",
    "xs-auth-url" : "********",
    "space-guid" : "aeb4407e-27ee-42fa-9b7c-bc76d021820d",
    "user" : "********",
    "controller-url" : "https://api.cf.us10-001.hana.ondemand.com",
    "timestamp" : "20260916101018"
  },
  "parametersMetadata" : {
    "metadata" : { }
  }
}#
#2026 09 16 10:10:19.917#Z#DEBUG#d1c92348-b1b6-11f1-bf33-eeee0a8e3dbc.OPERATION#flowable-async-job-executor-thread-15895#
[ProcessDescriptorStep] Merged descriptor properties and parameters resolved#
#2026 09 16 10:10:19.917#Z#DEBUG#d1c92348-b1b6-11f1-bf33-eeee0a8e3dbc.OPERATION#flowable-async-job-executor-thread-15895#
Step "Process Descriptor Step" finished#
#2026 09 16 10:10:19.968#Z#DEBUG#d1c92348-b1b6-11f1-bf33-eeee0a8e3dbc.OPERATION#flowable-async-job-executor-thread-15899#
[XS2BuildCloudDeployModelStep] Executing task "buildDeployModelTask" of process "d1c94a7e-b1b6-11f1-bf33-eeee0a8e3dbc"...#
#2026 09 16 10:10:19.972#Z#DEBUG#d1c92348-b1b6-11f1-bf33-eeee0a8e3dbc.OPERATION#flowable-async-job-executor-thread-15899#
[XS2BuildCloudDeployModelStep] Service keys defined for content deployment grouped by service name: { }#
#2026 09 16 10:10:19.972#Z#DEBUG#d1c92348-b1b6-11f1-bf33-eeee0a8e3dbc.OPERATION#flowable-async-job-executor-thread-15899#
[XS2BuildCloudDeployModelStep] Building cloud deployment model...#
#2026 09 16 10:10:19.974#Z#DEBUG#d1c92348-b1b6-11f1-bf33-eeee0a8e3dbc.OPERATION#flowable-async-job-executor-thread-15899#
[XS2BuildCloudDeployModelStep] MTA archive modules: [AiCap-db-deployer, AiCap-srv]#
#2026 09 16 10:10:19.974#Z#DEBUG#d1c92348-b1b6-11f1-bf33-eeee0a8e3dbc.OPERATION#flowable-async-job-executor-thread-15899#
[XS2BuildCloudDeployModelStep] Deployed modules: [AiCap-db-deployer, AiCap-srv]#
#2026 09 16 10:10:19.976#Z#DEBUG#d1c92348-b1b6-11f1-bf33-eeee0a8e3dbc.OPERATION#flowable-async-job-executor-thread-15899#
[XS2BuildCloudDeployModelStep] MTA modules: [AiCap-db-deployer, AiCap-srv]#
#2026 09 16 10:10:19.976#Z#DEBUG#d1c92348-b1b6-11f1-bf33-eeee0a8e3dbc.OPERATION#flowable-async-job-executor-thread-15899#
[XS2BuildCloudDeployModelStep] Service keys to create: {
  "AiCap-db" : [ ]
}#
#2026 09 16 10:10:19.976#Z#DEBUG#d1c92348-b1b6-11f1-bf33-eeee0a8e3dbc.OPERATION#flowable-async-job-executor-thread-15899#
[XS2BuildCloudDeployModelStep] Modules to deploy: [{
  "majorSchemaVersion" : 3,
  "name" : "AiCap-srv",
  "type" : "javascript.nodejs",
  "path" : "AiCap-srv",
  "properties" : { },
  "parameters" : {
    "default-url" : "https://5aaa8d8dtrial-dev-aicap-srv.cfapps.us10-001.hana.ondemand.com",
    "default-app-name" : "AiCap-srv",
    "generated-password" : "********",
    "default-live-url" : "https://5aaa8d8dtrial-dev-aicap-srv.cfapps.us10-001.hana.ondemand.com",
    "default-uri" : "5aaa8d8dtrial-dev-aicap-srv.cfapps.us10-001.hana.ondemand.com",
    "default-instances" : 1,
    "default-live-host" : "5aaa8d8dtrial-dev-aicap-srv",
    "instances" : 1,
    "buildpack" : "nodejs_buildpack",
    "default-host" : "5aaa8d8dtrial-dev-aicap-srv",
    "app-name" : "AiCap-srv",
    "default-live-uri" : "5aaa8d8dtrial-dev-aicap-srv.cfapps.us10-001.hana.ondemand.com",
    "protocol" : "https",
    "default-live-app-name" : "AiCap-srv",
    "default-live-domain" : "cfapps.us10-001.hana.ondemand.com",
    "dependency-type" : "soft",
    "domain" : "cfapps.us10-001.hana.ondemand.com",
    "host" : "5aaa8d8dtrial-dev-aicap-srv",
    "generated-user" : "********"
  },
  "requiredDependencies" : [ {
    "majorSchemaVersion" : 3,
    "name" : "AiCap-db",
    "properties" : { },
    "parameters" : { },
    "propertiesMetadata" : {
      "metadata" : { }
    },
    "parametersMetadata" : {
      "metadata" : { }
    }
  } ],
  "providedDependencies" : [ {
    "majorSchemaVersion" : 3,
    "name" : "srv-api",
    "isPublic" : false,
    "properties" : {
      "srv-url" : "https://5aaa8d8dtrial-dev-aicap-srv.cfapps.us10-001.hana.ondemand.com"
    },
    "parameters" : { },
    "propertiesMetadata" : {
      "metadata" : { }
    },
    "parametersMetadata" : {
      "metadata" : { }
    }
  }, {
    "majorSchemaVersion" : 3,
    "name" : "AiCap-srv",
    "isPublic" : false,
    "properties" : { },
    "parameters" : { },
    "propertiesMetadata" : {
      "metadata" : { }
    },
    "parametersMetadata" : {
      "metadata" : { }
    }
  } ],
  "propertiesMetadata" : {
    "metadata" : { }
  },
  "parametersMetadata" : {
    "metadata" : { }
  },
  "deployedAfter" : [ ],
  "hooks" : [ ]
}, {
  "majorSchemaVersion" : 3,
  "name" : "AiCap-db-deployer",
  "type" : "com.sap.xs.hdi",
  "path" : "AiCap-db-deployer",
  "properties" : {
    "EXIT" : 1
  },
  "parameters" : {
    "default-url" : "https://5aaa8d8dtrial-dev-aicap-db-deployer.cfapps.us10-001.hana.ondemand.com",
    "default-app-name" : "AiCap-db-deployer",
    "generated-password" : "********",
    "default-live-url" : "https://5aaa8d8dtrial-dev-aicap-db-deployer.cfapps.us10-001.hana.ondemand.com",
    "default-uri" : "5aaa8d8dtrial-dev-aicap-db-deployer.cfapps.us10-001.hana.ondemand.com",
    "memory" : "256M",
    "default-instances" : 1,
    "no-route" : true,
    "default-live-host" : "5aaa8d8dtrial-dev-aicap-db-deployer",
    "instances" : 1,
    "buildpack" : "nodejs_buildpack",
    "default-host" : "5aaa8d8dtrial-dev-aicap-db-deployer",
    "app-name" : "AiCap-db-deployer",
    "default-live-uri" : "5aaa8d8dtrial-dev-aicap-db-deployer.cfapps.us10-001.hana.ondemand.com",
    "protocol" : "https",
    "default-live-app-name" : "AiCap-db-deployer",
    "default-live-domain" : "cfapps.us10-001.hana.ondemand.com",
    "dependency-type" : "hard",
    "domain" : "cfapps.us10-001.hana.ondemand.com",
    "host" : "5aaa8d8dtrial-dev-aicap-db-deployer",
    "generated-user" : "********",
    "tasks" : [ {
      "command" : "npm start",
      "memory" : "256M",
      "name" : "deploy"
    } ],
    "no-start" : true
  },
  "requiredDependencies" : [ {
    "majorSchemaVersion" : 3,
    "name" : "AiCap-db",
    "properties" : { },
    "parameters" : { },
    "propertiesMetadata" : {
      "metadata" : { }
    },
    "parametersMetadata" : {
      "metadata" : { }
    }
  } ],
  "providedDependencies" : [ {
    "majorSchemaVersion" : 3,
    "name" : "AiCap-db-deployer",
    "isPublic" : false,
    "properties" : { },
    "parameters" : { },
    "propertiesMetadata" : {
      "metadata" : { }
    },
    "parametersMetadata" : {
      "metadata" : { }
    }
  } ],
  "propertiesMetadata" : {
    "metadata" : { }
  },
  "parametersMetadata" : {
    "metadata" : { }
  },
  "deployedAfter" : [ ],
  "hooks" : [ ]
}]#
#2026 09 16 10:10:19.977#Z#DEBUG#d1c92348-b1b6-11f1-bf33-eeee0a8e3dbc.OPERATION#flowable-async-job-executor-thread-15899#
[XS2BuildCloudDeployModelStep] Custom domains: []#
#2026 09 16 10:10:19.979#Z#DEBUG#d1c92348-b1b6-11f1-bf33-eeee0a8e3dbc.OPERATION#flowable-async-job-executor-thread-15899#
[XS2BuildCloudDeployModelStep] Calculating resource batches...#
#2026 09 16 10:10:19.979#Z#DEBUG#d1c92348-b1b6-11f1-bf33-eeee0a8e3dbc.OPERATION#flowable-async-job-executor-thread-15899#
[XS2BuildCloudDeployModelStep] Calculating resource batches completed.#
#2026 09 16 10:10:19.979#Z#DEBUG#d1c92348-b1b6-11f1-bf33-eeee0a8e3dbc.OPERATION#flowable-async-job-executor-thread-15899#
[XS2BuildCloudDeployModelStep] Cloud deployment model built#
#2026 09 16 10:10:19.979#Z#DEBUG#d1c92348-b1b6-11f1-bf33-eeee0a8e3dbc.OPERATION#flowable-async-job-executor-thread-15899#
Step "Build Deploy Model" finished#
#2026 09 16 10:10:20.018#Z#DEBUG#d1c92348-b1b6-11f1-bf33-eeee0a8e3dbc.OPERATION#flowable-async-job-executor-thread-15899#
[BuildCloudUndeployModelStep] Executing task "buildUndeployModelTask" of process "d1c94a7e-b1b6-11f1-bf33-eeee0a8e3dbc"...#
#2026 09 16 10:10:20.019#Z#DEBUG#d1c92348-b1b6-11f1-bf33-eeee0a8e3dbc.OPERATION#flowable-async-job-executor-thread-15899#
[BuildCloudUndeployModelStep] Building cloud undeployment model...#
#2026 09 16 10:10:20.021#Z#DEBUG#d1c92348-b1b6-11f1-bf33-eeee0a8e3dbc.OPERATION#flowable-async-job-executor-thread-15899#
[BuildCloudUndeployModelStep] Detecting service keys to delete.#
#2026 09 16 10:10:20.022#Z#DEBUG#d1c92348-b1b6-11f1-bf33-eeee0a8e3dbc.OPERATION#flowable-async-job-executor-thread-15899#
[BuildCloudUndeployModelStep] No deployed service keys detected!#
#2026 09 16 10:10:20.023#Z#DEBUG#d1c92348-b1b6-11f1-bf33-eeee0a8e3dbc.OPERATION#flowable-async-job-executor-thread-15899#
[BuildCloudUndeployModelStep] Detected service keys to delete "[]"#
#2026 09 16 10:10:20.027#Z#DEBUG#d1c92348-b1b6-11f1-bf33-eeee0a8e3dbc.OPERATION#flowable-async-job-executor-thread-15899#
[BuildCloudUndeployModelStep] MTA modules: [AiCap-db-deployer, AiCap-srv]#
#2026 09 16 10:10:20.027#Z#DEBUG#d1c92348-b1b6-11f1-bf33-eeee0a8e3dbc.OPERATION#flowable-async-job-executor-thread-15899#
[BuildCloudUndeployModelStep] Modules to undeploy: [ ]#
#2026 09 16 10:10:20.027#Z#DEBUG#d1c92348-b1b6-11f1-bf33-eeee0a8e3dbc.OPERATION#flowable-async-job-executor-thread-15899#
[BuildCloudUndeployModelStep] Modules that won't be changed: [ ]#
#2026 09 16 10:10:20.028#Z#DEBUG#d1c92348-b1b6-11f1-bf33-eeee0a8e3dbc.OPERATION#flowable-async-job-executor-thread-15899#
[BuildCloudUndeployModelStep] Subscriptions to delete: [ ]#
#2026 09 16 10:10:20.029#Z#DEBUG#d1c92348-b1b6-11f1-bf33-eeee0a8e3dbc.OPERATION#flowable-async-job-executor-thread-15899#
[BuildCloudUndeployModelStep] Cloud services to delete: []#
#2026 09 16 10:10:20.029#Z#DEBUG#d1c92348-b1b6-11f1-bf33-eeee0a8e3dbc.OPERATION#flowable-async-job-executor-thread-15899#
[BuildCloudUndeployModelStep] Cloud applications to undeploy: [ ]#
#2026 09 16 10:10:20.032#Z#DEBUG#d1c92348-b1b6-11f1-bf33-eeee0a8e3dbc.OPERATION#flowable-async-job-executor-thread-15899#
[BuildCloudUndeployModelStep] Cloud undeployment model built#
#2026 09 16 10:10:20.032#Z#DEBUG#d1c92348-b1b6-11f1-bf33-eeee0a8e3dbc.OPERATION#flowable-async-job-executor-thread-15899#
Step "Build Undeploy Model" finished#
#2026 09 16 10:10:20.082#Z#DEBUG#d1c92348-b1b6-11f1-bf33-eeee0a8e3dbc.OPERATION#flowable-async-job-executor-thread-15899#
[AddDomainsStep] Executing task "addDomainsTask" of process "d1c94a7e-b1b6-11f1-bf33-eeee0a8e3dbc"...#
#2026 09 16 10:10:20.084#Z#DEBUG#d1c92348-b1b6-11f1-bf33-eeee0a8e3dbc.OPERATION#flowable-async-job-executor-thread-15899#
[AddDomainsStep] Custom domains: []#
#2026 09 16 10:10:20.084#Z#DEBUG#d1c92348-b1b6-11f1-bf33-eeee0a8e3dbc.OPERATION#flowable-async-job-executor-thread-15899#
Step "Add Domains" finished#
#2026 09 16 10:10:20.569#Z#DEBUG#d1c92348-b1b6-11f1-bf33-eeee0a8e3dbc.OPERATION#flowable-async-job-executor-thread-15900#
[ExtractBatchedServicesWithResolvedDynamicParametersStep] Executing task "prepareModulesDeploymentTask" of process "d2a63d4d-b1b6-11f1-bf33-eeee0a8e3dbc"...#
#2026 09 16 10:10:20.570#Z#DEBUG#d1c92348-b1b6-11f1-bf33-eeee0a8e3dbc.OPERATION#flowable-async-job-executor-thread-15900#
[ExtractBatchedServicesWithResolvedDynamicParametersStep] Extracting services and resolving dynamic parameters from batch#
#2026 09 16 10:10:20.571#Z#DEBUG#d1c92348-b1b6-11f1-bf33-eeee0a8e3dbc.OPERATION#flowable-async-job-executor-thread-15900#
[ExtractBatchedServicesWithResolvedDynamicParametersStep] Services to create: [ {
  "isOptional" : false,
  "isManaged" : true,
  "name" : "AiCap-db",
  "v3Metadata" : {
    "annotations" : {
      "mta_id" : "AiCap",
      "mta_version" : "1.0.0",
      "mta_resource" : "{\"name\":\"AiCap-db\"}"
    },
    "labels" : {
      "mta_id" : "29892eab014ce521836f82efee6a792c"
    }
  },
  "label" : "hana",
  "plan" : "hdi-shared",
  "credentials" : "********",
  "tags" : [ ],
  "type" : "managed",
  "resourceName" : "AiCap-db",
  "shouldSkipParametersUpdate" : false,
  "shouldSkipPlanUpdate" : false,
  "shouldSkipTagsUpdate" : false,
  "shouldSkipSyslogUrlUpdate" : false
} ]#
#2026 09 16 10:10:20.572#Z#DEBUG#d1c92348-b1b6-11f1-bf33-eeee0a8e3dbc.OPERATION#flowable-async-job-executor-thread-15900#
Step "Extract Services with Resolved Dynamic parameters from batch" finished#
#2026 09 16 10:10:20.671#Z#DEBUG#d1c92348-b1b6-11f1-bf33-eeee0a8e3dbc.OPERATION#flowable-async-job-executor-thread-15894#
[CheckServiceOperationStateStep] Executing task "CheckServiceOperationStateTask" of process "d2efefd1-b1b6-11f1-bf33-eeee0a8e3dbc"...#
#2026 09 16 10:10:20.672#Z#DEBUG#d1c92348-b1b6-11f1-bf33-eeee0a8e3dbc.OPERATION#flowable-async-job-executor-thread-15894#
[CheckServiceOperationStateStep] Getting service instance "AiCap-db"...#
#2026 09 16 10:10:20.697#Z#DEBUG#d1c92348-b1b6-11f1-bf33-eeee0a8e3dbc.OPERATION#flowable-async-job-executor-thread-15894#
Step "Check for service operations in Progress" finished#
#2026 09 16 10:10:20.726#Z#DEBUG#d1c92348-b1b6-11f1-bf33-eeee0a8e3dbc.OPERATION#flowable-async-job-executor-thread-15894#
[DetermineServiceCreateUpdateServiceActionsStep] Executing task "DetermineServiceCreateUpdateActionsTask" of process "d2efefd1-b1b6-11f1-bf33-eeee0a8e3dbc"...#
#2026 09 16 10:10:20.728#Z#INFO#d1c92348-b1b6-11f1-bf33-eeee0a8e3dbc.OPERATION#flowable-async-job-executor-thread-15894#
[DetermineServiceCreateUpdateServiceActionsStep] Processing service "AiCap-db"...#
#2026 09 16 10:10:20.733#Z#DEBUG#d1c92348-b1b6-11f1-bf33-eeee0a8e3dbc.OPERATION#flowable-async-job-executor-thread-15894#
[DetermineServiceCreateUpdateServiceActionsStep] Getting service instance "AiCap-db"...#
#2026 09 16 10:10:20.758#Z#DEBUG#d1c92348-b1b6-11f1-bf33-eeee0a8e3dbc.OPERATION#flowable-async-job-executor-thread-15894#
[DetermineServiceCreateUpdateServiceActionsStep] Service should be created#
#2026 09 16 10:10:20.761#Z#DEBUG#d1c92348-b1b6-11f1-bf33-eeee0a8e3dbc.OPERATION#flowable-async-job-executor-thread-15894#
Step "Determine update actions" finished#
#2026 09 16 10:10:20.830#Z#DEBUG#d1c92348-b1b6-11f1-bf33-eeee0a8e3dbc.OPERATION#flowable-async-job-executor-thread-15896#
[CreateServiceStep] Executing task "CreateServiceTask" of process "d2efefd1-b1b6-11f1-bf33-eeee0a8e3dbc"...#
#2026 09 16 10:10:20.833#Z#INFO#d1c92348-b1b6-11f1-bf33-eeee0a8e3dbc.OPERATION#flowable-async-job-executor-thread-15896#
[CreateServiceStep] Creating service "AiCap-db" from MTA resource "AiCap-db"...#
#2026 09 16 10:10:20.839#Z#DEBUG#d1c92348-b1b6-11f1-bf33-eeee0a8e3dbc.OPERATION#flowable-async-job-executor-thread-15896#
[CreateServiceStep] Creating service instance: {
  "isOptional" : false,
  "isManaged" : true,
  "name" : "AiCap-db",
  "v3Metadata" : {
    "annotations" : {
      "mta_id" : "AiCap",
      "mta_version" : "1.0.0",
      "mta_resource" : "{\"name\":\"AiCap-db\"}"
    },
    "labels" : {
      "mta_id" : "29892eab014ce521836f82efee6a792c"
    }
  },
  "label" : "hana",
  "plan" : "hdi-shared",
  "credentials" : "********",
  "tags" : [ ],
  "type" : "managed",
  "resourceName" : "AiCap-db",
  "shouldSkipParametersUpdate" : false,
  "shouldSkipPlanUpdate" : false,
  "shouldSkipTagsUpdate" : false,
  "shouldSkipSyslogUrlUpdate" : false
}#
#2026 09 16 10:10:21.023#Z#DEBUG#d1c92348-b1b6-11f1-bf33-eeee0a8e3dbc.OPERATION#flowable-async-job-executor-thread-15896#
[CreateServiceStep] Service "AiCap-db" created#
#2026 09 16 10:10:21.023#Z#DEBUG#d1c92348-b1b6-11f1-bf33-eeee0a8e3dbc.OPERATION#flowable-async-job-executor-thread-15896#
[CreateServiceStep] Triggered service operations: {
  "AiCap-db" : "CREATE"
}#
#2026 09 16 10:10:21.025#Z#DEBUG#d1c92348-b1b6-11f1-bf33-eeee0a8e3dbc.OPERATION#flowable-async-job-executor-thread-15896#
Step "Create" finished#
#2026 09 16 10:10:29.501#Z#DEBUG#d1c92348-b1b6-11f1-bf33-eeee0a8e3dbc.OPERATION#flowable-async-job-executor-thread-15904#
[CreateServiceStep] Executing task "CreateServiceTask" of process "d2efefd1-b1b6-11f1-bf33-eeee0a8e3dbc"...#
#2026 09 16 10:10:29.503#Z#DEBUG#d1c92348-b1b6-11f1-bf33-eeee0a8e3dbc.OPERATION#flowable-async-job-executor-thread-15904#
[CreateServiceStep] Polling service operations...#
#2026 09 16 10:10:29.507#Z#DEBUG#d1c92348-b1b6-11f1-bf33-eeee0a8e3dbc.OPERATION#flowable-async-job-executor-thread-15904#
[CreateServiceStep] Getting service instance "AiCap-db"...#
#2026 09 16 10:10:29.598#Z#DEBUG#d1c92348-b1b6-11f1-bf33-eeee0a8e3dbc.OPERATION#flowable-async-job-executor-thread-15904#
[CreateServiceStep] Last operation for service "AiCap-db": {
  "type" : "CREATE",
  "state" : "SUCCEEDED"
}#
#2026 09 16 10:10:29.598#Z#DEBUG#d1c92348-b1b6-11f1-bf33-eeee0a8e3dbc.OPERATION#flowable-async-job-executor-thread-15904#
[CreateServiceStep] Service "AiCap-db" created#
#2026 09 16 10:10:29.598#Z#INFO#d1c92348-b1b6-11f1-bf33-eeee0a8e3dbc.OPERATION#flowable-async-job-executor-thread-15904#
[CreateServiceStep] 1 of 1 done#
#2026 09 16 10:10:29.604#Z#DEBUG#d1c92348-b1b6-11f1-bf33-eeee0a8e3dbc.OPERATION#flowable-async-job-executor-thread-15904#
[CreateServiceStep] Remaining services to poll: [ ]#
#2026 09 16 10:10:29.605#Z#DEBUG#d1c92348-b1b6-11f1-bf33-eeee0a8e3dbc.OPERATION#flowable-async-job-executor-thread-15904#
Step "Create" finished#
#2026 09 16 10:10:29.922#Z#DEBUG#d1c92348-b1b6-11f1-bf33-eeee0a8e3dbc.OPERATION#flowable-async-job-executor-thread-15904#
[PrepareModulesDeploymentStep] Executing task "prepareModulesDeploymentTask" of process "d870798b-b1b6-11f1-bf33-eeee0a8e3dbc"...#
#2026 09 16 10:10:29.923#Z#DEBUG#d1c92348-b1b6-11f1-bf33-eeee0a8e3dbc.OPERATION#flowable-async-job-executor-thread-15904#
[PrepareModulesDeploymentStep] Preparing modules deployment...#
#2026 09 16 10:10:29.929#Z#DEBUG#d1c92348-b1b6-11f1-bf33-eeee0a8e3dbc.OPERATION#flowable-async-job-executor-thread-15904#
Step "Prepare Modules Deployment" finished#
#2026 09 16 10:10:29.965#Z#DEBUG#d1c92348-b1b6-11f1-bf33-eeee0a8e3dbc.OPERATION#flowable-async-job-executor-thread-15904#
[ComputeNextModulesStep] Executing task "computeNextModulesToDeployInParallel" of process "d870798b-b1b6-11f1-bf33-eeee0a8e3dbc"...#
#2026 09 16 10:10:29.966#Z#DEBUG#d1c92348-b1b6-11f1-bf33-eeee0a8e3dbc.OPERATION#flowable-async-job-executor-thread-15904#
[ComputeNextModulesStep] Computing modules for next parallel iteration...#
#2026 09 16 10:10:29.967#Z#DEBUG#d1c92348-b1b6-11f1-bf33-eeee0a8e3dbc.OPERATION#flowable-async-job-executor-thread-15904#
[ComputeNextModulesStep] Completed modules detected: []#
#2026 09 16 10:10:29.967#Z#DEBUG#d1c92348-b1b6-11f1-bf33-eeee0a8e3dbc.OPERATION#flowable-async-job-executor-thread-15904#
[ComputeNextModulesStep] All modules for deploy detected: [AiCap-db-deployer, AiCap-srv]#
#2026 09 16 10:10:29.967#Z#DEBUG#d1c92348-b1b6-11f1-bf33-eeee0a8e3dbc.OPERATION#flowable-async-job-executor-thread-15904#
[ComputeNextModulesStep] Modules not for deploy detected: []#
#2026 09 16 10:10:29.968#Z#DEBUG#d1c92348-b1b6-11f1-bf33-eeee0a8e3dbc.OPERATION#flowable-async-job-executor-thread-15904#
[ComputeNextModulesStep] Computed modules for next parallel iteration: [ {
  "majorSchemaVersion" : 3,
  "name" : "AiCap-srv",
  "type" : "javascript.nodejs",
  "path" : "AiCap-srv",
  "properties" : { },
  "parameters" : {
    "app-name" : "AiCap-srv",
    "buildpack" : "nodejs_buildpack",
    "default-app-name" : "AiCap-srv",
    "default-host" : "5aaa8d8dtrial-dev-aicap-srv",
    "default-instances" : 1,
    "default-live-app-name" : "AiCap-srv",
    "default-live-domain" : "cfapps.us10-001.hana.ondemand.com",
    "default-live-host" : "5aaa8d8dtrial-dev-aicap-srv",
    "default-live-uri" : "5aaa8d8dtrial-dev-aicap-srv.cfapps.us10-001.hana.ondemand.com",
    "default-live-url" : "https://5aaa8d8dtrial-dev-aicap-srv.cfapps.us10-001.hana.ondemand.com",
    "default-uri" : "5aaa8d8dtrial-dev-aicap-srv.cfapps.us10-001.hana.ondemand.com",
    "default-url" : "https://5aaa8d8dtrial-dev-aicap-srv.cfapps.us10-001.hana.ondemand.com",
    "dependency-type" : "soft",
    "domain" : "cfapps.us10-001.hana.ondemand.com",
    "generated-password" : "********",
    "generated-user" : "********",
    "host" : "5aaa8d8dtrial-dev-aicap-srv",
    "instances" : 1,
    "protocol" : "https"
  },
  "requiredDependencies" : [ {
    "majorSchemaVersion" : 3,
    "name" : "AiCap-db",
    "properties" : { },
    "parameters" : { },
    "propertiesMetadata" : {
      "metadata" : { }
    },
    "parametersMetadata" : {
      "metadata" : { }
    }
  } ],
  "providedDependencies" : [ {
    "majorSchemaVersion" : 3,
    "name" : "srv-api",
    "isPublic" : false,
    "properties" : {
      "srv-url" : "https://5aaa8d8dtrial-dev-aicap-srv.cfapps.us10-001.hana.ondemand.com"
    },
    "parameters" : { },
    "propertiesMetadata" : {
      "metadata" : { }
    },
    "parametersMetadata" : {
      "metadata" : { }
    }
  }, {
    "majorSchemaVersion" : 3,
    "name" : "AiCap-srv",
    "isPublic" : false,
    "properties" : { },
    "parameters" : { },
    "propertiesMetadata" : {
      "metadata" : { }
    },
    "parametersMetadata" : {
      "metadata" : { }
    }
  } ],
  "propertiesMetadata" : {
    "metadata" : { }
  },
  "parametersMetadata" : {
    "metadata" : { }
  },
  "deployedAfter" : [ ],
  "hooks" : [ ]
}, {
  "majorSchemaVersion" : 3,
  "name" : "AiCap-db-deployer",
  "type" : "com.sap.xs.hdi",
  "path" : "AiCap-db-deployer",
  "properties" : {
    "EXIT" : 1
  },
  "parameters" : {
    "app-name" : "AiCap-db-deployer",
    "buildpack" : "nodejs_buildpack",
    "default-app-name" : "AiCap-db-deployer",
    "default-host" : "5aaa8d8dtrial-dev-aicap-db-deployer",
    "default-instances" : 1,
    "default-live-app-name" : "AiCap-db-deployer",
    "default-live-domain" : "cfapps.us10-001.hana.ondemand.com",
    "default-live-host" : "5aaa8d8dtrial-dev-aicap-db-deployer",
    "default-live-uri" : "5aaa8d8dtrial-dev-aicap-db-deployer.cfapps.us10-001.hana.ondemand.com",
    "default-live-url" : "https://5aaa8d8dtrial-dev-aicap-db-deployer.cfapps.us10-001.hana.ondemand.com",
    "default-uri" : "5aaa8d8dtrial-dev-aicap-db-deployer.cfapps.us10-001.hana.ondemand.com",
    "default-url" : "https://5aaa8d8dtrial-dev-aicap-db-deployer.cfapps.us10-001.hana.ondemand.com",
    "dependency-type" : "hard",
    "domain" : "cfapps.us10-001.hana.ondemand.com",
    "generated-password" : "********",
    "generated-user" : "********",
    "host" : "5aaa8d8dtrial-dev-aicap-db-deployer",
    "instances" : 1,
    "memory" : "256M",
    "no-route" : true,
    "no-start" : true,
    "protocol" : "https",
    "tasks" : [ {
      "command" : "npm start",
      "memory" : "256M",
      "name" : "deploy"
    } ]
  },
  "requiredDependencies" : [ {
    "majorSchemaVersion" : 3,
    "name" : "AiCap-db",
    "properties" : { },
    "parameters" : { },
    "propertiesMetadata" : {
      "metadata" : { }
    },
    "parametersMetadata" : {
      "metadata" : { }
    }
  } ],
  "providedDependencies" : [ {
    "majorSchemaVersion" : 3,
    "name" : "AiCap-db-deployer",
    "isPublic" : false,
    "properties" : { },
    "parameters" : { },
    "propertiesMetadata" : {
      "metadata" : { }
    },
    "parametersMetadata" : {
      "metadata" : { }
    }
  } ],
  "propertiesMetadata" : {
    "metadata" : { }
  },
  "parametersMetadata" : {
    "metadata" : { }
  },
  "deployedAfter" : [ ],
  "hooks" : [ ]
} ]#
#2026 09 16 10:10:29.968#Z#DEBUG#d1c92348-b1b6-11f1-bf33-eeee0a8e3dbc.OPERATION#flowable-async-job-executor-thread-15904#
Step "Compute Next Modules To Deploy" finished#
#2026 09 16 10:10:30.157#Z#DEBUG#d1c92348-b1b6-11f1-bf33-eeee0a8e3dbc.OPERATION#flowable-async-job-executor-thread-15904#
[ProcessDescriptorStep] Executing task "reprocessDescriptorTask" of process "d890fa9a-b1b6-11f1-bf33-eeee0a8e3dbc"...#
#2026 09 16 10:10:30.158#Z#DEBUG#d1c92348-b1b6-11f1-bf33-eeee0a8e3dbc.OPERATION#flowable-async-job-executor-thread-15904#
[ProcessDescriptorStep] Resolving properties and parameters in merged descriptor...#
#2026 09 16 10:10:30.162#Z#DEBUG#d1c92348-b1b6-11f1-bf33-eeee0a8e3dbc.OPERATION#flowable-async-job-executor-thread-15904#
[ProcessDescriptorStep] Subscriptions: [ ]#
#2026 09 16 10:10:30.169#Z#DEBUG#d1c92348-b1b6-11f1-bf33-eeee0a8e3dbc.OPERATION#flowable-async-job-executor-thread-15904#
[ProcessDescriptorStep] MTA modules: [AiCap-db-deployer, AiCap-srv]#
#2026 09 16 10:10:30.173#Z#DEBUG#d1c92348-b1b6-11f1-bf33-eeee0a8e3dbc.OPERATION#flowable-async-job-executor-thread-15904#
[ProcessDescriptorStep] Resolved deployment descriptor: {
  "majorSchemaVersion" : 3,
  "schemaVersion" : "3.3.0",
  "id" : "AiCap",
  "version" : "1.0.0",
  "modules" : [ {
    "majorSchemaVersion" : 3,
    "name" : "AiCap-srv",
    "type" : "javascript.nodejs",
    "path" : "AiCap-srv",
    "properties" : { },
    "parameters" : {
      "default-url" : "https://5aaa8d8dtrial-dev-aicap-srv.cfapps.us10-001.hana.ondemand.com",
      "default-app-name" : "AiCap-srv",
      "generated-password" : "********",
      "default-live-url" : "https://5aaa8d8dtrial-dev-aicap-srv.cfapps.us10-001.hana.ondemand.com",
      "default-uri" : "5aaa8d8dtrial-dev-aicap-srv.cfapps.us10-001.hana.ondemand.com",
      "default-instances" : 1,
      "default-live-host" : "5aaa8d8dtrial-dev-aicap-srv",
      "instances" : 1,
      "buildpack" : "nodejs_buildpack",
      "default-host" : "5aaa8d8dtrial-dev-aicap-srv",
      "app-name" : "AiCap-srv",
      "default-live-uri" : "5aaa8d8dtrial-dev-aicap-srv.cfapps.us10-001.hana.ondemand.com",
      "protocol" : "https",
      "default-live-app-name" : "AiCap-srv",
      "default-live-domain" : "cfapps.us10-001.hana.ondemand.com",
      "domain" : "cfapps.us10-001.hana.ondemand.com",
      "host" : "5aaa8d8dtrial-dev-aicap-srv",
      "generated-user" : "********"
    },
    "requiredDependencies" : [ {
      "majorSchemaVersion" : 3,
      "name" : "AiCap-db",
      "properties" : { },
      "parameters" : { },
      "propertiesMetadata" : {
        "metadata" : { }
      },
      "parametersMetadata" : {
        "metadata" : { }
      }
    } ],
    "providedDependencies" : [ {
      "majorSchemaVersion" : 3,
      "name" : "srv-api",
      "isPublic" : false,
      "properties" : {
        "srv-url" : "https://5aaa8d8dtrial-dev-aicap-srv.cfapps.us10-001.hana.ondemand.com"
      },
      "parameters" : { },
      "propertiesMetadata" : {
        "metadata" : { }
      },
      "parametersMetadata" : {
        "metadata" : { }
      }
    }, {
      "majorSchemaVersion" : 3,
      "name" : "AiCap-srv",
      "isPublic" : false,
      "properties" : { },
      "parameters" : { },
      "propertiesMetadata" : {
        "metadata" : { }
      },
      "parametersMetadata" : {
        "metadata" : { }
      }
    } ],
    "propertiesMetadata" : {
      "metadata" : { }
    },
    "parametersMetadata" : {
      "metadata" : { }
    },
    "hooks" : [ ]
  }, {
    "majorSchemaVersion" : 3,
    "name" : "AiCap-db-deployer",
    "type" : "com.sap.xs.hdi",
    "path" : "AiCap-db-deployer",
    "properties" : {
      "EXIT" : 1
    },
    "parameters" : {
      "default-url" : "https://5aaa8d8dtrial-dev-aicap-db-deployer.cfapps.us10-001.hana.ondemand.com",
      "default-app-name" : "AiCap-db-deployer",
      "generated-password" : "********",
      "default-live-url" : "https://5aaa8d8dtrial-dev-aicap-db-deployer.cfapps.us10-001.hana.ondemand.com",
      "default-uri" : "5aaa8d8dtrial-dev-aicap-db-deployer.cfapps.us10-001.hana.ondemand.com",
      "memory" : "256M",
      "default-instances" : 1,
      "no-route" : true,
      "default-live-host" : "5aaa8d8dtrial-dev-aicap-db-deployer",
      "instances" : 1,
      "buildpack" : "nodejs_buildpack",
      "default-host" : "5aaa8d8dtrial-dev-aicap-db-deployer",
      "app-name" : "AiCap-db-deployer",
      "default-live-uri" : "5aaa8d8dtrial-dev-aicap-db-deployer.cfapps.us10-001.hana.ondemand.com",
      "protocol" : "https",
      "default-live-app-name" : "AiCap-db-deployer",
      "default-live-domain" : "cfapps.us10-001.hana.ondemand.com",
      "dependency-type" : "hard",
      "domain" : "cfapps.us10-001.hana.ondemand.com",
      "host" : "5aaa8d8dtrial-dev-aicap-db-deployer",
      "generated-user" : "********",
      "tasks" : [ {
        "command" : "npm start",
        "memory" : "256M",
        "name" : "deploy"
      } ],
      "no-start" : true
    },
    "requiredDependencies" : [ {
      "majorSchemaVersion" : 3,
      "name" : "AiCap-db",
      "properties" : { },
      "parameters" : { },
      "propertiesMetadata" : {
        "metadata" : { }
      },
      "parametersMetadata" : {
        "metadata" : { }
      }
    } ],
    "providedDependencies" : [ {
      "majorSchemaVersion" : 3,
      "name" : "AiCap-db-deployer",
      "isPublic" : false,
      "properties" : { },
      "parameters" : { },
      "propertiesMetadata" : {
        "metadata" : { }
      },
      "parametersMetadata" : {
        "metadata" : { }
      }
    } ],
    "propertiesMetadata" : {
      "metadata" : { }
    },
    "parametersMetadata" : {
      "metadata" : { }
    },
    "hooks" : [ ]
  } ],
  "resources" : [ {
    "majorSchemaVersion" : 3,
    "name" : "AiCap-db",
    "type" : "com.sap.xs.hdi-container",
    "properties" : { },
    "parameters" : {
      "generated-password" : "********",
      "service-name" : "AiCap-db",
      "service-plan" : "hdi-shared",
      "service" : "hana",
      "generated-user" : "********",
      "default-xsappname" : "AiCap-db",
      "type" : "managed-service",
      "default-service-name" : "AiCap-db",
      "default-container-name" : "5AAA8D8DTRIAL_DEV_AICAP_DB"
    },
    "isActive" : true,
    "isOptional" : false,
    "propertiesMetadata" : {
      "metadata" : { }
    },
    "parametersMetadata" : {
      "metadata" : { }
    },
    "requiredDependencies" : [ ],
    "processedAfter" : [ ]
  } ],
  "parameters" : {
    "mta-id" : "AiCap",
    "authorization-url" : "********",
    "org-guid" : "cc2f7598-034a-422a-b46b-912aff1726b5",
    "org" : "5aaa8d8dtrial",
    "deploy-target" : "5aaa8d8dtrial dev",
    "enable-parallel-deployments" : true,
    "region-primary-domain" : "us10.hana.ondemand.com",
    "space" : "dev",
    "region-domain" : "us10-001.hana.ondemand.com",
    "xs-api-url" : "https://api.cf.us10-001.hana.ondemand.com",
    "deploy-url" : "deploy-service.cfapps.us10-001.hana.ondemand.com",
    "xs-type" : "CF",
    "default-domain" : "cfapps.us10-001.hana.ondemand.com",
    "mta-version" : "1.0.0",
    "xs-auth-url" : "********",
    "space-guid" : "aeb4407e-27ee-42fa-9b7c-bc76d021820d",
    "user" : "********",
    "controller-url" : "https://api.cf.us10-001.hana.ondemand.com",
    "timestamp" : "20260916101018"
  },
  "parametersMetadata" : {
    "metadata" : { }
  }
}#
#2026 09 16 10:10:30.173#Z#DEBUG#d1c92348-b1b6-11f1-bf33-eeee0a8e3dbc.OPERATION#flowable-async-job-executor-thread-15904#
[ProcessDescriptorStep] Merged descriptor properties and parameters resolved#
#2026 09 16 10:10:30.173#Z#DEBUG#d1c92348-b1b6-11f1-bf33-eeee0a8e3dbc.OPERATION#flowable-async-job-executor-thread-15904#
Step "Re-Process Descriptor Step" finished#
#2026 09 16 10:10:30.221#Z#DEBUG#d1c92348-b1b6-11f1-bf33-eeee0a8e3dbc.OPERATION#flowable-async-job-executor-thread-15904#
[BuildApplicationDeployModelStep] Executing task "buildApplicationDeployModelTask" of process "d890fa9a-b1b6-11f1-bf33-eeee0a8e3dbc"...#
#2026 09 16 10:10:30.224#Z#DEBUG#d1c92348-b1b6-11f1-bf33-eeee0a8e3dbc.OPERATION#flowable-async-job-executor-thread-15904#
[BuildApplicationDeployModelStep] Building cloud deployment model for application "AiCap-srv"...#
#2026 09 16 10:10:30.229#Z#DEBUG#d1c92348-b1b6-11f1-bf33-eeee0a8e3dbc.OPERATION#flowable-async-job-executor-thread-15904#
[BuildApplicationDeployModelStep] No health-check-type is specified. Setting default type: port#
#2026 09 16 10:10:30.230#Z#INFO#d1c92348-b1b6-11f1-bf33-eeee0a8e3dbc.OPERATION#flowable-async-job-executor-thread-15904#
[BuildApplicationDeployModelStep] Building configuration entries for org 5aaa8d8dtrial, space dev, spaceId aeb4407e-27ee-42fa-9b7c-bc76d021820d and namespace null!#
#2026 09 16 10:10:30.231#Z#DEBUG#d1c92348-b1b6-11f1-bf33-eeee0a8e3dbc.OPERATION#flowable-async-job-executor-thread-15904#
[BuildApplicationDeployModelStep] Configuration entries to publish: [ ]#
#2026 09 16 10:10:30.231#Z#DEBUG#d1c92348-b1b6-11f1-bf33-eeee0a8e3dbc.OPERATION#flowable-async-job-executor-thread-15904#
[BuildApplicationDeployModelStep] Cloud deployment model for application built#
#2026 09 16 10:10:30.231#Z#DEBUG#d1c92348-b1b6-11f1-bf33-eeee0a8e3dbc.OPERATION#flowable-async-job-executor-thread-15904#
Step "Build Application Deploy Model" finished#
#2026 09 16 10:10:30.273#Z#DEBUG#d1c92348-b1b6-11f1-bf33-eeee0a8e3dbc.OPERATION#flowable-async-job-executor-thread-15904#
[CreateOrUpdateAppStep] Executing task "createAppTask" of process "d890fa9a-b1b6-11f1-bf33-eeee0a8e3dbc"...#
#2026 09 16 10:10:30.275#Z#DEBUG#d1c92348-b1b6-11f1-bf33-eeee0a8e3dbc.OPERATION#flowable-async-job-executor-thread-15904#
[CreateOrUpdateAppStep] Getting application "AiCap-srv"...#
#2026 09 16 10:10:30.299#Z#INFO#d1c92348-b1b6-11f1-bf33-eeee0a8e3dbc.OPERATION#flowable-async-job-executor-thread-15904#
[CreateOrUpdateAppStep] Updating application "AiCap-srv"...#
#2026 09 16 10:10:30.304#Z#DEBUG#d1c92348-b1b6-11f1-bf33-eeee0a8e3dbc.OPERATION#flowable-async-job-executor-thread-15904#
[CreateOrUpdateAppStep] Getting process for application "75be55e4-f4e8-4a57-be2a-313bf42920d9"...#
#2026 09 16 10:10:30.338#Z#DEBUG#d1c92348-b1b6-11f1-bf33-eeee0a8e3dbc.OPERATION#flowable-async-job-executor-thread-15904#
[CreateOrUpdateAppStep] Getting routes for application "75be55e4-f4e8-4a57-be2a-313bf42920d9"...#
#2026 09 16 10:10:30.370#Z#DEBUG#d1c92348-b1b6-11f1-bf33-eeee0a8e3dbc.OPERATION#flowable-async-job-executor-thread-15904#
[CreateOrUpdateAppStep] Getting features for application "75be55e4-f4e8-4a57-be2a-313bf42920d9"#
#2026 09 16 10:10:30.392#Z#DEBUG#d1c92348-b1b6-11f1-bf33-eeee0a8e3dbc.OPERATION#flowable-async-job-executor-thread-15904#
[CreateOrUpdateAppStep] Updating staging of application "AiCap-srv" to: {
  "buildpacks" : [ "nodejs_buildpack" ],
  "healthCheckType" : "port",
  "appFeatures" : { }
}#
#2026 09 16 10:10:30.594#Z#DEBUG#d1c92348-b1b6-11f1-bf33-eeee0a8e3dbc.OPERATION#flowable-async-job-executor-thread-15904#
[CreateOrUpdateAppStep] Application "AiCap-srv" updated#
#2026 09 16 10:10:30.594#Z#DEBUG#d1c92348-b1b6-11f1-bf33-eeee0a8e3dbc.OPERATION#flowable-async-job-executor-thread-15904#
[CreateOrUpdateAppStep] Getting environment of application "75be55e4-f4e8-4a57-be2a-313bf42920d9"...#
#2026 09 16 10:10:30.649#Z#DEBUG#d1c92348-b1b6-11f1-bf33-eeee0a8e3dbc.OPERATION#flowable-async-job-executor-thread-15904#
[CreateOrUpdateAppStep] Application "AiCap-srv" updated#
#2026 09 16 10:10:30.649#Z#DEBUG#d1c92348-b1b6-11f1-bf33-eeee0a8e3dbc.OPERATION#flowable-async-job-executor-thread-15904#
Step "Create App" finished#
#2026 09 16 10:10:30.736#Z#DEBUG#d1c92348-b1b6-11f1-bf33-eeee0a8e3dbc.OPERATION#flowable-async-job-executor-thread-15904#
[CheckServiceBindingOperationStep] Executing task "checkForServiceBindingOperationInProgress" of process "d8f009f0-b1b6-11f1-bf33-eeee0a8e3dbc"...#
#2026 09 16 10:10:30.736#Z#DEBUG#d1c92348-b1b6-11f1-bf33-eeee0a8e3dbc.OPERATION#flowable-async-job-executor-thread-15904#
[CheckServiceBindingOperationStep] Checking for service binding operation in progress between app "AiCap-srv" and service instance "AiCap-db"#
#2026 09 16 10:10:30.737#Z#DEBUG#d1c92348-b1b6-11f1-bf33-eeee0a8e3dbc.OPERATION#flowable-async-job-executor-thread-15904#
[CheckServiceBindingOperationStep] Getting application guid "AiCap-srv"...#
#2026 09 16 10:10:30.767#Z#DEBUG#d1c92348-b1b6-11f1-bf33-eeee0a8e3dbc.OPERATION#flowable-async-job-executor-thread-15904#
[CheckServiceBindingOperationStep] Getting GUID of required service instance "AiCap-db"...#
#2026 09 16 10:10:30.799#Z#DEBUG#d1c92348-b1b6-11f1-bf33-eeee0a8e3dbc.OPERATION#flowable-async-job-executor-thread-15904#
[CheckServiceBindingOperationStep] Getting binding of service instance "d209dd11-106d-4850-a026-f16d5d49bab8" with application "75be55e4-f4e8-4a57-be2a-313bf42920d9"...#
#2026 09 16 10:10:30.823#Z#DEBUG#d1c92348-b1b6-11f1-bf33-eeee0a8e3dbc.OPERATION#flowable-async-job-executor-thread-15904#
Step "Check For Service Binding Operation In Progress" finished#
#2026 09 16 10:10:30.841#Z#DEBUG#d1c92348-b1b6-11f1-bf33-eeee0a8e3dbc.OPERATION#flowable-async-job-executor-thread-14041#
[ProcessDescriptorStep] Executing task "reprocessDescriptorTask" of process "d8fab925-b1b6-11f1-8fe4-eeee0a80bcf5"...#
#2026 09 16 10:10:30.842#Z#DEBUG#d1c92348-b1b6-11f1-bf33-eeee0a8e3dbc.OPERATION#flowable-async-job-executor-thread-14041#
[ProcessDescriptorStep] Resolving properties and parameters in merged descriptor...#
#2026 09 16 10:10:30.845#Z#DEBUG#d1c92348-b1b6-11f1-bf33-eeee0a8e3dbc.OPERATION#flowable-async-job-executor-thread-14041#
[ProcessDescriptorStep] Subscriptions: [ ]#
#2026 09 16 10:10:30.851#Z#DEBUG#d1c92348-b1b6-11f1-bf33-eeee0a8e3dbc.OPERATION#flowable-async-job-executor-thread-14041#
[ProcessDescriptorStep] MTA modules: [AiCap-db-deployer, AiCap-srv]#
#2026 09 16 10:10:30.854#Z#DEBUG#d1c92348-b1b6-11f1-bf33-eeee0a8e3dbc.OPERATION#flowable-async-job-executor-thread-14041#
[ProcessDescriptorStep] Resolved deployment descriptor: {
  "majorSchemaVersion" : 3,
  "schemaVersion" : "3.3.0",
  "id" : "AiCap",
  "version" : "1.0.0",
  "modules" : [ {
    "majorSchemaVersion" : 3,
    "name" : "AiCap-srv",
    "type" : "javascript.nodejs",
    "path" : "AiCap-srv",
    "properties" : { },
    "parameters" : {
      "default-url" : "https://5aaa8d8dtrial-dev-aicap-srv.cfapps.us10-001.hana.ondemand.com",
      "default-app-name" : "AiCap-srv",
      "generated-password" : "********",
      "default-live-url" : "https://5aaa8d8dtrial-dev-aicap-srv.cfapps.us10-001.hana.ondemand.com",
      "default-uri" : "5aaa8d8dtrial-dev-aicap-srv.cfapps.us10-001.hana.ondemand.com",
      "default-instances" : 1,
      "default-live-host" : "5aaa8d8dtrial-dev-aicap-srv",
      "instances" : 1,
      "buildpack" : "nodejs_buildpack",
      "default-host" : "5aaa8d8dtrial-dev-aicap-srv",
      "app-name" : "AiCap-srv",
      "default-live-uri" : "5aaa8d8dtrial-dev-aicap-srv.cfapps.us10-001.hana.ondemand.com",
      "protocol" : "https",
      "default-live-app-name" : "AiCap-srv",
      "default-live-domain" : "cfapps.us10-001.hana.ondemand.com",
      "domain" : "cfapps.us10-001.hana.ondemand.com",
      "host" : "5aaa8d8dtrial-dev-aicap-srv",
      "generated-user" : "********"
    },
    "requiredDependencies" : [ {
      "majorSchemaVersion" : 3,
      "name" : "AiCap-db",
      "properties" : { },
      "parameters" : { },
      "propertiesMetadata" : {
        "metadata" : { }
      },
      "parametersMetadata" : {
        "metadata" : { }
      }
    } ],
    "providedDependencies" : [ {
      "majorSchemaVersion" : 3,
      "name" : "srv-api",
      "isPublic" : false,
      "properties" : {
        "srv-url" : "https://5aaa8d8dtrial-dev-aicap-srv.cfapps.us10-001.hana.ondemand.com"
      },
      "parameters" : { },
      "propertiesMetadata" : {
        "metadata" : { }
      },
      "parametersMetadata" : {
        "metadata" : { }
      }
    }, {
      "majorSchemaVersion" : 3,
      "name" : "AiCap-srv",
      "isPublic" : false,
      "properties" : { },
      "parameters" : { },
      "propertiesMetadata" : {
        "metadata" : { }
      },
      "parametersMetadata" : {
        "metadata" : { }
      }
    } ],
    "propertiesMetadata" : {
      "metadata" : { }
    },
    "parametersMetadata" : {
      "metadata" : { }
    },
    "hooks" : [ ]
  }, {
    "majorSchemaVersion" : 3,
    "name" : "AiCap-db-deployer",
    "type" : "com.sap.xs.hdi",
    "path" : "AiCap-db-deployer",
    "properties" : {
      "EXIT" : 1
    },
    "parameters" : {
      "default-url" : "https://5aaa8d8dtrial-dev-aicap-db-deployer.cfapps.us10-001.hana.ondemand.com",
      "default-app-name" : "AiCap-db-deployer",
      "generated-password" : "********",
      "default-live-url" : "https://5aaa8d8dtrial-dev-aicap-db-deployer.cfapps.us10-001.hana.ondemand.com",
      "default-uri" : "5aaa8d8dtrial-dev-aicap-db-deployer.cfapps.us10-001.hana.ondemand.com",
      "memory" : "256M",
      "default-instances" : 1,
      "no-route" : true,
      "default-live-host" : "5aaa8d8dtrial-dev-aicap-db-deployer",
      "instances" : 1,
      "buildpack" : "nodejs_buildpack",
      "default-host" : "5aaa8d8dtrial-dev-aicap-db-deployer",
      "app-name" : "AiCap-db-deployer",
      "default-live-uri" : "5aaa8d8dtrial-dev-aicap-db-deployer.cfapps.us10-001.hana.ondemand.com",
      "protocol" : "https",
      "default-live-app-name" : "AiCap-db-deployer",
      "default-live-domain" : "cfapps.us10-001.hana.ondemand.com",
      "dependency-type" : "hard",
      "domain" : "cfapps.us10-001.hana.ondemand.com",
      "host" : "5aaa8d8dtrial-dev-aicap-db-deployer",
      "generated-user" : "********",
      "tasks" : [ {
        "command" : "npm start",
        "memory" : "256M",
        "name" : "deploy"
      } ],
      "no-start" : true
    },
    "requiredDependencies" : [ {
      "majorSchemaVersion" : 3,
      "name" : "AiCap-db",
      "properties" : { },
      "parameters" : { },
      "propertiesMetadata" : {
        "metadata" : { }
      },
      "parametersMetadata" : {
        "metadata" : { }
      }
    } ],
    "providedDependencies" : [ {
      "majorSchemaVersion" : 3,
      "name" : "AiCap-db-deployer",
      "isPublic" : false,
      "properties" : { },
      "parameters" : { },
      "propertiesMetadata" : {
        "metadata" : { }
      },
      "parametersMetadata" : {
        "metadata" : { }
      }
    } ],
    "propertiesMetadata" : {
      "metadata" : { }
    },
    "parametersMetadata" : {
      "metadata" : { }
    },
    "hooks" : [ ]
  } ],
  "resources" : [ {
    "majorSchemaVersion" : 3,
    "name" : "AiCap-db",
    "type" : "com.sap.xs.hdi-container",
    "properties" : { },
    "parameters" : {
      "generated-password" : "********",
      "service-name" : "AiCap-db",
      "service-plan" : "hdi-shared",
      "service" : "hana",
      "generated-user" : "********",
      "default-xsappname" : "AiCap-db",
      "type" : "managed-service",
      "default-service-name" : "AiCap-db",
      "default-container-name" : "5AAA8D8DTRIAL_DEV_AICAP_DB"
    },
    "isActive" : true,
    "isOptional" : false,
    "propertiesMetadata" : {
      "metadata" : { }
    },
    "parametersMetadata" : {
      "metadata" : { }
    },
    "requiredDependencies" : [ ],
    "processedAfter" : [ ]
  } ],
  "parameters" : {
    "mta-id" : "AiCap",
    "authorization-url" : "********",
    "org-guid" : "cc2f7598-034a-422a-b46b-912aff1726b5",
    "org" : "5aaa8d8dtrial",
    "deploy-target" : "5aaa8d8dtrial dev",
    "enable-parallel-deployments" : true,
    "region-primary-domain" : "us10.hana.ondemand.com",
    "space" : "dev",
    "region-domain" : "us10-001.hana.ondemand.com",
    "xs-api-url" : "https://api.cf.us10-001.hana.ondemand.com",
    "deploy-url" : "deploy-service.cfapps.us10-001.hana.ondemand.com",
    "xs-type" : "CF",
    "default-domain" : "cfapps.us10-001.hana.ondemand.com",
    "mta-version" : "1.0.0",
    "xs-auth-url" : "********",
    "space-guid" : "aeb4407e-27ee-42fa-9b7c-bc76d021820d",
    "user" : "********",
    "controller-url" : "https://api.cf.us10-001.hana.ondemand.com",
    "timestamp" : "20260916101018"
  },
  "parametersMetadata" : {
    "metadata" : { }
  }
}#
#2026 09 16 10:10:30.854#Z#DEBUG#d1c92348-b1b6-11f1-bf33-eeee0a8e3dbc.OPERATION#flowable-async-job-executor-thread-14041#
[ProcessDescriptorStep] Merged descriptor properties and parameters resolved#
#2026 09 16 10:10:30.854#Z#DEBUG#d1c92348-b1b6-11f1-bf33-eeee0a8e3dbc.OPERATION#flowable-async-job-executor-thread-14041#
Step "Re-Process Descriptor Step" finished#
#2026 09 16 10:10:30.854#Z#DEBUG#d1c92348-b1b6-11f1-bf33-eeee0a8e3dbc.OPERATION#flowable-async-job-executor-thread-15904#
[DetermineApplicationServiceBindingActionsStep] Executing task "determineApplicationServiceBindingActionsTask" of process "d8f009f0-b1b6-11f1-bf33-eeee0a8e3dbc"...#
#2026 09 16 10:10:30.855#Z#DEBUG#d1c92348-b1b6-11f1-bf33-eeee0a8e3dbc.OPERATION#flowable-async-job-executor-thread-15904#
[DetermineApplicationServiceBindingActionsStep] Determine bind/unbind operations of application "AiCap-srv" to service instance "AiCap-db"#
#2026 09 16 10:10:30.855#Z#DEBUG#d1c92348-b1b6-11f1-bf33-eeee0a8e3dbc.OPERATION#flowable-async-job-executor-thread-15904#
[DetermineApplicationServiceBindingActionsStep] Getting application "AiCap-srv"...#
#2026 09 16 10:10:30.885#Z#DEBUG#d1c92348-b1b6-11f1-bf33-eeee0a8e3dbc.OPERATION#flowable-async-job-executor-thread-15904#
[DetermineApplicationServiceBindingActionsStep] Binding parameters for application "AiCap-srv": { }#
#2026 09 16 10:10:30.902#Z#DEBUG#d1c92348-b1b6-11f1-bf33-eeee0a8e3dbc.OPERATION#flowable-async-job-executor-thread-15904#
[DetermineApplicationServiceBindingActionsStep] Calculated binding operations between application "AiCap-srv" and service instance "AiCap-db": unbind - false bind - true#
#2026 09 16 10:10:30.902#Z#DEBUG#d1c92348-b1b6-11f1-bf33-eeee0a8e3dbc.OPERATION#flowable-async-job-executor-thread-15904#
Step "Determine Application Service Binding Actions" finished#
#2026 09 16 10:10:30.888#Z#DEBUG#d1c92348-b1b6-11f1-bf33-eeee0a8e3dbc.OPERATION#flowable-async-job-executor-thread-14042#
[BuildApplicationDeployModelStep] Executing task "buildApplicationDeployModelTask" of process "d8fab925-b1b6-11f1-8fe4-eeee0a80bcf5"...#
#2026 09 16 10:10:30.890#Z#DEBUG#d1c92348-b1b6-11f1-bf33-eeee0a8e3dbc.OPERATION#flowable-async-job-executor-thread-14042#
[BuildApplicationDeployModelStep] Building cloud deployment model for application "AiCap-db-deployer"...#
#2026 09 16 10:10:30.945#Z#DEBUG#d1c92348-b1b6-11f1-bf33-eeee0a8e3dbc.OPERATION#flowable-async-job-executor-thread-14042#
[BuildApplicationDeployModelStep] No health-check-type is specified. Setting default type: port#
#2026 09 16 10:10:30.946#Z#INFO#d1c92348-b1b6-11f1-bf33-eeee0a8e3dbc.OPERATION#flowable-async-job-executor-thread-14042#
[BuildApplicationDeployModelStep] Building configuration entries for org 5aaa8d8dtrial, space dev, spaceId aeb4407e-27ee-42fa-9b7c-bc76d021820d and namespace null!#
#2026 09 16 10:10:30.947#Z#DEBUG#d1c92348-b1b6-11f1-bf33-eeee0a8e3dbc.OPERATION#flowable-async-job-executor-thread-14042#
[BuildApplicationDeployModelStep] Configuration entries to publish: [ ]#
#2026 09 16 10:10:30.947#Z#DEBUG#d1c92348-b1b6-11f1-bf33-eeee0a8e3dbc.OPERATION#flowable-async-job-executor-thread-14042#
[BuildApplicationDeployModelStep] Cloud deployment model for application built#
#2026 09 16 10:10:30.947#Z#DEBUG#d1c92348-b1b6-11f1-bf33-eeee0a8e3dbc.OPERATION#flowable-async-job-executor-thread-14042#
Step "Build Application Deploy Model" finished#
#2026 09 16 10:10:30.936#Z#DEBUG#d1c92348-b1b6-11f1-bf33-eeee0a8e3dbc.OPERATION#flowable-async-job-executor-thread-15904#
[BindServiceToApplicationStep] Executing task "bindServiceToApplicationTask" of process "d8f009f0-b1b6-11f1-bf33-eeee0a8e3dbc"...#
#2026 09 16 10:10:30.938#Z#INFO#d1c92348-b1b6-11f1-bf33-eeee0a8e3dbc.OPERATION#flowable-async-job-executor-thread-15904#
[BindServiceToApplicationStep] Binding service instance "AiCap-db" to application "AiCap-srv"...#
#2026 09 16 10:10:30.944#Z#DEBUG#d1c92348-b1b6-11f1-bf33-eeee0a8e3dbc.OPERATION#flowable-async-job-executor-thread-15904#
[BindServiceToApplicationStep] Binding service instance "AiCap-db" to application "AiCap-srv" with parameters: { }#
#2026 09 16 10:10:31.060#Z#DEBUG#d1c92348-b1b6-11f1-bf33-eeee0a8e3dbc.OPERATION#flowable-async-job-executor-thread-15904#
Step "Bind Service to Application" finished#
#2026 09 16 10:10:30.987#Z#DEBUG#d1c92348-b1b6-11f1-bf33-eeee0a8e3dbc.OPERATION#flowable-async-job-executor-thread-14043#
[CreateOrUpdateAppStep] Executing task "createAppTask" of process "d8fab925-b1b6-11f1-8fe4-eeee0a80bcf5"...#
#2026 09 16 10:10:30.990#Z#DEBUG#d1c92348-b1b6-11f1-bf33-eeee0a8e3dbc.OPERATION#flowable-async-job-executor-thread-14043#
[CreateOrUpdateAppStep] Getting application "AiCap-db-deployer"...#
#2026 09 16 10:10:31.028#Z#INFO#d1c92348-b1b6-11f1-bf33-eeee0a8e3dbc.OPERATION#flowable-async-job-executor-thread-14043#
[CreateOrUpdateAppStep] Updating application "AiCap-db-deployer"...#
#2026 09 16 10:10:31.036#Z#DEBUG#d1c92348-b1b6-11f1-bf33-eeee0a8e3dbc.OPERATION#flowable-async-job-executor-thread-14043#
[CreateOrUpdateAppStep] Getting process for application "dad81658-f021-4cc0-9bfc-3be4499c725a"...#
#2026 09 16 10:10:31.070#Z#DEBUG#d1c92348-b1b6-11f1-bf33-eeee0a8e3dbc.OPERATION#flowable-async-job-executor-thread-14043#
[CreateOrUpdateAppStep] Getting routes for application "dad81658-f021-4cc0-9bfc-3be4499c725a"...#
#2026 09 16 10:10:31.100#Z#DEBUG#d1c92348-b1b6-11f1-bf33-eeee0a8e3dbc.OPERATION#flowable-async-job-executor-thread-14043#
[CreateOrUpdateAppStep] Getting features for application "dad81658-f021-4cc0-9bfc-3be4499c725a"#
#2026 09 16 10:10:31.125#Z#DEBUG#d1c92348-b1b6-11f1-bf33-eeee0a8e3dbc.OPERATION#flowable-async-job-executor-thread-14043#
[CreateOrUpdateAppStep] Updating staging of application "AiCap-db-deployer" to: {
  "buildpacks" : [ "nodejs_buildpack" ],
  "healthCheckType" : "port",
  "appFeatures" : { }
}#
#2026 09 16 10:10:31.345#Z#DEBUG#d1c92348-b1b6-11f1-bf33-eeee0a8e3dbc.OPERATION#flowable-async-job-executor-thread-14043#
[CreateOrUpdateAppStep] Application "AiCap-db-deployer" updated#
#2026 09 16 10:10:31.345#Z#DEBUG#d1c92348-b1b6-11f1-bf33-eeee0a8e3dbc.OPERATION#flowable-async-job-executor-thread-14043#
[CreateOrUpdateAppStep] Getting environment of application "dad81658-f021-4cc0-9bfc-3be4499c725a"...#
#2026 09 16 10:10:31.404#Z#DEBUG#d1c92348-b1b6-11f1-bf33-eeee0a8e3dbc.OPERATION#flowable-async-job-executor-thread-14043#
[CreateOrUpdateAppStep] Application "AiCap-db-deployer" updated#
#2026 09 16 10:10:31.404#Z#DEBUG#d1c92348-b1b6-11f1-bf33-eeee0a8e3dbc.OPERATION#flowable-async-job-executor-thread-14043#
Step "Create App" finished#
#2026 09 16 10:10:31.493#Z#DEBUG#d1c92348-b1b6-11f1-bf33-eeee0a8e3dbc.OPERATION#flowable-async-job-executor-thread-14044#
[CheckServiceBindingOperationStep] Executing task "checkForServiceBindingOperationInProgress" of process "d9640199-b1b6-11f1-8fe4-eeee0a80bcf5"...#
#2026 09 16 10:10:31.493#Z#DEBUG#d1c92348-b1b6-11f1-bf33-eeee0a8e3dbc.OPERATION#flowable-async-job-executor-thread-14044#
[CheckServiceBindingOperationStep] Checking for service binding operation in progress between app "AiCap-db-deployer" and service instance "AiCap-db"#
#2026 09 16 10:10:31.494#Z#DEBUG#d1c92348-b1b6-11f1-bf33-eeee0a8e3dbc.OPERATION#flowable-async-job-executor-thread-14044#
[CheckServiceBindingOperationStep] Getting application guid "AiCap-db-deployer"...#
#2026 09 16 10:10:31.524#Z#DEBUG#d1c92348-b1b6-11f1-bf33-eeee0a8e3dbc.OPERATION#flowable-async-job-executor-thread-14044#
[CheckServiceBindingOperationStep] Getting GUID of required service instance "AiCap-db"...#
#2026 09 16 10:10:31.573#Z#DEBUG#d1c92348-b1b6-11f1-bf33-eeee0a8e3dbc.OPERATION#flowable-async-job-executor-thread-14044#
[CheckServiceBindingOperationStep] Getting binding of service instance "d209dd11-106d-4850-a026-f16d5d49bab8" with application "dad81658-f021-4cc0-9bfc-3be4499c725a"...#
#2026 09 16 10:10:31.596#Z#DEBUG#d1c92348-b1b6-11f1-bf33-eeee0a8e3dbc.OPERATION#flowable-async-job-executor-thread-14044#
Step "Check For Service Binding Operation In Progress" finished#
#2026 09 16 10:10:31.623#Z#DEBUG#d1c92348-b1b6-11f1-bf33-eeee0a8e3dbc.OPERATION#flowable-async-job-executor-thread-14044#
[DetermineApplicationServiceBindingActionsStep] Executing task "determineApplicationServiceBindingActionsTask" of process "d9640199-b1b6-11f1-8fe4-eeee0a80bcf5"...#
#2026 09 16 10:10:31.625#Z#DEBUG#d1c92348-b1b6-11f1-bf33-eeee0a8e3dbc.OPERATION#flowable-async-job-executor-thread-14044#
[DetermineApplicationServiceBindingActionsStep] Determine bind/unbind operations of application "AiCap-db-deployer" to service instance "AiCap-db"#
#2026 09 16 10:10:31.625#Z#DEBUG#d1c92348-b1b6-11f1-bf33-eeee0a8e3dbc.OPERATION#flowable-async-job-executor-thread-14044#
[DetermineApplicationServiceBindingActionsStep] Getting application "AiCap-db-deployer"...#
#2026 09 16 10:10:31.653#Z#DEBUG#d1c92348-b1b6-11f1-bf33-eeee0a8e3dbc.OPERATION#flowable-async-job-executor-thread-14044#
[DetermineApplicationServiceBindingActionsStep] Binding parameters for application "AiCap-db-deployer": { }#
#2026 09 16 10:10:31.669#Z#DEBUG#d1c92348-b1b6-11f1-bf33-eeee0a8e3dbc.OPERATION#flowable-async-job-executor-thread-14044#
[DetermineApplicationServiceBindingActionsStep] Calculated binding operations between application "AiCap-db-deployer" and service instance "AiCap-db": unbind - false bind - true#
#2026 09 16 10:10:31.669#Z#DEBUG#d1c92348-b1b6-11f1-bf33-eeee0a8e3dbc.OPERATION#flowable-async-job-executor-thread-14044#
Step "Determine Application Service Binding Actions" finished#
#2026 09 16 10:10:31.704#Z#DEBUG#d1c92348-b1b6-11f1-bf33-eeee0a8e3dbc.OPERATION#flowable-async-job-executor-thread-14044#
[BindServiceToApplicationStep] Executing task "bindServiceToApplicationTask" of process "d9640199-b1b6-11f1-8fe4-eeee0a80bcf5"...#
#2026 09 16 10:10:31.706#Z#INFO#d1c92348-b1b6-11f1-bf33-eeee0a8e3dbc.OPERATION#flowable-async-job-executor-thread-14044#
[BindServiceToApplicationStep] Binding service instance "AiCap-db" to application "AiCap-db-deployer"...#
#2026 09 16 10:10:31.712#Z#DEBUG#d1c92348-b1b6-11f1-bf33-eeee0a8e3dbc.OPERATION#flowable-async-job-executor-thread-14044#
[BindServiceToApplicationStep] Binding service instance "AiCap-db" to application "AiCap-db-deployer" with parameters: { }#
#2026 09 16 10:10:31.827#Z#DEBUG#d1c92348-b1b6-11f1-bf33-eeee0a8e3dbc.OPERATION#flowable-async-job-executor-thread-14044#
Step "Bind Service to Application" finished#
#2026 09 16 10:10:39.566#Z#DEBUG#d1c92348-b1b6-11f1-bf33-eeee0a8e3dbc.OPERATION#flowable-async-job-executor-thread-14048#
[BindServiceToApplicationStep] Executing task "bindServiceToApplicationTask" of process "d8f009f0-b1b6-11f1-bf33-eeee0a8e3dbc"...#
#2026 09 16 10:10:39.568#Z#DEBUG#d1c92348-b1b6-11f1-bf33-eeee0a8e3dbc.OPERATION#flowable-async-job-executor-thread-14048#
[BindServiceToApplicationStep] Getting async job "60956b8d-651e-4a70-b82d-bc8faa16847c"#
#2026 09 16 10:10:39.569#Z#DEBUG#d1c92348-b1b6-11f1-bf33-eeee0a8e3dbc.OPERATION#flowable-async-job-executor-thread-14050#
[BindServiceToApplicationStep] Executing task "bindServiceToApplicationTask" of process "d9640199-b1b6-11f1-8fe4-eeee0a80bcf5"...#
#2026 09 16 10:10:39.570#Z#DEBUG#d1c92348-b1b6-11f1-bf33-eeee0a8e3dbc.OPERATION#flowable-async-job-executor-thread-14050#
[BindServiceToApplicationStep] Getting async job "8597de4e-f52e-429c-98b6-a95c179d3cde"#
#2026 09 16 10:10:39.599#Z#DEBUG#d1c92348-b1b6-11f1-bf33-eeee0a8e3dbc.OPERATION#flowable-async-job-executor-thread-14048#
[BindServiceToApplicationStep] Getting service instance "AiCap-db"...#
#2026 09 16 10:10:39.599#Z#DEBUG#d1c92348-b1b6-11f1-bf33-eeee0a8e3dbc.OPERATION#flowable-async-job-executor-thread-14050#
[BindServiceToApplicationStep] Getting service instance "AiCap-db"...#
#2026 09 16 10:10:39.692#Z#DEBUG#d1c92348-b1b6-11f1-bf33-eeee0a8e3dbc.OPERATION#flowable-async-job-executor-thread-14050#
[BindServiceToApplicationStep] Async service binding operation with id "8597de4e-f52e-429c-98b6-a95c179d3cde" finished#
#2026 09 16 10:10:39.701#Z#DEBUG#d1c92348-b1b6-11f1-bf33-eeee0a8e3dbc.OPERATION#flowable-async-job-executor-thread-14050#
Step "Bind Service to Application" finished#
#2026 09 16 10:10:39.702#Z#DEBUG#d1c92348-b1b6-11f1-bf33-eeee0a8e3dbc.OPERATION#flowable-async-job-executor-thread-14048#
[BindServiceToApplicationStep] Async service binding operation with id "60956b8d-651e-4a70-b82d-bc8faa16847c" finished#
#2026 09 16 10:10:39.705#Z#DEBUG#d1c92348-b1b6-11f1-bf33-eeee0a8e3dbc.OPERATION#flowable-async-job-executor-thread-14048#
Step "Bind Service to Application" finished#
#2026 09 16 10:10:40.024#Z#DEBUG#d1c92348-b1b6-11f1-bf33-eeee0a8e3dbc.OPERATION#flowable-async-job-executor-thread-14048#
[DetermineVcapServicesPropertiesChangedStep] Executing task "determineVcapServicesPropertiesChangedTask" of process "de7686f7-b1b6-11f1-8fe4-eeee0a80bcf5"...#
#2026 09 16 10:10:40.025#Z#DEBUG#d1c92348-b1b6-11f1-bf33-eeee0a8e3dbc.OPERATION#flowable-async-job-executor-thread-14050#
[DetermineVcapServicesPropertiesChangedStep] Executing task "determineVcapServicesPropertiesChangedTask" of process "de76fc2b-b1b6-11f1-8fe4-eeee0a80bcf5"...#
#2026 09 16 10:10:40.026#Z#DEBUG#d1c92348-b1b6-11f1-bf33-eeee0a8e3dbc.OPERATION#flowable-async-job-executor-thread-14048#
[DetermineVcapServicesPropertiesChangedStep] VCAP_SERVICES properties for application "AiCap-srv" changed: true#
#2026 09 16 10:10:40.026#Z#DEBUG#d1c92348-b1b6-11f1-bf33-eeee0a8e3dbc.OPERATION#flowable-async-job-executor-thread-14048#
Step "Determine vcap services properties changed" finished#
#2026 09 16 10:10:40.027#Z#DEBUG#d1c92348-b1b6-11f1-bf33-eeee0a8e3dbc.OPERATION#flowable-async-job-executor-thread-14050#
[DetermineVcapServicesPropertiesChangedStep] VCAP_SERVICES properties for application "AiCap-db-deployer" changed: true#
#2026 09 16 10:10:40.027#Z#DEBUG#d1c92348-b1b6-11f1-bf33-eeee0a8e3dbc.OPERATION#flowable-async-job-executor-thread-14050#
Step "Determine vcap services properties changed" finished#
#2026 09 16 10:10:40.060#Z#DEBUG#d1c92348-b1b6-11f1-bf33-eeee0a8e3dbc.OPERATION#flowable-async-job-executor-thread-14046#
[UploadAppStep] Executing task "uploadAppTask" of process "de7686f7-b1b6-11f1-8fe4-eeee0a80bcf5"...#
#2026 09 16 10:10:40.061#Z#DEBUG#d1c92348-b1b6-11f1-bf33-eeee0a8e3dbc.OPERATION#flowable-async-job-executor-thread-14046#
[UploadAppStep] Application upload timeout is default one: 3,600 seconds#
#2026 09 16 10:10:40.061#Z#INFO#d1c92348-b1b6-11f1-bf33-eeee0a8e3dbc.OPERATION#flowable-async-job-executor-thread-14046#
[UploadAppStep] Uploading application "AiCap-srv"...#
#2026 09 16 10:10:40.061#Z#DEBUG#d1c92348-b1b6-11f1-bf33-eeee0a8e3dbc.OPERATION#flowable-async-job-executor-thread-14050#
[UploadAppStep] Executing task "uploadAppTask" of process "de76fc2b-b1b6-11f1-8fe4-eeee0a80bcf5"...#
#2026 09 16 10:10:40.062#Z#DEBUG#d1c92348-b1b6-11f1-bf33-eeee0a8e3dbc.OPERATION#flowable-async-job-executor-thread-14050#
[UploadAppStep] Application upload timeout is default one: 3,600 seconds#
#2026 09 16 10:10:40.062#Z#INFO#d1c92348-b1b6-11f1-bf33-eeee0a8e3dbc.OPERATION#flowable-async-job-executor-thread-14050#
[UploadAppStep] Uploading application "AiCap-db-deployer"...#
#2026 09 16 10:10:40.066#Z#DEBUG#d1c92348-b1b6-11f1-bf33-eeee0a8e3dbc.OPERATION#flowable-async-job-executor-thread-14046#
[UploadAppStep] Getting application "AiCap-srv"...#
#2026 09 16 10:10:40.067#Z#DEBUG#d1c92348-b1b6-11f1-bf33-eeee0a8e3dbc.OPERATION#flowable-async-job-executor-thread-14050#
[UploadAppStep] Getting application "AiCap-db-deployer"...#
#2026 09 16 10:10:40.100#Z#DEBUG#d1c92348-b1b6-11f1-bf33-eeee0a8e3dbc.OPERATION#flowable-async-job-executor-thread-14046#
[UploadAppStep] Getting environment of application "75be55e4-f4e8-4a57-be2a-313bf42920d9"...#
#2026 09 16 10:10:40.105#Z#DEBUG#d1c92348-b1b6-11f1-bf33-eeee0a8e3dbc.OPERATION#flowable-async-job-executor-thread-14050#
[UploadAppStep] Getting environment of application "dad81658-f021-4cc0-9bfc-3be4499c725a"...#
#2026 09 16 10:10:40.133#Z#INFO#d1c92348-b1b6-11f1-bf33-eeee0a8e3dbc.OPERATION#flowable-async-job-executor-thread-14046#
[UploadAppStep] Calculating application digest: "AiCap-srv"#
#2026 09 16 10:10:40.137#Z#INFO#d1c92348-b1b6-11f1-bf33-eeee0a8e3dbc.OPERATION#flowable-async-job-executor-thread-14050#
[UploadAppStep] Calculating application digest: "AiCap-db-deployer"#
#2026 09 16 10:10:40.311#Z#DEBUG#d1c92348-b1b6-11f1-bf33-eeee0a8e3dbc.OPERATION#flowable-async-job-executor-thread-14046#
Step "Upload App" finished#
#2026 09 16 10:10:40.313#Z#DEBUG#d1c92348-b1b6-11f1-bf33-eeee0a8e3dbc.OPERATION#flowable-async-job-executor-thread-14050#
Step "Upload App" finished#
#2026 09 16 10:10:49.586#Z#DEBUG#d1c92348-b1b6-11f1-bf33-eeee0a8e3dbc.OPERATION#flowable-async-job-executor-thread-15919#
[UploadAppStep] Executing task "uploadAppTask" of process "de76fc2b-b1b6-11f1-8fe4-eeee0a80bcf5"...#
#2026 09 16 10:10:49.588#Z#DEBUG#d1c92348-b1b6-11f1-bf33-eeee0a8e3dbc.OPERATION#flowable-async-job-executor-thread-15919#
[UploadAppStep] Application upload timeout is default one: 3,600 seconds#
#2026 09 16 10:10:49.591#Z#DEBUG#d1c92348-b1b6-11f1-bf33-eeee0a8e3dbc.OPERATION#pool-14-thread-6#
[UploadAppStep] Upload of application: AiCap-db-deployer started on instance: 1#
#2026 09 16 10:10:49.591#Z#DEBUG#d1c92348-b1b6-11f1-bf33-eeee0a8e3dbc.OPERATION#pool-14-thread-6#
[UploadAppStep] Uploading file "AiCap-db-deployer/data.zip" for application "AiCap-db-deployer"#
#2026 09 16 10:10:49.602#Z#DEBUG#d1c92348-b1b6-11f1-bf33-eeee0a8e3dbc.OPERATION#flowable-async-job-executor-thread-15920#
[UploadAppStep] Executing task "uploadAppTask" of process "de7686f7-b1b6-11f1-8fe4-eeee0a80bcf5"...#
#2026 09 16 10:10:49.604#Z#DEBUG#d1c92348-b1b6-11f1-bf33-eeee0a8e3dbc.OPERATION#flowable-async-job-executor-thread-15920#
[UploadAppStep] Application upload timeout is default one: 3,600 seconds#
#2026 09 16 10:10:49.607#Z#DEBUG#d1c92348-b1b6-11f1-bf33-eeee0a8e3dbc.OPERATION#pool-14-thread-5#
[UploadAppStep] Upload of application: AiCap-srv started on instance: 1#
#2026 09 16 10:10:49.607#Z#DEBUG#d1c92348-b1b6-11f1-bf33-eeee0a8e3dbc.OPERATION#pool-14-thread-5#
[UploadAppStep] Uploading file "AiCap-srv/data.zip" for application "AiCap-srv"#
#2026 09 16 10:10:49.695#Z#INFO#d1c92348-b1b6-11f1-bf33-eeee0a8e3dbc.OPERATION#pool-14-thread-6#
[UploadAppStep] Time elapsed for app binary download: 104 in millis#
#2026 09 16 10:10:49.695#Z#INFO#d1c92348-b1b6-11f1-bf33-eeee0a8e3dbc.OPERATION#pool-14-thread-6#
[UploadAppStep] Size of app AiCap-db-deployer is 2,446,580 bytes#
#2026 09 16 10:10:49.695#Z#DEBUG#d1c92348-b1b6-11f1-bf33-eeee0a8e3dbc.OPERATION#pool-14-thread-6#
[UploadAppStep] Asynchronously uploading binaries for application "AiCap-db-deployer"...#
#2026 09 16 10:10:49.784#Z#INFO#d1c92348-b1b6-11f1-bf33-eeee0a8e3dbc.OPERATION#pool-14-thread-5#
[UploadAppStep] Time elapsed for app binary download: 177 in millis#
#2026 09 16 10:10:49.784#Z#INFO#d1c92348-b1b6-11f1-bf33-eeee0a8e3dbc.OPERATION#pool-14-thread-5#
[UploadAppStep] Size of app AiCap-srv is 7,597,408 bytes#
#2026 09 16 10:10:49.784#Z#DEBUG#d1c92348-b1b6-11f1-bf33-eeee0a8e3dbc.OPERATION#pool-14-thread-5#
[UploadAppStep] Asynchronously uploading binaries for application "AiCap-srv"...#
#2026 09 16 10:10:49.917#Z#INFO#d1c92348-b1b6-11f1-bf33-eeee0a8e3dbc.OPERATION#pool-14-thread-6#
[UploadAppStep] Started async upload of application "AiCap-db-deployer"#
#2026 09 16 10:10:49.929#Z#INFO#d1c92348-b1b6-11f1-bf33-eeee0a8e3dbc.OPERATION#flowable-async-job-executor-thread-15919#
[UploadAppStep] Time elapsed for upload: 340 in millis#
#2026 09 16 10:10:49.929#Z#DEBUG#d1c92348-b1b6-11f1-bf33-eeee0a8e3dbc.OPERATION#flowable-async-job-executor-thread-15919#
[UploadAppStep] Getting application "AiCap-db-deployer"...#
#2026 09 16 10:10:49.952#Z#DEBUG#d1c92348-b1b6-11f1-bf33-eeee0a8e3dbc.OPERATION#App upload monitor: bec1929c-b3fb-4a53-bcd0-e1c77d691fcb#
[UploadAppStep] Upload status: PROCESSING_UPLOAD#
#2026 09 16 10:10:49.958#Z#DEBUG#d1c92348-b1b6-11f1-bf33-eeee0a8e3dbc.OPERATION#flowable-async-job-executor-thread-15919#
[UploadAppStep] Getting environment of application "dad81658-f021-4cc0-9bfc-3be4499c725a"...#
#2026 09 16 10:10:49.987#Z#DEBUG#d1c92348-b1b6-11f1-bf33-eeee0a8e3dbc.OPERATION#flowable-async-job-executor-thread-15919#
[UploadAppStep] Updating environment of application "AiCap-db-deployer"#
#2026 09 16 10:10:50.071#Z#INFO#d1c92348-b1b6-11f1-bf33-eeee0a8e3dbc.OPERATION#pool-14-thread-5#
[UploadAppStep] Started async upload of application "AiCap-srv"#
#2026 09 16 10:10:50.074#Z#DEBUG#d1c92348-b1b6-11f1-bf33-eeee0a8e3dbc.OPERATION#flowable-async-job-executor-thread-15919#
Step "Upload App" finished#
#2026 09 16 10:10:50.077#Z#INFO#d1c92348-b1b6-11f1-bf33-eeee0a8e3dbc.OPERATION#flowable-async-job-executor-thread-15920#
[UploadAppStep] Time elapsed for upload: 472 in millis#
#2026 09 16 10:10:50.077#Z#DEBUG#d1c92348-b1b6-11f1-bf33-eeee0a8e3dbc.OPERATION#flowable-async-job-executor-thread-15920#
[UploadAppStep] Getting application "AiCap-srv"...#
#2026 09 16 10:10:50.097#Z#DEBUG#d1c92348-b1b6-11f1-bf33-eeee0a8e3dbc.OPERATION#App upload monitor: 55e7f73f-6693-445e-938f-ac7420e4454a#
[UploadAppStep] Upload status: PROCESSING_UPLOAD#
#2026 09 16 10:10:50.107#Z#DEBUG#d1c92348-b1b6-11f1-bf33-eeee0a8e3dbc.OPERATION#flowable-async-job-executor-thread-15920#
[UploadAppStep] Getting environment of application "75be55e4-f4e8-4a57-be2a-313bf42920d9"...#
#2026 09 16 10:10:50.137#Z#DEBUG#d1c92348-b1b6-11f1-bf33-eeee0a8e3dbc.OPERATION#flowable-async-job-executor-thread-15920#
[UploadAppStep] Updating environment of application "AiCap-srv"#
#2026 09 16 10:10:50.224#Z#DEBUG#d1c92348-b1b6-11f1-bf33-eeee0a8e3dbc.OPERATION#flowable-async-job-executor-thread-15920#
Step "Upload App" finished#
#2026 09 16 10:10:59.654#Z#DEBUG#d1c92348-b1b6-11f1-bf33-eeee0a8e3dbc.OPERATION#flowable-async-job-executor-thread-14064#
[UploadAppStep] Executing task "uploadAppTask" of process "de7686f7-b1b6-11f1-8fe4-eeee0a80bcf5"...#
#2026 09 16 10:10:59.656#Z#DEBUG#d1c92348-b1b6-11f1-bf33-eeee0a8e3dbc.OPERATION#flowable-async-job-executor-thread-14064#
[UploadAppStep] Application upload timeout is default one: 3,600 seconds#
#2026 09 16 10:10:59.656#Z#DEBUG#d1c92348-b1b6-11f1-bf33-eeee0a8e3dbc.OPERATION#flowable-async-job-executor-thread-14064#
[UploadAppStep] Checking upload status of application "AiCap-srv"...#
#2026 09 16 10:10:59.658#Z#DEBUG#d1c92348-b1b6-11f1-bf33-eeee0a8e3dbc.OPERATION#flowable-async-job-executor-thread-14064#
[UploadAppStep] Getting package "55e7f73f-6693-445e-938f-ac7420e4454a"...#
#2026 09 16 10:10:59.685#Z#DEBUG#d1c92348-b1b6-11f1-bf33-eeee0a8e3dbc.OPERATION#flowable-async-job-executor-thread-14064#
[UploadAppStep] Application "AiCap-srv" uploaded#
#2026 09 16 10:10:59.687#Z#DEBUG#d1c92348-b1b6-11f1-bf33-eeee0a8e3dbc.OPERATION#flowable-async-job-executor-thread-14064#
Step "Upload App" finished#
#2026 09 16 10:10:59.643#Z#DEBUG#d1c92348-b1b6-11f1-bf33-eeee0a8e3dbc.OPERATION#flowable-async-job-executor-thread-13098#
[UploadAppStep] Executing task "uploadAppTask" of process "de76fc2b-b1b6-11f1-8fe4-eeee0a80bcf5"...#
#2026 09 16 10:10:59.644#Z#DEBUG#d1c92348-b1b6-11f1-bf33-eeee0a8e3dbc.OPERATION#flowable-async-job-executor-thread-13098#
[UploadAppStep] Application upload timeout is default one: 3,600 seconds#
#2026 09 16 10:10:59.644#Z#DEBUG#d1c92348-b1b6-11f1-bf33-eeee0a8e3dbc.OPERATION#flowable-async-job-executor-thread-13098#
[UploadAppStep] Checking upload status of application "AiCap-db-deployer"...#
#2026 09 16 10:10:59.709#Z#DEBUG#d1c92348-b1b6-11f1-bf33-eeee0a8e3dbc.OPERATION#flowable-async-job-executor-thread-13098#
[UploadAppStep] Getting package "bec1929c-b3fb-4a53-bcd0-e1c77d691fcb"...#
#2026 09 16 10:10:59.752#Z#DEBUG#d1c92348-b1b6-11f1-bf33-eeee0a8e3dbc.OPERATION#flowable-async-job-executor-thread-13098#
[UploadAppStep] Application "AiCap-db-deployer" uploaded#
#2026 09 16 10:10:59.755#Z#DEBUG#d1c92348-b1b6-11f1-bf33-eeee0a8e3dbc.OPERATION#flowable-async-job-executor-thread-13098#
Step "Upload App" finished#
#2026 09 16 10:10:59.730#Z#DEBUG#d1c92348-b1b6-11f1-bf33-eeee0a8e3dbc.OPERATION#flowable-async-job-executor-thread-14064#
[ScaleAppStep] Executing task "scaleAppTask" of process "de7686f7-b1b6-11f1-8fe4-eeee0a80bcf5"...#
#2026 09 16 10:10:59.734#Z#DEBUG#d1c92348-b1b6-11f1-bf33-eeee0a8e3dbc.OPERATION#flowable-async-job-executor-thread-14064#
[ScaleAppStep] Scaling application "AiCap-srv"...#
#2026 09 16 10:10:59.734#Z#DEBUG#d1c92348-b1b6-11f1-bf33-eeee0a8e3dbc.OPERATION#flowable-async-job-executor-thread-14064#
[ScaleAppStep] Getting application guid "AiCap-srv"...#
#2026 09 16 10:10:59.758#Z#DEBUG#d1c92348-b1b6-11f1-bf33-eeee0a8e3dbc.OPERATION#flowable-async-job-executor-thread-14064#
[ScaleAppStep] Getting process for application "75be55e4-f4e8-4a57-be2a-313bf42920d9"...#
#2026 09 16 10:10:59.789#Z#DEBUG#d1c92348-b1b6-11f1-bf33-eeee0a8e3dbc.OPERATION#flowable-async-job-executor-thread-14064#
[ScaleAppStep] Application "AiCap-srv" scaled#
#2026 09 16 10:10:59.789#Z#DEBUG#d1c92348-b1b6-11f1-bf33-eeee0a8e3dbc.OPERATION#flowable-async-job-executor-thread-14064#
Step "Scale App" finished#
#2026 09 16 10:10:59.794#Z#DEBUG#d1c92348-b1b6-11f1-bf33-eeee0a8e3dbc.OPERATION#flowable-async-job-executor-thread-13098#
[ScaleAppStep] Executing task "scaleAppTask" of process "de76fc2b-b1b6-11f1-8fe4-eeee0a80bcf5"...#
#2026 09 16 10:10:59.797#Z#DEBUG#d1c92348-b1b6-11f1-bf33-eeee0a8e3dbc.OPERATION#flowable-async-job-executor-thread-13098#
[ScaleAppStep] Scaling application "AiCap-db-deployer"...#
#2026 09 16 10:10:59.797#Z#DEBUG#d1c92348-b1b6-11f1-bf33-eeee0a8e3dbc.OPERATION#flowable-async-job-executor-thread-13098#
[ScaleAppStep] Getting application guid "AiCap-db-deployer"...#
#2026 09 16 10:10:59.826#Z#DEBUG#d1c92348-b1b6-11f1-bf33-eeee0a8e3dbc.OPERATION#flowable-async-job-executor-thread-13098#
[ScaleAppStep] Getting process for application "dad81658-f021-4cc0-9bfc-3be4499c725a"...#
#2026 09 16 10:10:59.883#Z#DEBUG#d1c92348-b1b6-11f1-bf33-eeee0a8e3dbc.OPERATION#flowable-async-job-executor-thread-13098#
[ScaleAppStep] Application "AiCap-db-deployer" scaled#
#2026 09 16 10:10:59.883#Z#DEBUG#d1c92348-b1b6-11f1-bf33-eeee0a8e3dbc.OPERATION#flowable-async-job-executor-thread-13098#
Step "Scale App" finished#
#2026 09 16 10:10:59.831#Z#DEBUG#d1c92348-b1b6-11f1-bf33-eeee0a8e3dbc.OPERATION#flowable-async-job-executor-thread-14064#
[DetermineDesiredStateAchievingActionsStep] Executing task "determineDesiredStateAchievingActionsTask" of process "de7686f7-b1b6-11f1-8fe4-eeee0a80bcf5"...#
#2026 09 16 10:10:59.834#Z#DEBUG#d1c92348-b1b6-11f1-bf33-eeee0a8e3dbc.OPERATION#flowable-async-job-executor-thread-14064#
[DetermineDesiredStateAchievingActionsStep] Getting application "AiCap-srv"...#
#2026 09 16 10:10:59.865#Z#DEBUG#d1c92348-b1b6-11f1-bf33-eeee0a8e3dbc.OPERATION#flowable-async-job-executor-thread-14064#
[DetermineDesiredStateAchievingActionsStep] Getting instances for application "AiCap-srv"...#
#2026 09 16 10:10:59.915#Z#DEBUG#d1c92348-b1b6-11f1-bf33-eeee0a8e3dbc.OPERATION#flowable-async-job-executor-thread-14064#
[DetermineDesiredStateAchievingActionsStep] Getting environment of application "75be55e4-f4e8-4a57-be2a-313bf42920d9"...#
#2026 09 16 10:10:59.948#Z#DEBUG#d1c92348-b1b6-11f1-bf33-eeee0a8e3dbc.OPERATION#flowable-async-job-executor-thread-14064#
[DetermineDesiredStateAchievingActionsStep] Current state of application AiCap-srv: INCONSISTENT#
#2026 09 16 10:10:59.948#Z#DEBUG#d1c92348-b1b6-11f1-bf33-eeee0a8e3dbc.OPERATION#flowable-async-job-executor-thread-14064#
[DetermineDesiredStateAchievingActionsStep] Desired state of application AiCap-srv: STARTED#
#2026 09 16 10:10:59.949#Z#DEBUG#d1c92348-b1b6-11f1-bf33-eeee0a8e3dbc.OPERATION#flowable-async-job-executor-thread-14064#
[DetermineDesiredStateAchievingActionsStep] Actions that should be executed on application AiCap-srv: [STOP, STAGE, START]#
#2026 09 16 10:10:59.949#Z#DEBUG#d1c92348-b1b6-11f1-bf33-eeee0a8e3dbc.OPERATION#flowable-async-job-executor-thread-14064#
Step "Determine Desired State Achieving Actions" finished#
#2026 09 16 10:10:59.914#Z#DEBUG#d1c92348-b1b6-11f1-bf33-eeee0a8e3dbc.OPERATION#flowable-async-job-executor-thread-13101#
[DetermineDesiredStateAchievingActionsStep] Executing task "determineDesiredStateAchievingActionsTask" of process "de76fc2b-b1b6-11f1-8fe4-eeee0a80bcf5"...#
#2026 09 16 10:10:59.916#Z#DEBUG#d1c92348-b1b6-11f1-bf33-eeee0a8e3dbc.OPERATION#flowable-async-job-executor-thread-13101#
[DetermineDesiredStateAchievingActionsStep] Getting application "AiCap-db-deployer"...#
#2026 09 16 10:10:59.946#Z#DEBUG#d1c92348-b1b6-11f1-bf33-eeee0a8e3dbc.OPERATION#flowable-async-job-executor-thread-13101#
[DetermineDesiredStateAchievingActionsStep] Getting instances for application "AiCap-db-deployer"...#
#2026 09 16 10:10:59.946#Z#DEBUG#d1c92348-b1b6-11f1-bf33-eeee0a8e3dbc.OPERATION#flowable-async-job-executor-thread-13101#
[DetermineDesiredStateAchievingActionsStep] Getting environment of application "dad81658-f021-4cc0-9bfc-3be4499c725a"...#
#2026 09 16 10:10:59.978#Z#DEBUG#d1c92348-b1b6-11f1-bf33-eeee0a8e3dbc.OPERATION#flowable-async-job-executor-thread-13101#
[DetermineDesiredStateAchievingActionsStep] Current state of application AiCap-db-deployer: STOPPED#
#2026 09 16 10:10:59.978#Z#DEBUG#d1c92348-b1b6-11f1-bf33-eeee0a8e3dbc.OPERATION#flowable-async-job-executor-thread-13101#
[DetermineDesiredStateAchievingActionsStep] Desired state of application AiCap-db-deployer: STOPPED#
#2026 09 16 10:10:59.978#Z#DEBUG#d1c92348-b1b6-11f1-bf33-eeee0a8e3dbc.OPERATION#flowable-async-job-executor-thread-13101#
[DetermineDesiredStateAchievingActionsStep] Actions that should be executed on application AiCap-db-deployer: [STAGE]#
#2026 09 16 10:10:59.978#Z#DEBUG#d1c92348-b1b6-11f1-bf33-eeee0a8e3dbc.OPERATION#flowable-async-job-executor-thread-13101#
Step "Determine Desired State Achieving Actions" finished#
#2026 09 16 10:10:59.987#Z#DEBUG#d1c92348-b1b6-11f1-bf33-eeee0a8e3dbc.OPERATION#flowable-async-job-executor-thread-14064#
[StopAppStep] Executing task "stopAppTask" of process "de7686f7-b1b6-11f1-8fe4-eeee0a80bcf5"...#
#2026 09 16 10:10:59.991#Z#INFO#d1c92348-b1b6-11f1-bf33-eeee0a8e3dbc.OPERATION#flowable-async-job-executor-thread-14064#
[StopAppStep] Stopping application "AiCap-srv"...#
#2026 09 16 10:10:59.996#Z#DEBUG#d1c92348-b1b6-11f1-bf33-eeee0a8e3dbc.OPERATION#flowable-async-job-executor-thread-14064#
[StopAppStep] Stopping application "AiCap-srv"...#
#2026 09 16 10:11:00.173#Z#DEBUG#d1c92348-b1b6-11f1-bf33-eeee0a8e3dbc.OPERATION#flowable-async-job-executor-thread-14064#
[StopAppStep] Application "AiCap-srv" stopped#
#2026 09 16 10:11:00.174#Z#DEBUG#d1c92348-b1b6-11f1-bf33-eeee0a8e3dbc.OPERATION#flowable-async-job-executor-thread-14064#
[StopAppStep] Getting environment of application "75be55e4-f4e8-4a57-be2a-313bf42920d9"...#
#2026 09 16 10:11:00.210#Z#DEBUG#d1c92348-b1b6-11f1-bf33-eeee0a8e3dbc.OPERATION#flowable-async-job-executor-thread-14064#
Step "Stop App" finished#
#2026 09 16 10:11:00.021#Z#DEBUG#d1c92348-b1b6-11f1-bf33-eeee0a8e3dbc.OPERATION#flowable-async-job-executor-thread-13102#
[StageAppStep] Executing task "stageAppTask" of process "de76fc2b-b1b6-11f1-8fe4-eeee0a80bcf5"...#
#2026 09 16 10:11:00.035#Z#DEBUG#d1c92348-b1b6-11f1-bf33-eeee0a8e3dbc.OPERATION#flowable-async-job-executor-thread-13102#
[StageAppStep] Application stage timeout is default one: 3,600 seconds#
#2026 09 16 10:11:00.037#Z#INFO#d1c92348-b1b6-11f1-bf33-eeee0a8e3dbc.OPERATION#flowable-async-job-executor-thread-13102#
[StageAppStep] Staging application "AiCap-db-deployer"...#
#2026 09 16 10:11:00.042#Z#DEBUG#d1c92348-b1b6-11f1-bf33-eeee0a8e3dbc.OPERATION#flowable-async-job-executor-thread-13102#
[StageAppStep] Creating build for package "bec1929c-b3fb-4a53-bcd0-e1c77d691fcb"...#
#2026 09 16 10:11:00.482#Z#DEBUG#d1c92348-b1b6-11f1-bf33-eeee0a8e3dbc.OPERATION#flowable-async-job-executor-thread-13102#
Step "Stage App" finished#
#2026 09 16 10:11:00.261#Z#DEBUG#d1c92348-b1b6-11f1-bf33-eeee0a8e3dbc.OPERATION#flowable-async-job-executor-thread-14064#
[StageAppStep] Executing task "stageAppTask" of process "ea8820ff-b1b6-11f1-8fe4-eeee0a80bcf5"...#
#2026 09 16 10:11:00.262#Z#DEBUG#d1c92348-b1b6-11f1-bf33-eeee0a8e3dbc.OPERATION#flowable-async-job-executor-thread-14064#
[StageAppStep] Application stage timeout is default one: 3,600 seconds#
#2026 09 16 10:11:00.264#Z#INFO#d1c92348-b1b6-11f1-bf33-eeee0a8e3dbc.OPERATION#flowable-async-job-executor-thread-14064#
[StageAppStep] Staging application "AiCap-srv"...#
#2026 09 16 10:11:00.269#Z#DEBUG#d1c92348-b1b6-11f1-bf33-eeee0a8e3dbc.OPERATION#flowable-async-job-executor-thread-14064#
[StageAppStep] Creating build for package "55e7f73f-6693-445e-938f-ac7420e4454a"...#
#2026 09 16 10:11:00.680#Z#DEBUG#d1c92348-b1b6-11f1-bf33-eeee0a8e3dbc.OPERATION#flowable-async-job-executor-thread-14064#
Step "Stage App" finished#
#2026 09 16 10:11:09.694#Z#DEBUG#d1c92348-b1b6-11f1-bf33-eeee0a8e3dbc.OPERATION#flowable-async-job-executor-thread-15938#
[StageAppStep] Executing task "stageAppTask" of process "de76fc2b-b1b6-11f1-8fe4-eeee0a80bcf5"...#
#2026 09 16 10:11:09.695#Z#DEBUG#d1c92348-b1b6-11f1-bf33-eeee0a8e3dbc.OPERATION#flowable-async-job-executor-thread-15938#
[StageAppStep] Application stage timeout is default one: 3,600 seconds#
#2026 09 16 10:11:09.696#Z#DEBUG#d1c92348-b1b6-11f1-bf33-eeee0a8e3dbc.OPERATION#flowable-async-job-executor-thread-15938#
[StageAppStep] Checking status of application "AiCap-db-deployer"...#
#2026 09 16 10:11:09.696#Z#DEBUG#d1c92348-b1b6-11f1-bf33-eeee0a8e3dbc.OPERATION#flowable-async-job-executor-thread-15938#
[StageAppStep] Getting build "0cf020c8-fad5-4be7-9f8f-0096ebefbf90"...#
#2026 09 16 10:11:09.727#Z#DEBUG#d1c92348-b1b6-11f1-bf33-eeee0a8e3dbc.OPERATION#flowable-async-job-executor-thread-15938#
[StageAppStep] Staging status of application "AiCap-db-deployer": PENDING#
#2026 09 16 10:11:09.728#Z#DEBUG#d1c92348-b1b6-11f1-bf33-eeee0a8e3dbc.OPERATION#flowable-async-job-executor-thread-15938#
[StageAppStep] Getting application guid "AiCap-db-deployer"...#
#2026 09 16 10:11:09.815#Z#DEBUG#d1c92348-b1b6-11f1-bf33-eeee0a8e3dbc.OPERATION#flowable-async-job-executor-thread-15938#
Step "Stage App" finished#
#2026 09 16 10:11:09.692#Z#DEBUG#d1c92348-b1b6-11f1-bf33-eeee0a8e3dbc.OPERATION#flowable-async-job-executor-thread-13103#
[StageAppStep] Executing task "stageAppTask" of process "ea8820ff-b1b6-11f1-8fe4-eeee0a80bcf5"...#
#2026 09 16 10:11:09.693#Z#DEBUG#d1c92348-b1b6-11f1-bf33-eeee0a8e3dbc.OPERATION#flowable-async-job-executor-thread-13103#
[StageAppStep] Application stage timeout is default one: 3,600 seconds#
#2026 09 16 10:11:09.694#Z#DEBUG#d1c92348-b1b6-11f1-bf33-eeee0a8e3dbc.OPERATION#flowable-async-job-executor-thread-13103#
[StageAppStep] Checking status of application "AiCap-srv"...#
#2026 09 16 10:11:09.694#Z#DEBUG#d1c92348-b1b6-11f1-bf33-eeee0a8e3dbc.OPERATION#flowable-async-job-executor-thread-13103#
[StageAppStep] Getting build "525ac279-e750-42d2-bd0a-19664530153d"...#
#2026 09 16 10:11:09.729#Z#DEBUG#d1c92348-b1b6-11f1-bf33-eeee0a8e3dbc.OPERATION#flowable-async-job-executor-thread-13103#
[StageAppStep] Staging status of application "AiCap-srv": PENDING#
#2026 09 16 10:11:09.730#Z#DEBUG#d1c92348-b1b6-11f1-bf33-eeee0a8e3dbc.OPERATION#flowable-async-job-executor-thread-13103#
[StageAppStep] Getting application guid "AiCap-srv"...#
#2026 09 16 10:11:09.828#Z#DEBUG#d1c92348-b1b6-11f1-bf33-eeee0a8e3dbc.OPERATION#flowable-async-job-executor-thread-13103#
Step "Stage App" finished#
#2026 09 16 10:11:19.781#Z#DEBUG#d1c92348-b1b6-11f1-bf33-eeee0a8e3dbc.OPERATION#flowable-async-job-executor-thread-15948#
[StageAppStep] Executing task "stageAppTask" of process "de76fc2b-b1b6-11f1-8fe4-eeee0a80bcf5"...#
#2026 09 16 10:11:19.783#Z#DEBUG#d1c92348-b1b6-11f1-bf33-eeee0a8e3dbc.OPERATION#flowable-async-job-executor-thread-15948#
[StageAppStep] Application stage timeout is default one: 3,600 seconds#
#2026 09 16 10:11:19.784#Z#DEBUG#d1c92348-b1b6-11f1-bf33-eeee0a8e3dbc.OPERATION#flowable-async-job-executor-thread-15948#
[StageAppStep] Checking status of application "AiCap-db-deployer"...#
#2026 09 16 10:11:19.784#Z#DEBUG#d1c92348-b1b6-11f1-bf33-eeee0a8e3dbc.OPERATION#flowable-async-job-executor-thread-15948#
[StageAppStep] Getting build "0cf020c8-fad5-4be7-9f8f-0096ebefbf90"...#
#2026 09 16 10:11:19.802#Z#DEBUG#d1c92348-b1b6-11f1-bf33-eeee0a8e3dbc.OPERATION#flowable-async-job-executor-thread-15943#
[StageAppStep] Executing task "stageAppTask" of process "ea8820ff-b1b6-11f1-8fe4-eeee0a80bcf5"...#
#2026 09 16 10:11:19.803#Z#DEBUG#d1c92348-b1b6-11f1-bf33-eeee0a8e3dbc.OPERATION#flowable-async-job-executor-thread-15943#
[StageAppStep] Application stage timeout is default one: 3,600 seconds#
#2026 09 16 10:11:19.804#Z#DEBUG#d1c92348-b1b6-11f1-bf33-eeee0a8e3dbc.OPERATION#flowable-async-job-executor-thread-15943#
[StageAppStep] Checking status of application "AiCap-srv"...#
#2026 09 16 10:11:19.804#Z#DEBUG#d1c92348-b1b6-11f1-bf33-eeee0a8e3dbc.OPERATION#flowable-async-job-executor-thread-15943#
[StageAppStep] Getting build "525ac279-e750-42d2-bd0a-19664530153d"...#
#2026 09 16 10:11:19.811#Z#DEBUG#d1c92348-b1b6-11f1-bf33-eeee0a8e3dbc.OPERATION#flowable-async-job-executor-thread-15948#
[StageAppStep] Staging status of application "AiCap-db-deployer": PENDING#
#2026 09 16 10:11:19.812#Z#DEBUG#d1c92348-b1b6-11f1-bf33-eeee0a8e3dbc.OPERATION#flowable-async-job-executor-thread-15948#
[StageAppStep] Getting application guid "AiCap-db-deployer"...#
#2026 09 16 10:11:19.832#Z#DEBUG#d1c92348-b1b6-11f1-bf33-eeee0a8e3dbc.OPERATION#flowable-async-job-executor-thread-15943#
[StageAppStep] Staging status of application "AiCap-srv": PENDING#
#2026 09 16 10:11:19.833#Z#DEBUG#d1c92348-b1b6-11f1-bf33-eeee0a8e3dbc.OPERATION#flowable-async-job-executor-thread-15943#
[StageAppStep] Getting application guid "AiCap-srv"...#
#2026 09 16 10:11:19.902#Z#DEBUG#d1c92348-b1b6-11f1-bf33-eeee0a8e3dbc.OPERATION#flowable-async-job-executor-thread-15948#
Step "Stage App" finished#
#2026 09 16 10:11:19.918#Z#DEBUG#d1c92348-b1b6-11f1-bf33-eeee0a8e3dbc.OPERATION#flowable-async-job-executor-thread-15943#
Step "Stage App" finished#
#2026 09 16 10:11:30.154#Z#DEBUG#d1c92348-b1b6-11f1-bf33-eeee0a8e3dbc.OPERATION#flowable-async-job-executor-thread-13112#
[StageAppStep] Executing task "stageAppTask" of process "ea8820ff-b1b6-11f1-8fe4-eeee0a80bcf5"...#
#2026 09 16 10:11:30.156#Z#DEBUG#d1c92348-b1b6-11f1-bf33-eeee0a8e3dbc.OPERATION#flowable-async-job-executor-thread-13112#
[StageAppStep] Application stage timeout is default one: 3,600 seconds#
#2026 09 16 10:11:30.157#Z#DEBUG#d1c92348-b1b6-11f1-bf33-eeee0a8e3dbc.OPERATION#flowable-async-job-executor-thread-13112#
[StageAppStep] Checking status of application "AiCap-srv"...#
#2026 09 16 10:11:30.157#Z#DEBUG#d1c92348-b1b6-11f1-bf33-eeee0a8e3dbc.OPERATION#flowable-async-job-executor-thread-13112#
[StageAppStep] Getting build "525ac279-e750-42d2-bd0a-19664530153d"...#
#2026 09 16 10:11:30.185#Z#DEBUG#d1c92348-b1b6-11f1-bf33-eeee0a8e3dbc.OPERATION#flowable-async-job-executor-thread-13112#
[StageAppStep] Staging status of application "AiCap-srv": STAGED#
#2026 09 16 10:11:30.187#Z#DEBUG#d1c92348-b1b6-11f1-bf33-eeee0a8e3dbc.OPERATION#flowable-async-job-executor-thread-13112#
[StageAppStep] Getting application guid "AiCap-srv"...#
#2026 09 16 10:11:30.281#Z#DEBUG#d1c92348-b1b6-11f1-bf33-eeee0a8e3dbc.OPERATION#flowable-async-job-executor-thread-13112#
[StageAppStep] Getting build "525ac279-e750-42d2-bd0a-19664530153d"...#
#2026 09 16 10:11:30.309#Z#DEBUG#d1c92348-b1b6-11f1-bf33-eeee0a8e3dbc.OPERATION#flowable-async-job-executor-thread-13112#
[StageAppStep] Binding droplet "ef2028ef-2ca3-4885-a81c-a581d6bb9c35" to application "75be55e4-f4e8-4a57-be2a-313bf42920d9"...#
#2026 09 16 10:11:30.354#Z#INFO#d1c92348-b1b6-11f1-bf33-eeee0a8e3dbc.OPERATION#flowable-async-job-executor-thread-13112#
[StageAppStep] Application "AiCap-srv" staged#
#2026 09 16 10:11:30.361#Z#DEBUG#d1c92348-b1b6-11f1-bf33-eeee0a8e3dbc.OPERATION#flowable-async-job-executor-thread-13112#
Step "Stage App" finished#
#2026 09 16 10:11:29.927#Z#DEBUG#d1c92348-b1b6-11f1-bf33-eeee0a8e3dbc.OPERATION#flowable-async-job-executor-thread-14077#
[StageAppStep] Executing task "stageAppTask" of process "de76fc2b-b1b6-11f1-8fe4-eeee0a80bcf5"...#
#2026 09 16 10:11:29.928#Z#DEBUG#d1c92348-b1b6-11f1-bf33-eeee0a8e3dbc.OPERATION#flowable-async-job-executor-thread-14077#
[StageAppStep] Application stage timeout is default one: 3,600 seconds#
#2026 09 16 10:11:29.930#Z#DEBUG#d1c92348-b1b6-11f1-bf33-eeee0a8e3dbc.OPERATION#flowable-async-job-executor-thread-14077#
[StageAppStep] Checking status of application "AiCap-db-deployer"...#
#2026 09 16 10:11:29.930#Z#DEBUG#d1c92348-b1b6-11f1-bf33-eeee0a8e3dbc.OPERATION#flowable-async-job-executor-thread-14077#
[StageAppStep] Getting build "0cf020c8-fad5-4be7-9f8f-0096ebefbf90"...#
#2026 09 16 10:11:29.970#Z#DEBUG#d1c92348-b1b6-11f1-bf33-eeee0a8e3dbc.OPERATION#flowable-async-job-executor-thread-14077#
[StageAppStep] Staging status of application "AiCap-db-deployer": PENDING#
#2026 09 16 10:11:29.972#Z#DEBUG#d1c92348-b1b6-11f1-bf33-eeee0a8e3dbc.OPERATION#flowable-async-job-executor-thread-14077#
[StageAppStep] Getting application guid "AiCap-db-deployer"...#
#2026 09 16 10:11:30.522#Z#DEBUG#d1c92348-b1b6-11f1-bf33-eeee0a8e3dbc.OPERATION#flowable-async-job-executor-thread-14077#
Step "Stage App" finished#
#2026 09 16 10:11:30.405#Z#DEBUG#d1c92348-b1b6-11f1-bf33-eeee0a8e3dbc.OPERATION#flowable-async-job-executor-thread-13112#
[RestartAppStep] Executing task "startAppTask" of process "ea8820ff-b1b6-11f1-8fe4-eeee0a80bcf5"...#
#2026 09 16 10:11:30.408#Z#DEBUG#d1c92348-b1b6-11f1-bf33-eeee0a8e3dbc.OPERATION#flowable-async-job-executor-thread-13112#
[RestartAppStep] Application start timeout is default one: 3,600 seconds#
#2026 09 16 10:11:30.418#Z#DEBUG#d1c92348-b1b6-11f1-bf33-eeee0a8e3dbc.OPERATION#flowable-async-job-executor-thread-13112#
[RestartAppStep] Getting application "AiCap-srv"...#
#2026 09 16 10:11:30.450#Z#INFO#d1c92348-b1b6-11f1-bf33-eeee0a8e3dbc.OPERATION#flowable-async-job-executor-thread-13112#
[RestartAppStep] Starting application "AiCap-srv"...#
#2026 09 16 10:11:30.455#Z#DEBUG#d1c92348-b1b6-11f1-bf33-eeee0a8e3dbc.OPERATION#flowable-async-job-executor-thread-13112#
[RestartAppStep] Starting application "AiCap-srv"...#
#2026 09 16 10:11:30.711#Z#DEBUG#d1c92348-b1b6-11f1-bf33-eeee0a8e3dbc.OPERATION#flowable-async-job-executor-thread-13112#
Step "Start App" finished#
#2026 09 16 10:11:40.143#Z#DEBUG#d1c92348-b1b6-11f1-bf33-eeee0a8e3dbc.OPERATION#flowable-async-job-executor-thread-13126#
[RestartAppStep] Executing task "startAppTask" of process "fcb6aaf7-b1b6-11f1-9a6f-eeee0a885f50"...#
#2026 09 16 10:11:40.145#Z#DEBUG#d1c92348-b1b6-11f1-bf33-eeee0a8e3dbc.OPERATION#flowable-async-job-executor-thread-13126#
[RestartAppStep] Application start timeout is default one: 3,600 seconds#
#2026 09 16 10:11:40.146#Z#DEBUG#d1c92348-b1b6-11f1-bf33-eeee0a8e3dbc.OPERATION#flowable-async-job-executor-thread-13126#
[RestartAppStep] Checking status of application "AiCap-srv"...#
#2026 09 16 10:11:40.146#Z#DEBUG#d1c92348-b1b6-11f1-bf33-eeee0a8e3dbc.OPERATION#flowable-async-job-executor-thread-13126#
[RestartAppStep] Getting application "AiCap-srv"...#
#2026 09 16 10:11:40.171#Z#DEBUG#d1c92348-b1b6-11f1-bf33-eeee0a8e3dbc.OPERATION#flowable-async-job-executor-thread-13126#
[RestartAppStep] Getting instances for application "AiCap-srv"...#
#2026 09 16 10:11:40.214#Z#DEBUG#d1c92348-b1b6-11f1-bf33-eeee0a8e3dbc.OPERATION#flowable-async-job-executor-thread-13126#
[RestartAppStep] Application "AiCap-srv": 0 of 1 instances running (1 starting)#
#2026 09 16 10:11:40.287#Z#DEBUG#d1c92348-b1b6-11f1-bf33-eeee0a8e3dbc.OPERATION#flowable-async-job-executor-thread-13126#
Step "Start App" finished#
#2026 09 16 10:11:40.103#Z#DEBUG#d1c92348-b1b6-11f1-bf33-eeee0a8e3dbc.OPERATION#flowable-async-job-executor-thread-15965#
[StageAppStep] Executing task "stageAppTask" of process "de76fc2b-b1b6-11f1-8fe4-eeee0a80bcf5"...#
#2026 09 16 10:11:40.104#Z#DEBUG#d1c92348-b1b6-11f1-bf33-eeee0a8e3dbc.OPERATION#flowable-async-job-executor-thread-15965#
[StageAppStep] Application stage timeout is default one: 3,600 seconds#
#2026 09 16 10:11:40.107#Z#DEBUG#d1c92348-b1b6-11f1-bf33-eeee0a8e3dbc.OPERATION#flowable-async-job-executor-thread-15965#
[StageAppStep] Checking status of application "AiCap-db-deployer"...#
#2026 09 16 10:11:40.107#Z#DEBUG#d1c92348-b1b6-11f1-bf33-eeee0a8e3dbc.OPERATION#flowable-async-job-executor-thread-15965#
[StageAppStep] Getting build "0cf020c8-fad5-4be7-9f8f-0096ebefbf90"...#
#2026 09 16 10:11:40.146#Z#DEBUG#d1c92348-b1b6-11f1-bf33-eeee0a8e3dbc.OPERATION#flowable-async-job-executor-thread-15965#
[StageAppStep] Staging status of application "AiCap-db-deployer": STAGED#
#2026 09 16 10:11:40.147#Z#DEBUG#d1c92348-b1b6-11f1-bf33-eeee0a8e3dbc.OPERATION#flowable-async-job-executor-thread-15965#
[StageAppStep] Getting application guid "AiCap-db-deployer"...#
#2026 09 16 10:11:40.230#Z#DEBUG#d1c92348-b1b6-11f1-bf33-eeee0a8e3dbc.OPERATION#flowable-async-job-executor-thread-15965#
[StageAppStep] Getting build "0cf020c8-fad5-4be7-9f8f-0096ebefbf90"...#
#2026 09 16 10:11:40.262#Z#DEBUG#d1c92348-b1b6-11f1-bf33-eeee0a8e3dbc.OPERATION#flowable-async-job-executor-thread-15965#
[StageAppStep] Binding droplet "216fdb94-0ed1-4b4d-ae0f-c2dbd28e6d17" to application "dad81658-f021-4cc0-9bfc-3be4499c725a"...#
#2026 09 16 10:11:40.315#Z#INFO#d1c92348-b1b6-11f1-bf33-eeee0a8e3dbc.OPERATION#flowable-async-job-executor-thread-15965#
[StageAppStep] Application "AiCap-db-deployer" staged#
#2026 09 16 10:11:40.326#Z#DEBUG#d1c92348-b1b6-11f1-bf33-eeee0a8e3dbc.OPERATION#flowable-async-job-executor-thread-15965#
Step "Stage App" finished#
#2026 09 16 10:11:40.438#Z#DEBUG#d1c92348-b1b6-11f1-bf33-eeee0a8e3dbc.OPERATION#flowable-async-job-executor-thread-15965#
[PrepareToExecuteTasksStep] Executing task "prepareToExecuteTasksTask" of process "027b918f-b1b7-11f1-bf33-eeee0a8e3dbc"...#
#2026 09 16 10:11:40.440#Z#DEBUG#d1c92348-b1b6-11f1-bf33-eeee0a8e3dbc.OPERATION#flowable-async-job-executor-thread-15965#
Step "Prepare To Execute Tasks" finished#
#2026 09 16 10:11:40.474#Z#DEBUG#d1c92348-b1b6-11f1-bf33-eeee0a8e3dbc.OPERATION#flowable-async-job-executor-thread-15965#
[ExecuteTaskStep] Executing task "executeTaskTask" of process "027b918f-b1b7-11f1-bf33-eeee0a8e3dbc"...#
#2026 09 16 10:11:40.475#Z#DEBUG#d1c92348-b1b6-11f1-bf33-eeee0a8e3dbc.OPERATION#flowable-async-job-executor-thread-15965#
[ExecuteTaskStep] Application task execution timeout is default one: 43,200 seconds#
#2026 09 16 10:11:40.476#Z#INFO#d1c92348-b1b6-11f1-bf33-eeee0a8e3dbc.OPERATION#flowable-async-job-executor-thread-15965#
[ExecuteTaskStep] Executing task "deploy" on application "AiCap-db-deployer"...#
#2026 09 16 10:11:40.481#Z#DEBUG#d1c92348-b1b6-11f1-bf33-eeee0a8e3dbc.OPERATION#flowable-async-job-executor-thread-15965#
[ExecuteTaskStep] Running task on application "AiCap-db-deployer": {
  "name" : "deploy",
  "command" : "npm start",
  "limits" : {
    "memory" : 256
  }
}#
#2026 09 16 10:11:40.799#Z#DEBUG#d1c92348-b1b6-11f1-bf33-eeee0a8e3dbc.OPERATION#flowable-async-job-executor-thread-15965#
Step "Execute Task" finished#
#2026 09 16 10:11:50.219#Z#DEBUG#d1c92348-b1b6-11f1-bf33-eeee0a8e3dbc.OPERATION#flowable-async-job-executor-thread-15967#
[RestartAppStep] Executing task "startAppTask" of process "026bda0a-b1b7-11f1-9a6f-eeee0a885f50"...#
#2026 09 16 10:11:50.221#Z#DEBUG#d1c92348-b1b6-11f1-bf33-eeee0a8e3dbc.OPERATION#flowable-async-job-executor-thread-15967#
[RestartAppStep] Application start timeout is default one: 3,600 seconds#
#2026 09 16 10:11:50.223#Z#DEBUG#d1c92348-b1b6-11f1-bf33-eeee0a8e3dbc.OPERATION#flowable-async-job-executor-thread-15967#
[RestartAppStep] Checking status of application "AiCap-srv"...#
#2026 09 16 10:11:50.224#Z#DEBUG#d1c92348-b1b6-11f1-bf33-eeee0a8e3dbc.OPERATION#flowable-async-job-executor-thread-15967#
[RestartAppStep] Getting instances for application "AiCap-srv"...#
#2026 09 16 10:11:50.260#Z#DEBUG#d1c92348-b1b6-11f1-bf33-eeee0a8e3dbc.OPERATION#flowable-async-job-executor-thread-15967#
[RestartAppStep] Application "AiCap-srv": 0 of 1 instances running (1 starting)#
#2026 09 16 10:11:50.351#Z#DEBUG#d1c92348-b1b6-11f1-bf33-eeee0a8e3dbc.OPERATION#flowable-async-job-executor-thread-15967#
Step "Start App" finished#
#2026 09 16 10:11:50.250#Z#DEBUG#d1c92348-b1b6-11f1-bf33-eeee0a8e3dbc.OPERATION#flowable-async-job-executor-thread-14102#
[ExecuteTaskStep] Executing task "executeTaskTask" of process "027b918f-b1b7-11f1-bf33-eeee0a8e3dbc"...#
#2026 09 16 10:11:50.252#Z#DEBUG#d1c92348-b1b6-11f1-bf33-eeee0a8e3dbc.OPERATION#flowable-async-job-executor-thread-14102#
[ExecuteTaskStep] Application task execution timeout is default one: 43,200 seconds#
#2026 09 16 10:11:50.255#Z#DEBUG#d1c92348-b1b6-11f1-bf33-eeee0a8e3dbc.OPERATION#flowable-async-job-executor-thread-14102#
[ExecuteTaskStep] Getting task "da9910e4-4183-45bc-9349-f2b2f5725cf3"...#
#2026 09 16 10:11:50.282#Z#DEBUG#d1c92348-b1b6-11f1-bf33-eeee0a8e3dbc.OPERATION#flowable-async-job-executor-thread-14102#
[ExecuteTaskStep] Task execution status: running#
#2026 09 16 10:11:50.283#Z#DEBUG#d1c92348-b1b6-11f1-bf33-eeee0a8e3dbc.OPERATION#flowable-async-job-executor-thread-14102#
[ExecuteTaskStep] Getting application guid "AiCap-db-deployer"...#
#2026 09 16 10:11:50.397#Z#DEBUG#d1c92348-b1b6-11f1-bf33-eeee0a8e3dbc.OPERATION#flowable-async-job-executor-thread-14102#
Step "Execute Task" finished#
#2026 09 16 10:12:00.350#Z#DEBUG#d1c92348-b1b6-11f1-bf33-eeee0a8e3dbc.OPERATION#flowable-async-job-executor-thread-13137#
[RestartAppStep] Executing task "startAppTask" of process "086b7edb-b1b7-11f1-bf33-eeee0a8e3dbc"...#
#2026 09 16 10:12:00.356#Z#DEBUG#d1c92348-b1b6-11f1-bf33-eeee0a8e3dbc.OPERATION#flowable-async-job-executor-thread-13137#
[RestartAppStep] Application start timeout is default one: 3,600 seconds#
#2026 09 16 10:12:00.358#Z#DEBUG#d1c92348-b1b6-11f1-bf33-eeee0a8e3dbc.OPERATION#flowable-async-job-executor-thread-13137#
[RestartAppStep] Checking status of application "AiCap-srv"...#
#2026 09 16 10:12:00.359#Z#DEBUG#d1c92348-b1b6-11f1-bf33-eeee0a8e3dbc.OPERATION#flowable-async-job-executor-thread-13137#
[RestartAppStep] Getting instances for application "AiCap-srv"...#
#2026 09 16 10:12:00.415#Z#DEBUG#d1c92348-b1b6-11f1-bf33-eeee0a8e3dbc.OPERATION#flowable-async-job-executor-thread-13137#
[RestartAppStep] Application "AiCap-srv": 0 of 1 instances running (1 starting)#
#2026 09 16 10:12:00.460#Z#DEBUG#d1c92348-b1b6-11f1-bf33-eeee0a8e3dbc.OPERATION#flowable-async-job-executor-thread-13137#
Step "Start App" finished#
#2026 09 16 10:12:00.310#Z#DEBUG#d1c92348-b1b6-11f1-bf33-eeee0a8e3dbc.OPERATION#flowable-async-job-executor-thread-15980#
[ExecuteTaskStep] Executing task "executeTaskTask" of process "027b918f-b1b7-11f1-bf33-eeee0a8e3dbc"...#
#2026 09 16 10:12:00.314#Z#DEBUG#d1c92348-b1b6-11f1-bf33-eeee0a8e3dbc.OPERATION#flowable-async-job-executor-thread-15980#
[ExecuteTaskStep] Application task execution timeout is default one: 43,200 seconds#
#2026 09 16 10:12:00.317#Z#DEBUG#d1c92348-b1b6-11f1-bf33-eeee0a8e3dbc.OPERATION#flowable-async-job-executor-thread-15980#
[ExecuteTaskStep] Getting task "da9910e4-4183-45bc-9349-f2b2f5725cf3"...#
#2026 09 16 10:12:00.348#Z#DEBUG#d1c92348-b1b6-11f1-bf33-eeee0a8e3dbc.OPERATION#flowable-async-job-executor-thread-15980#
[ExecuteTaskStep] Task execution status: succeeded#
#2026 09 16 10:12:00.354#Z#DEBUG#d1c92348-b1b6-11f1-bf33-eeee0a8e3dbc.OPERATION#flowable-async-job-executor-thread-15980#
[ExecuteTaskStep] Getting application guid "AiCap-db-deployer"...#
#2026 09 16 10:12:00.482#Z#DEBUG#d1c92348-b1b6-11f1-bf33-eeee0a8e3dbc.OPERATION#flowable-async-job-executor-thread-15980#
Step "Execute Task" finished#
#2026 09 16 10:12:00.546#Z#DEBUG#d1c92348-b1b6-11f1-bf33-eeee0a8e3dbc.OPERATION#flowable-async-job-executor-thread-15980#
[IncrementIndexStep] Executing task "incrementTaskIndexTask" of process "027b918f-b1b7-11f1-bf33-eeee0a8e3dbc"...#
#2026 09 16 10:12:00.550#Z#DEBUG#d1c92348-b1b6-11f1-bf33-eeee0a8e3dbc.OPERATION#flowable-async-job-executor-thread-15980#
Step "Increment Task Index" finished#
#2026 09 16 10:12:00.645#Z#DEBUG#d1c92348-b1b6-11f1-bf33-eeee0a8e3dbc.OPERATION#flowable-async-job-executor-thread-15980#
[PublishConfigurationEntriesStep] Executing task "publishProvidedDependenciesTask" of process "de76fc2b-b1b6-11f1-8fe4-eeee0a80bcf5"...#
#2026 09 16 10:12:00.646#Z#DEBUG#d1c92348-b1b6-11f1-bf33-eeee0a8e3dbc.OPERATION#flowable-async-job-executor-thread-15980#
[PublishConfigurationEntriesStep] Publishing public provided dependencies for application "AiCap-db-deployer"...#
#2026 09 16 10:12:00.648#Z#DEBUG#d1c92348-b1b6-11f1-bf33-eeee0a8e3dbc.OPERATION#flowable-async-job-executor-thread-15980#
[PublishConfigurationEntriesStep] No public provided dependencies for publishing#
#2026 09 16 10:12:00.648#Z#DEBUG#d1c92348-b1b6-11f1-bf33-eeee0a8e3dbc.OPERATION#flowable-async-job-executor-thread-15980#
Step "Publish Provided Dependencies" finished#
#2026 09 16 10:12:00.693#Z#DEBUG#d1c92348-b1b6-11f1-bf33-eeee0a8e3dbc.OPERATION#flowable-async-job-executor-thread-15980#
[CreateOrUpdateServiceBrokerStep] Executing task "createOrUpdateServiceBrokerTask" of process "de76fc2b-b1b6-11f1-8fe4-eeee0a80bcf5"...#
#2026 09 16 10:12:00.695#Z#DEBUG#d1c92348-b1b6-11f1-bf33-eeee0a8e3dbc.OPERATION#flowable-async-job-executor-thread-15980#
[CreateOrUpdateServiceBrokerStep] Creating service brokers...#
#2026 09 16 10:12:00.696#Z#DEBUG#d1c92348-b1b6-11f1-bf33-eeee0a8e3dbc.OPERATION#flowable-async-job-executor-thread-15980#
Step "Create Or Update Service Broker " finished#
#2026 09 16 10:12:10.401#Z#DEBUG#d1c92348-b1b6-11f1-bf33-eeee0a8e3dbc.OPERATION#flowable-async-job-executor-thread-15987#
[RestartAppStep] Executing task "startAppTask" of process "0e7165de-b1b7-11f1-9a6f-eeee0a885f50"...#
#2026 09 16 10:12:10.404#Z#DEBUG#d1c92348-b1b6-11f1-bf33-eeee0a8e3dbc.OPERATION#flowable-async-job-executor-thread-15987#
[RestartAppStep] Application start timeout is default one: 3,600 seconds#
#2026 09 16 10:12:10.405#Z#DEBUG#d1c92348-b1b6-11f1-bf33-eeee0a8e3dbc.OPERATION#flowable-async-job-executor-thread-15987#
[RestartAppStep] Checking status of application "AiCap-srv"...#
#2026 09 16 10:12:10.406#Z#DEBUG#d1c92348-b1b6-11f1-bf33-eeee0a8e3dbc.OPERATION#flowable-async-job-executor-thread-15987#
[RestartAppStep] Getting instances for application "AiCap-srv"...#
#2026 09 16 10:12:10.448#Z#DEBUG#d1c92348-b1b6-11f1-bf33-eeee0a8e3dbc.OPERATION#flowable-async-job-executor-thread-15987#
[RestartAppStep] Application "AiCap-srv": 0 of 1 instances running (1 crashed)#
#2026 09 16 10:12:10.485#Z#ERROR#d1c92348-b1b6-11f1-bf33-eeee0a8e3dbc.OPERATION#flowable-async-job-executor-thread-15987#
[RestartAppStep] Error starting application "AiCap-srv": Some instances have crashed. Check the application logs of your application for details.#
#2026 09 16 10:12:10.492#Z#INFO#d1c92348-b1b6-11f1-bf33-eeee0a8e3dbc.OPERATION#flowable-async-job-executor-thread-15987#
[RestartAppStep] Download the MTA operation logs for more details.#
#2026 09 16 10:12:10.496#Z#DEBUG#d1c92348-b1b6-11f1-bf33-eeee0a8e3dbc.OPERATION#flowable-async-job-executor-thread-15987#
Step "Start App" finished#
#2026 09 16 10:12:11.541#Z#DEBUG#d1c92348-b1b6-11f1-bf33-eeee0a8e3dbc.OPERATION#flowable-async-job-executor-thread-13144#
[RestartAppStep] Executing task "startAppTask" of process "0e7165de-b1b7-11f1-9a6f-eeee0a885f50"...#
#2026 09 16 10:12:11.544#Z#DEBUG#d1c92348-b1b6-11f1-bf33-eeee0a8e3dbc.OPERATION#flowable-async-job-executor-thread-13144#
[RestartAppStep] Application start timeout is default one: 3,600 seconds#
#2026 09 16 10:12:11.553#Z#DEBUG#d1c92348-b1b6-11f1-bf33-eeee0a8e3dbc.OPERATION#flowable-async-job-executor-thread-13144#
[RestartAppStep] Getting application "AiCap-srv"...#
#2026 09 16 10:12:11.584#Z#INFO#d1c92348-b1b6-11f1-bf33-eeee0a8e3dbc.OPERATION#flowable-async-job-executor-thread-13144#
[RestartAppStep] Stopping application "AiCap-srv"...#
#2026 09 16 10:12:11.589#Z#DEBUG#d1c92348-b1b6-11f1-bf33-eeee0a8e3dbc.OPERATION#flowable-async-job-executor-thread-13144#
[RestartAppStep] Stopping application "AiCap-srv"...#
#2026 09 16 10:12:11.730#Z#INFO#d1c92348-b1b6-11f1-bf33-eeee0a8e3dbc.OPERATION#flowable-async-job-executor-thread-13144#
[RestartAppStep] Starting application "AiCap-srv"...#
#2026 09 16 10:12:11.735#Z#DEBUG#d1c92348-b1b6-11f1-bf33-eeee0a8e3dbc.OPERATION#flowable-async-job-executor-thread-13144#
[RestartAppStep] Starting application "AiCap-srv"...#
#2026 09 16 10:12:11.947#Z#DEBUG#d1c92348-b1b6-11f1-bf33-eeee0a8e3dbc.OPERATION#flowable-async-job-executor-thread-13144#
Step "Start App" finished#
#2026 09 16 10:12:20.477#Z#DEBUG#d1c92348-b1b6-11f1-bf33-eeee0a8e3dbc.OPERATION#flowable-async-job-executor-thread-15993#
[RestartAppStep] Executing task "startAppTask" of process "154a2bfe-b1b7-11f1-9a6f-eeee0a885f50"...#
#2026 09 16 10:12:20.481#Z#DEBUG#d1c92348-b1b6-11f1-bf33-eeee0a8e3dbc.OPERATION#flowable-async-job-executor-thread-15993#
[RestartAppStep] Application start timeout is default one: 3,600 seconds#
#2026 09 16 10:12:20.547#Z#DEBUG#d1c92348-b1b6-11f1-bf33-eeee0a8e3dbc.OPERATION#flowable-async-job-executor-thread-15993#
[RestartAppStep] Checking status of application "AiCap-srv"...#
#2026 09 16 10:12:20.549#Z#DEBUG#d1c92348-b1b6-11f1-bf33-eeee0a8e3dbc.OPERATION#flowable-async-job-executor-thread-15993#
[RestartAppStep] Getting instances for application "AiCap-srv"...#
#2026 09 16 10:12:20.631#Z#DEBUG#d1c92348-b1b6-11f1-bf33-eeee0a8e3dbc.OPERATION#flowable-async-job-executor-thread-15993#
[RestartAppStep] Application "AiCap-srv": 0 of 1 instances running (1 starting)#
#2026 09 16 10:12:20.706#Z#DEBUG#d1c92348-b1b6-11f1-bf33-eeee0a8e3dbc.OPERATION#flowable-async-job-executor-thread-15993#
Step "Start App" finished#
#2026 09 16 10:12:30.640#Z#DEBUG#d1c92348-b1b6-11f1-bf33-eeee0a8e3dbc.OPERATION#flowable-async-job-executor-thread-14130#
[RestartAppStep] Executing task "startAppTask" of process "1a82b10a-b1b7-11f1-bf33-eeee0a8e3dbc"...#
#2026 09 16 10:12:30.641#Z#DEBUG#d1c92348-b1b6-11f1-bf33-eeee0a8e3dbc.OPERATION#flowable-async-job-executor-thread-14130#
[RestartAppStep] Application start timeout is default one: 3,600 seconds#
#2026 09 16 10:12:30.642#Z#DEBUG#d1c92348-b1b6-11f1-bf33-eeee0a8e3dbc.OPERATION#flowable-async-job-executor-thread-14130#
[RestartAppStep] Checking status of application "AiCap-srv"...#
#2026 09 16 10:12:30.643#Z#DEBUG#d1c92348-b1b6-11f1-bf33-eeee0a8e3dbc.OPERATION#flowable-async-job-executor-thread-14130#
[RestartAppStep] Getting instances for application "AiCap-srv"...#
#2026 09 16 10:12:30.695#Z#DEBUG#d1c92348-b1b6-11f1-bf33-eeee0a8e3dbc.OPERATION#flowable-async-job-executor-thread-14130#
[RestartAppStep] Application "AiCap-srv": 0 of 1 instances running (1 starting)#
#2026 09 16 10:12:30.765#Z#DEBUG#d1c92348-b1b6-11f1-bf33-eeee0a8e3dbc.OPERATION#flowable-async-job-executor-thread-14130#
Step "Start App" finished#
#2026 09 16 10:12:40.653#Z#DEBUG#d1c92348-b1b6-11f1-bf33-eeee0a8e3dbc.OPERATION#flowable-async-job-executor-thread-13154#
[RestartAppStep] Executing task "startAppTask" of process "2082cb23-b1b7-11f1-8fe4-eeee0a80bcf5"...#
#2026 09 16 10:12:40.656#Z#DEBUG#d1c92348-b1b6-11f1-bf33-eeee0a8e3dbc.OPERATION#flowable-async-job-executor-thread-13154#
[RestartAppStep] Application start timeout is default one: 3,600 seconds#
#2026 09 16 10:12:40.657#Z#DEBUG#d1c92348-b1b6-11f1-bf33-eeee0a8e3dbc.OPERATION#flowable-async-job-executor-thread-13154#
[RestartAppStep] Checking status of application "AiCap-srv"...#
#2026 09 16 10:12:40.659#Z#DEBUG#d1c92348-b1b6-11f1-bf33-eeee0a8e3dbc.OPERATION#flowable-async-job-executor-thread-13154#
[RestartAppStep] Getting instances for application "AiCap-srv"...#
#2026 09 16 10:12:40.710#Z#DEBUG#d1c92348-b1b6-11f1-bf33-eeee0a8e3dbc.OPERATION#flowable-async-job-executor-thread-13154#
[RestartAppStep] Application "AiCap-srv": 0 of 1 instances running (1 starting)#
#2026 09 16 10:12:40.789#Z#DEBUG#d1c92348-b1b6-11f1-bf33-eeee0a8e3dbc.OPERATION#flowable-async-job-executor-thread-13154#
Step "Start App" finished#
#2026 09 16 10:12:50.815#Z#DEBUG#d1c92348-b1b6-11f1-bf33-eeee0a8e3dbc.OPERATION#flowable-async-job-executor-thread-13162#
[RestartAppStep] Executing task "startAppTask" of process "267c0740-b1b7-11f1-9a6f-eeee0a885f50"...#
#2026 09 16 10:12:50.817#Z#DEBUG#d1c92348-b1b6-11f1-bf33-eeee0a8e3dbc.OPERATION#flowable-async-job-executor-thread-13162#
[RestartAppStep] Application start timeout is default one: 3,600 seconds#
#2026 09 16 10:12:50.818#Z#DEBUG#d1c92348-b1b6-11f1-bf33-eeee0a8e3dbc.OPERATION#flowable-async-job-executor-thread-13162#
[RestartAppStep] Checking status of application "AiCap-srv"...#
#2026 09 16 10:12:50.819#Z#DEBUG#d1c92348-b1b6-11f1-bf33-eeee0a8e3dbc.OPERATION#flowable-async-job-executor-thread-13162#
[RestartAppStep] Getting instances for application "AiCap-srv"...#
#2026 09 16 10:12:50.861#Z#DEBUG#d1c92348-b1b6-11f1-bf33-eeee0a8e3dbc.OPERATION#flowable-async-job-executor-thread-13162#
[RestartAppStep] Application "AiCap-srv": 0 of 1 instances running (1 crashed)#
#2026 09 16 10:12:50.909#Z#ERROR#d1c92348-b1b6-11f1-bf33-eeee0a8e3dbc.OPERATION#flowable-async-job-executor-thread-13162#
[RestartAppStep] Error starting application "AiCap-srv": Some instances have crashed. Check the application logs of your application for details.#
#2026 09 16 10:12:50.917#Z#INFO#d1c92348-b1b6-11f1-bf33-eeee0a8e3dbc.OPERATION#flowable-async-job-executor-thread-13162#
[RestartAppStep] Download the MTA operation logs for more details.#
#2026 09 16 10:12:50.921#Z#DEBUG#d1c92348-b1b6-11f1-bf33-eeee0a8e3dbc.OPERATION#flowable-async-job-executor-thread-13162#
Step "Start App" finished#
#2026 09 16 10:12:54.245#Z#DEBUG#d1c92348-b1b6-11f1-bf33-eeee0a8e3dbc.OPERATION#flowable-async-job-executor-thread-13165#
[RestartAppStep] Executing task "startAppTask" of process "267c0740-b1b7-11f1-9a6f-eeee0a885f50"...#
#2026 09 16 10:12:54.248#Z#DEBUG#d1c92348-b1b6-11f1-bf33-eeee0a8e3dbc.OPERATION#flowable-async-job-executor-thread-13165#
[RestartAppStep] Application start timeout is default one: 3,600 seconds#
#2026 09 16 10:12:54.326#Z#DEBUG#d1c92348-b1b6-11f1-bf33-eeee0a8e3dbc.OPERATION#flowable-async-job-executor-thread-13165#
[RestartAppStep] Getting application "AiCap-srv"...#
#2026 09 16 10:12:54.369#Z#INFO#d1c92348-b1b6-11f1-bf33-eeee0a8e3dbc.OPERATION#flowable-async-job-executor-thread-13165#
[RestartAppStep] Stopping application "AiCap-srv"...#
#2026 09 16 10:12:54.374#Z#DEBUG#d1c92348-b1b6-11f1-bf33-eeee0a8e3dbc.OPERATION#flowable-async-job-executor-thread-13165#
[RestartAppStep] Stopping application "AiCap-srv"...#
#2026 09 16 10:12:54.519#Z#INFO#d1c92348-b1b6-11f1-bf33-eeee0a8e3dbc.OPERATION#flowable-async-job-executor-thread-13165#
[RestartAppStep] Starting application "AiCap-srv"...#
#2026 09 16 10:12:54.525#Z#DEBUG#d1c92348-b1b6-11f1-bf33-eeee0a8e3dbc.OPERATION#flowable-async-job-executor-thread-13165#
[RestartAppStep] Starting application "AiCap-srv"...#
#2026 09 16 10:12:54.759#Z#DEBUG#d1c92348-b1b6-11f1-bf33-eeee0a8e3dbc.OPERATION#flowable-async-job-executor-thread-13165#
Step "Start App" finished#
#2026 09 16 10:13:00.904#Z#DEBUG#d1c92348-b1b6-11f1-bf33-eeee0a8e3dbc.OPERATION#flowable-async-job-executor-thread-13167#
[RestartAppStep] Executing task "startAppTask" of process "2eceead2-b1b7-11f1-9a6f-eeee0a885f50"...#
#2026 09 16 10:13:00.907#Z#DEBUG#d1c92348-b1b6-11f1-bf33-eeee0a8e3dbc.OPERATION#flowable-async-job-executor-thread-13167#
[RestartAppStep] Application start timeout is default one: 3,600 seconds#
#2026 09 16 10:13:00.908#Z#DEBUG#d1c92348-b1b6-11f1-bf33-eeee0a8e3dbc.OPERATION#flowable-async-job-executor-thread-13167#
[RestartAppStep] Checking status of application "AiCap-srv"...#
#2026 09 16 10:13:00.909#Z#DEBUG#d1c92348-b1b6-11f1-bf33-eeee0a8e3dbc.OPERATION#flowable-async-job-executor-thread-13167#
[RestartAppStep] Getting instances for application "AiCap-srv"...#
#2026 09 16 10:13:00.961#Z#DEBUG#d1c92348-b1b6-11f1-bf33-eeee0a8e3dbc.OPERATION#flowable-async-job-executor-thread-13167#
[RestartAppStep] Application "AiCap-srv": 0 of 1 instances running (1 starting)#
#2026 09 16 10:13:01.027#Z#DEBUG#d1c92348-b1b6-11f1-bf33-eeee0a8e3dbc.OPERATION#flowable-async-job-executor-thread-13167#
Step "Start App" finished#
#2026 09 16 10:13:10.955#Z#DEBUG#d1c92348-b1b6-11f1-bf33-eeee0a8e3dbc.OPERATION#flowable-async-job-executor-thread-13177#
[RestartAppStep] Executing task "startAppTask" of process "328b7e30-b1b7-11f1-9a6f-eeee0a885f50"...#
#2026 09 16 10:13:10.957#Z#DEBUG#d1c92348-b1b6-11f1-bf33-eeee0a8e3dbc.OPERATION#flowable-async-job-executor-thread-13177#
[RestartAppStep] Application start timeout is default one: 3,600 seconds#
#2026 09 16 10:13:10.958#Z#DEBUG#d1c92348-b1b6-11f1-bf33-eeee0a8e3dbc.OPERATION#flowable-async-job-executor-thread-13177#
[RestartAppStep] Checking status of application "AiCap-srv"...#
#2026 09 16 10:13:10.959#Z#DEBUG#d1c92348-b1b6-11f1-bf33-eeee0a8e3dbc.OPERATION#flowable-async-job-executor-thread-13177#
[RestartAppStep] Getting instances for application "AiCap-srv"...#
#2026 09 16 10:13:11.014#Z#DEBUG#d1c92348-b1b6-11f1-bf33-eeee0a8e3dbc.OPERATION#flowable-async-job-executor-thread-13177#
[RestartAppStep] Application "AiCap-srv": 0 of 1 instances running (1 starting)#
#2026 09 16 10:13:11.078#Z#DEBUG#d1c92348-b1b6-11f1-bf33-eeee0a8e3dbc.OPERATION#flowable-async-job-executor-thread-13177#
Step "Start App" finished#
#2026 09 16 10:13:21.036#Z#DEBUG#d1c92348-b1b6-11f1-bf33-eeee0a8e3dbc.OPERATION#flowable-async-job-executor-thread-13185#
[RestartAppStep] Executing task "startAppTask" of process "38894e99-b1b7-11f1-9a6f-eeee0a885f50"...#
#2026 09 16 10:13:21.039#Z#DEBUG#d1c92348-b1b6-11f1-bf33-eeee0a8e3dbc.OPERATION#flowable-async-job-executor-thread-13185#
[RestartAppStep] Application start timeout is default one: 3,600 seconds#
#2026 09 16 10:13:21.040#Z#DEBUG#d1c92348-b1b6-11f1-bf33-eeee0a8e3dbc.OPERATION#flowable-async-job-executor-thread-13185#
[RestartAppStep] Checking status of application "AiCap-srv"...#
#2026 09 16 10:13:21.042#Z#DEBUG#d1c92348-b1b6-11f1-bf33-eeee0a8e3dbc.OPERATION#flowable-async-job-executor-thread-13185#
[RestartAppStep] Getting instances for application "AiCap-srv"...#
#2026 09 16 10:13:21.082#Z#DEBUG#d1c92348-b1b6-11f1-bf33-eeee0a8e3dbc.OPERATION#flowable-async-job-executor-thread-13185#
[RestartAppStep] Application "AiCap-srv": 0 of 1 instances running (1 starting)#
#2026 09 16 10:13:21.144#Z#DEBUG#d1c92348-b1b6-11f1-bf33-eeee0a8e3dbc.OPERATION#flowable-async-job-executor-thread-13185#
Step "Start App" finished#
#2026 09 16 10:13:31.129#Z#DEBUG#d1c92348-b1b6-11f1-bf33-eeee0a8e3dbc.OPERATION#flowable-async-job-executor-thread-16046#
[RestartAppStep] Executing task "startAppTask" of process "3e891ad5-b1b7-11f1-9a6f-eeee0a885f50"...#
#2026 09 16 10:13:31.134#Z#DEBUG#d1c92348-b1b6-11f1-bf33-eeee0a8e3dbc.OPERATION#flowable-async-job-executor-thread-16046#
[RestartAppStep] Application start timeout is default one: 3,600 seconds#
#2026 09 16 10:13:31.136#Z#DEBUG#d1c92348-b1b6-11f1-bf33-eeee0a8e3dbc.OPERATION#flowable-async-job-executor-thread-16046#
[RestartAppStep] Checking status of application "AiCap-srv"...#
#2026 09 16 10:13:31.137#Z#DEBUG#d1c92348-b1b6-11f1-bf33-eeee0a8e3dbc.OPERATION#flowable-async-job-executor-thread-16046#
[RestartAppStep] Getting instances for application "AiCap-srv"...#
#2026 09 16 10:13:31.199#Z#DEBUG#d1c92348-b1b6-11f1-bf33-eeee0a8e3dbc.OPERATION#flowable-async-job-executor-thread-16046#
[RestartAppStep] Application "AiCap-srv": 0 of 1 instances running (1 starting)#
#2026 09 16 10:13:31.272#Z#DEBUG#d1c92348-b1b6-11f1-bf33-eeee0a8e3dbc.OPERATION#flowable-async-job-executor-thread-16046#
Step "Start App" finished#
#2026 09 16 10:13:41.294#Z#DEBUG#d1c92348-b1b6-11f1-bf33-eeee0a8e3dbc.OPERATION#flowable-async-job-executor-thread-13198#
[RestartAppStep] Executing task "startAppTask" of process "4492aae9-b1b7-11f1-bf33-eeee0a8e3dbc"...#
#2026 09 16 10:13:41.297#Z#DEBUG#d1c92348-b1b6-11f1-bf33-eeee0a8e3dbc.OPERATION#flowable-async-job-executor-thread-13198#
[RestartAppStep] Application start timeout is default one: 3,600 seconds#
#2026 09 16 10:13:41.298#Z#DEBUG#d1c92348-b1b6-11f1-bf33-eeee0a8e3dbc.OPERATION#flowable-async-job-executor-thread-13198#
[RestartAppStep] Checking status of application "AiCap-srv"...#
#2026 09 16 10:13:41.300#Z#DEBUG#d1c92348-b1b6-11f1-bf33-eeee0a8e3dbc.OPERATION#flowable-async-job-executor-thread-13198#
[RestartAppStep] Getting instances for application "AiCap-srv"...#
#2026 09 16 10:13:41.349#Z#DEBUG#d1c92348-b1b6-11f1-bf33-eeee0a8e3dbc.OPERATION#flowable-async-job-executor-thread-13198#
[RestartAppStep] Application "AiCap-srv": 0 of 1 instances running (1 crashed)#
#2026 09 16 10:13:41.406#Z#ERROR#d1c92348-b1b6-11f1-bf33-eeee0a8e3dbc.OPERATION#flowable-async-job-executor-thread-13198#
[RestartAppStep] Error starting application "AiCap-srv": Some instances have crashed. Check the application logs of your application for details.#
#2026 09 16 10:13:41.412#Z#INFO#d1c92348-b1b6-11f1-bf33-eeee0a8e3dbc.OPERATION#flowable-async-job-executor-thread-13198#
[RestartAppStep] Download the MTA operation logs for more details.#
#2026 09 16 10:13:41.417#Z#DEBUG#d1c92348-b1b6-11f1-bf33-eeee0a8e3dbc.OPERATION#flowable-async-job-executor-thread-13198#
Step "Start App" finished#
#2026 09 16 10:13:43.135#Z#DEBUG#d1c92348-b1b6-11f1-bf33-eeee0a8e3dbc.OPERATION#flowable-async-job-executor-thread-16054#
[RestartAppStep] Executing task "startAppTask" of process "4492aae9-b1b7-11f1-bf33-eeee0a8e3dbc"...#
#2026 09 16 10:13:43.138#Z#DEBUG#d1c92348-b1b6-11f1-bf33-eeee0a8e3dbc.OPERATION#flowable-async-job-executor-thread-16054#
[RestartAppStep] Application start timeout is default one: 3,600 seconds#
#2026 09 16 10:13:43.146#Z#DEBUG#d1c92348-b1b6-11f1-bf33-eeee0a8e3dbc.OPERATION#flowable-async-job-executor-thread-16054#
[RestartAppStep] Getting application "AiCap-srv"...#
#2026 09 16 10:13:43.180#Z#INFO#d1c92348-b1b6-11f1-bf33-eeee0a8e3dbc.OPERATION#flowable-async-job-executor-thread-16054#
[RestartAppStep] Stopping application "AiCap-srv"...#
#2026 09 16 10:13:43.185#Z#DEBUG#d1c92348-b1b6-11f1-bf33-eeee0a8e3dbc.OPERATION#flowable-async-job-executor-thread-16054#
[RestartAppStep] Stopping application "AiCap-srv"...#
#2026 09 16 10:13:43.343#Z#INFO#d1c92348-b1b6-11f1-bf33-eeee0a8e3dbc.OPERATION#flowable-async-job-executor-thread-16054#
[RestartAppStep] Starting application "AiCap-srv"...#
#2026 09 16 10:13:43.349#Z#DEBUG#d1c92348-b1b6-11f1-bf33-eeee0a8e3dbc.OPERATION#flowable-async-job-executor-thread-16054#
[RestartAppStep] Starting application "AiCap-srv"...#
#2026 09 16 10:13:43.590#Z#DEBUG#d1c92348-b1b6-11f1-bf33-eeee0a8e3dbc.OPERATION#flowable-async-job-executor-thread-16054#
Step "Start App" finished#
#2026 09 16 10:13:51.341#Z#DEBUG#d1c92348-b1b6-11f1-bf33-eeee0a8e3dbc.OPERATION#flowable-async-job-executor-thread-14184#
[RestartAppStep] Executing task "startAppTask" of process "4be9a1f8-b1b7-11f1-bf33-eeee0a8e3dbc"...#
#2026 09 16 10:13:51.343#Z#DEBUG#d1c92348-b1b6-11f1-bf33-eeee0a8e3dbc.OPERATION#flowable-async-job-executor-thread-14184#
[RestartAppStep] Application start timeout is default one: 3,600 seconds#
#2026 09 16 10:13:51.344#Z#DEBUG#d1c92348-b1b6-11f1-bf33-eeee0a8e3dbc.OPERATION#flowable-async-job-executor-thread-14184#
[RestartAppStep] Checking status of application "AiCap-srv"...#
#2026 09 16 10:13:51.345#Z#DEBUG#d1c92348-b1b6-11f1-bf33-eeee0a8e3dbc.OPERATION#flowable-async-job-executor-thread-14184#
[RestartAppStep] Getting instances for application "AiCap-srv"...#
#2026 09 16 10:13:51.413#Z#DEBUG#d1c92348-b1b6-11f1-bf33-eeee0a8e3dbc.OPERATION#flowable-async-job-executor-thread-14184#
[RestartAppStep] Application "AiCap-srv": 0 of 1 instances running (1 starting)#
#2026 09 16 10:13:51.454#Z#DEBUG#d1c92348-b1b6-11f1-bf33-eeee0a8e3dbc.OPERATION#flowable-async-job-executor-thread-14184#
Step "Start App" finished#
#2026 09 16 10:14:01.473#Z#DEBUG#d1c92348-b1b6-11f1-bf33-eeee0a8e3dbc.OPERATION#flowable-async-job-executor-thread-16070#
[RestartAppStep] Executing task "startAppTask" of process "509a3223-b1b7-11f1-8fe4-eeee0a80bcf5"...#
#2026 09 16 10:14:01.476#Z#DEBUG#d1c92348-b1b6-11f1-bf33-eeee0a8e3dbc.OPERATION#flowable-async-job-executor-thread-16070#
[RestartAppStep] Application start timeout is default one: 3,600 seconds#
#2026 09 16 10:14:01.477#Z#DEBUG#d1c92348-b1b6-11f1-bf33-eeee0a8e3dbc.OPERATION#flowable-async-job-executor-thread-16070#
[RestartAppStep] Checking status of application "AiCap-srv"...#
#2026 09 16 10:14:01.478#Z#DEBUG#d1c92348-b1b6-11f1-bf33-eeee0a8e3dbc.OPERATION#flowable-async-job-executor-thread-16070#
[RestartAppStep] Getting instances for application "AiCap-srv"...#
#2026 09 16 10:14:01.538#Z#DEBUG#d1c92348-b1b6-11f1-bf33-eeee0a8e3dbc.OPERATION#flowable-async-job-executor-thread-16070#
[RestartAppStep] Application "AiCap-srv": 0 of 1 instances running (1 starting)#
#2026 09 16 10:14:01.595#Z#DEBUG#d1c92348-b1b6-11f1-bf33-eeee0a8e3dbc.OPERATION#flowable-async-job-executor-thread-16070#
Step "Start App" finished#
#2026 09 16 10:14:11.534#Z#DEBUG#d1c92348-b1b6-11f1-bf33-eeee0a8e3dbc.OPERATION#flowable-async-job-executor-thread-14205#
[RestartAppStep] Executing task "startAppTask" of process "56a5be19-b1b7-11f1-bf33-eeee0a8e3dbc"...#
#2026 09 16 10:14:11.537#Z#DEBUG#d1c92348-b1b6-11f1-bf33-eeee0a8e3dbc.OPERATION#flowable-async-job-executor-thread-14205#
[RestartAppStep] Application start timeout is default one: 3,600 seconds#
#2026 09 16 10:14:11.539#Z#DEBUG#d1c92348-b1b6-11f1-bf33-eeee0a8e3dbc.OPERATION#flowable-async-job-executor-thread-14205#
[RestartAppStep] Checking status of application "AiCap-srv"...#
#2026 09 16 10:14:11.540#Z#DEBUG#d1c92348-b1b6-11f1-bf33-eeee0a8e3dbc.OPERATION#flowable-async-job-executor-thread-14205#
[RestartAppStep] Getting instances for application "AiCap-srv"...#
#2026 09 16 10:14:11.580#Z#DEBUG#d1c92348-b1b6-11f1-bf33-eeee0a8e3dbc.OPERATION#flowable-async-job-executor-thread-14205#
[RestartAppStep] Application "AiCap-srv": 0 of 1 instances running (1 starting)#
#2026 09 16 10:14:11.634#Z#DEBUG#d1c92348-b1b6-11f1-bf33-eeee0a8e3dbc.OPERATION#flowable-async-job-executor-thread-14205#
Step "Start App" finished#
#2026 09 16 10:14:21.651#Z#DEBUG#d1c92348-b1b6-11f1-bf33-eeee0a8e3dbc.OPERATION#flowable-async-job-executor-thread-16086#
[RestartAppStep] Executing task "startAppTask" of process "5ca207a0-b1b7-11f1-8fe4-eeee0a80bcf5"...#
#2026 09 16 10:14:21.654#Z#DEBUG#d1c92348-b1b6-11f1-bf33-eeee0a8e3dbc.OPERATION#flowable-async-job-executor-thread-16086#
[RestartAppStep] Application start timeout is default one: 3,600 seconds#
#2026 09 16 10:14:21.655#Z#DEBUG#d1c92348-b1b6-11f1-bf33-eeee0a8e3dbc.OPERATION#flowable-async-job-executor-thread-16086#
[RestartAppStep] Checking status of application "AiCap-srv"...#
#2026 09 16 10:14:21.656#Z#DEBUG#d1c92348-b1b6-11f1-bf33-eeee0a8e3dbc.OPERATION#flowable-async-job-executor-thread-16086#
[RestartAppStep] Getting instances for application "AiCap-srv"...#
#2026 09 16 10:14:21.704#Z#DEBUG#d1c92348-b1b6-11f1-bf33-eeee0a8e3dbc.OPERATION#flowable-async-job-executor-thread-16086#
[RestartAppStep] Application "AiCap-srv": 0 of 1 instances running (1 starting)#
#2026 09 16 10:14:21.786#Z#DEBUG#d1c92348-b1b6-11f1-bf33-eeee0a8e3dbc.OPERATION#flowable-async-job-executor-thread-16086#
Step "Start App" finished#
#2026 09 16 10:14:31.732#Z#DEBUG#d1c92348-b1b6-11f1-bf33-eeee0a8e3dbc.OPERATION#flowable-async-job-executor-thread-16097#
[RestartAppStep] Executing task "startAppTask" of process "62ae08bb-b1b7-11f1-bf33-eeee0a8e3dbc"...#
#2026 09 16 10:14:31.734#Z#DEBUG#d1c92348-b1b6-11f1-bf33-eeee0a8e3dbc.OPERATION#flowable-async-job-executor-thread-16097#
[RestartAppStep] Application start timeout is default one: 3,600 seconds#
#2026 09 16 10:14:31.735#Z#DEBUG#d1c92348-b1b6-11f1-bf33-eeee0a8e3dbc.OPERATION#flowable-async-job-executor-thread-16097#
[RestartAppStep] Checking status of application "AiCap-srv"...#
#2026 09 16 10:14:31.736#Z#DEBUG#d1c92348-b1b6-11f1-bf33-eeee0a8e3dbc.OPERATION#flowable-async-job-executor-thread-16097#
[RestartAppStep] Getting instances for application "AiCap-srv"...#
#2026 09 16 10:14:31.790#Z#DEBUG#d1c92348-b1b6-11f1-bf33-eeee0a8e3dbc.OPERATION#flowable-async-job-executor-thread-16097#
[RestartAppStep] Application "AiCap-srv": 0 of 1 instances running (1 starting)#
#2026 09 16 10:14:31.820#Z#DEBUG#d1c92348-b1b6-11f1-bf33-eeee0a8e3dbc.OPERATION#flowable-async-job-executor-thread-16097#
Step "Start App" finished#
#2026 09 16 10:14:41.762#Z#DEBUG#d1c92348-b1b6-11f1-bf33-eeee0a8e3dbc.OPERATION#flowable-async-job-executor-thread-13230#
[RestartAppStep] Executing task "startAppTask" of process "68a96806-b1b7-11f1-bf33-eeee0a8e3dbc"...#
#2026 09 16 10:14:41.765#Z#DEBUG#d1c92348-b1b6-11f1-bf33-eeee0a8e3dbc.OPERATION#flowable-async-job-executor-thread-13230#
[RestartAppStep] Application start timeout is default one: 3,600 seconds#
#2026 09 16 10:14:41.832#Z#DEBUG#d1c92348-b1b6-11f1-bf33-eeee0a8e3dbc.OPERATION#flowable-async-job-executor-thread-13230#
[RestartAppStep] Checking status of application "AiCap-srv"...#
#2026 09 16 10:14:41.834#Z#DEBUG#d1c92348-b1b6-11f1-bf33-eeee0a8e3dbc.OPERATION#flowable-async-job-executor-thread-13230#
[RestartAppStep] Getting instances for application "AiCap-srv"...#
#2026 09 16 10:14:41.923#Z#DEBUG#d1c92348-b1b6-11f1-bf33-eeee0a8e3dbc.OPERATION#flowable-async-job-executor-thread-13230#
[RestartAppStep] Application "AiCap-srv": 0 of 1 instances running (1 starting)#
#2026 09 16 10:14:41.983#Z#DEBUG#d1c92348-b1b6-11f1-bf33-eeee0a8e3dbc.OPERATION#flowable-async-job-executor-thread-13230#
Step "Start App" finished#
#2026 09 16 10:14:51.857#Z#DEBUG#d1c92348-b1b6-11f1-bf33-eeee0a8e3dbc.OPERATION#flowable-async-job-executor-thread-16113#
[RestartAppStep] Executing task "startAppTask" of process "6eb7d940-b1b7-11f1-9a6f-eeee0a885f50"...#
#2026 09 16 10:14:51.861#Z#DEBUG#d1c92348-b1b6-11f1-bf33-eeee0a8e3dbc.OPERATION#flowable-async-job-executor-thread-16113#
[RestartAppStep] Application start timeout is default one: 3,600 seconds#
#2026 09 16 10:14:51.862#Z#DEBUG#d1c92348-b1b6-11f1-bf33-eeee0a8e3dbc.OPERATION#flowable-async-job-executor-thread-16113#
[RestartAppStep] Checking status of application "AiCap-srv"...#
#2026 09 16 10:14:51.864#Z#DEBUG#d1c92348-b1b6-11f1-bf33-eeee0a8e3dbc.OPERATION#flowable-async-job-executor-thread-16113#
[RestartAppStep] Getting instances for application "AiCap-srv"...#
#2026 09 16 10:14:51.906#Z#DEBUG#d1c92348-b1b6-11f1-bf33-eeee0a8e3dbc.OPERATION#flowable-async-job-executor-thread-16113#
[RestartAppStep] Application "AiCap-srv": 0 of 1 instances running (1 starting)#
#2026 09 16 10:14:51.965#Z#DEBUG#d1c92348-b1b6-11f1-bf33-eeee0a8e3dbc.OPERATION#flowable-async-job-executor-thread-16113#
Step "Start App" finished#
#2026 09 16 10:15:01.987#Z#DEBUG#d1c92348-b1b6-11f1-bf33-eeee0a8e3dbc.OPERATION#flowable-async-job-executor-thread-14238#
[RestartAppStep] Executing task "startAppTask" of process "74ac0ce7-b1b7-11f1-bf33-eeee0a8e3dbc"...#
#2026 09 16 10:15:01.989#Z#DEBUG#d1c92348-b1b6-11f1-bf33-eeee0a8e3dbc.OPERATION#flowable-async-job-executor-thread-14238#
[RestartAppStep] Application start timeout is default one: 3,600 seconds#
#2026 09 16 10:15:01.990#Z#DEBUG#d1c92348-b1b6-11f1-bf33-eeee0a8e3dbc.OPERATION#flowable-async-job-executor-thread-14238#
[RestartAppStep] Checking status of application "AiCap-srv"...#
#2026 09 16 10:15:01.991#Z#DEBUG#d1c92348-b1b6-11f1-bf33-eeee0a8e3dbc.OPERATION#flowable-async-job-executor-thread-14238#
[RestartAppStep] Getting instances for application "AiCap-srv"...#
#2026 09 16 10:15:02.030#Z#DEBUG#d1c92348-b1b6-11f1-bf33-eeee0a8e3dbc.OPERATION#flowable-async-job-executor-thread-14238#
[RestartAppStep] Application "AiCap-srv": 0 of 1 instances running (1 crashed)#
#2026 09 16 10:15:02.065#Z#ERROR#d1c92348-b1b6-11f1-bf33-eeee0a8e3dbc.OPERATION#flowable-async-job-executor-thread-14238#
[RestartAppStep] Error starting application "AiCap-srv": Some instances have crashed. Check the application logs of your application for details.#
#2026 09 16 10:15:02.071#Z#INFO#d1c92348-b1b6-11f1-bf33-eeee0a8e3dbc.OPERATION#flowable-async-job-executor-thread-14238#
[RestartAppStep] Download the MTA operation logs for more details.#
#2026 09 16 10:15:02.076#Z#DEBUG#d1c92348-b1b6-11f1-bf33-eeee0a8e3dbc.OPERATION#flowable-async-job-executor-thread-14238#
Step "Start App" finished#
